datetime,open,high,low,close,volume,trade_count,vwap
2022-08-16 12:00:00+00:00,427.92,427.92,427.57,427.57,400.0,2.0,427.745
2022-08-16 13:00:00+00:00,427.73,428.73,427.66,428.42,75640.0,621.0,428.238597
2022-08-16 14:00:00+00:00,428.35,428.47,426.895,427.495,116330.0,1121.0,427.82683
2022-08-16 15:00:00+00:00,427.645,430.33,427.49,430.21,145007.0,1438.0,428.966172
2022-08-16 16:00:00+00:00,430.145,430.515,429.64,429.78,63255.0,1115.0,430.103889
2022-08-16 17:00:00+00:00,429.83,431.05,429.69,430.975,61009.0,962.0,430.546785
2022-08-16 18:00:00+00:00,430.96,431.71,428.17,429.06,145004.0,1549.0,430.021037
2022-08-16 19:00:00+00:00,429.09,430.37,428.39,429.72,276915.0,2504.0,429.636224
2022-08-16 20:00:00+00:00,429.43,429.61,429.37,429.6,5400.0,20.0,429.435741
2022-08-17 12:00:00+00:00,425.92,426.08,425.72,426.08,2150.0,11.0,425.905714
2022-08-17 13:00:00+00:00,425.96,427.41,425.92,426.98,135782.0,860.0,426.529309
2022-08-17 14:00:00+00:00,426.9,427.5,425.41,425.49,138008.0,1109.0,426.204689
2022-08-17 15:00:00+00:00,425.5,426.49,424.565,425.015,147247.0,1086.0,425.619484
2022-08-17 16:00:00+00:00,424.95,426.805,424.95,426.56,77482.0,770.0,425.901033
2022-08-17 17:00:00+00:00,426.51,427.09,426.09,426.73,70391.0,767.0,426.648939
2022-08-17 18:00:00+00:00,426.69,429.48,426.37,427.99,185586.0,1308.0,428.25079
2022-08-17 19:00:00+00:00,427.7,428.33,426.18,426.67,197545.0,1627.0,426.887976
2022-08-17 20:00:00+00:00,426.64,426.92,426.64,426.92,600.0,2.0,426.686667
2022-08-18 12:00:00+00:00,427.27,427.27,427.12,427.22,900.0,4.0,427.185556
2022-08-18 13:00:00+00:00,427.09,427.09,425.825,426.01,68910.0,547.0,426.324125
2022-08-18 14:00:00+00:00,425.96,427.32,425.525,426.73,138102.0,1248.0,426.238924
2022-08-18 15:00:00+00:00,426.85,428.12,426.15,427.65,108143.0,1068.0,427.379462
2022-08-18 16:00:00+00:00,427.66,427.89,425.96,426.33,84570.0,1035.0,426.912509
2022-08-18 17:00:00+00:00,426.42,427.385,426.19,426.99,152424.0,1246.0,426.8526
2022-08-18 18:00:00+00:00,427.0,427.82,426.78,427.63,57840.0,903.0,427.210981
2022-08-18 19:00:00+00:00,427.59,428.6,427.29,427.82,229640.0,2273.0,427.961179
2022-08-18 20:00:00+00:00,427.95,427.95,427.67,427.72,2700.0,8.0,427.783704
2022-08-19 13:00:00+00:00,424.85,425.24,422.84,423.075,150144.0,1045.0,424.154396
2022-08-19 14:00:00+00:00,423.17,423.54,422.45,422.495,184798.0,1486.0,423.106871
2022-08-19 15:00:00+00:00,422.615,423.085,421.76,422.48,123881.0,1226.0,422.34914
2022-08-19 16:00:00+00:00,422.47,423.69,422.185,423.35,134749.0,1135.0,422.945864
2022-08-19 17:00:00+00:00,423.325,423.62,422.06,422.85,142501.0,1226.0,422.757724
2022-08-19 18:00:00+00:00,422.83,422.93,421.57,421.8,194975.0,1438.0,422.300596
2022-08-19 19:00:00+00:00,421.77,422.745,421.245,422.19,365710.0,2994.0,422.17804
2022-08-19 20:00:00+00:00,422.06,422.21,421.95,421.95,14852.0,92.0,422.094082
2022-08-22 12:00:00+00:00,417.29,417.29,417.25,417.25,400.0,2.0,417.27
2022-08-22 13:00:00+00:00,417.04,417.225,415.635,416.255,181497.0,1291.0,416.401804
2022-08-22 14:00:00+00:00,416.09,416.165,414.38,414.38,211659.0,1882.0,415.321834
2022-08-22 15:00:00+00:00,414.36,415.67,414.35,415.46,126053.0,1458.0,415.276657
2022-08-22 16:00:00+00:00,415.5,415.73,414.71,415.16,86721.0,1022.0,415.237001
2022-08-22 17:00:00+00:00,415.19,415.19,413.28,413.38,144033.0,1415.0,414.152153
2022-08-22 18:00:00+00:00,413.34,413.56,412.55,412.87,146626.0,1568.0,413.098751
2022-08-22 19:00:00+00:00,412.865,413.755,412.405,413.41,605879.0,5092.0,413.16437
2022-08-22 20:00:00+00:00,413.43,413.85,413.43,413.83,3300.0,15.0,413.637879
2022-08-23 12:00:00+00:00,413.62,413.62,413.62,413.62,300.0,2.0,413.62
2022-08-23 13:00:00+00:00,412.72,414.49,412.36,413.88,84282.0,760.0,413.508009
2022-08-23 14:00:00+00:00,413.885,415.405,412.81,412.89,325431.0,2434.0,414.348278
2022-08-23 15:00:00+00:00,412.9,413.55,412.055,412.97,107535.0,948.0,412.872206
2022-08-23 16:00:00+00:00,412.85,413.18,411.78,413.115,116930.0,781.0,412.498536
2022-08-23 17:00:00+00:00,413.03,413.59,412.08,412.47,75295.0,917.0,412.963024
2022-08-23 18:00:00+00:00,412.42,413.27,412.225,412.83,104749.0,1203.0,412.904781
2022-08-23 19:00:00+00:00,412.845,413.51,412.14,412.3,273386.0,3331.0,412.687957
2022-08-23 20:00:00+00:00,412.34,412.34,412.03,412.13,5275.0,37.0,412.160825
2022-08-24 13:00:00+00:00,412.03,412.64,411.47,412.3,101592.0,487.0,412.15851
2022-08-24 14:00:00+00:00,412.3,413.515,411.95,413.22,92489.0,1074.0,412.910455
2022-08-24 15:00:00+00:00,413.12,415.105,412.98,414.75,103017.0,1202.0,414.287143
2022-08-24 16:00:00+00:00,414.7,414.96,412.81,413.07,108755.0,1227.0,414.096276
2022-08-24 17:00:00+00:00,413.05,413.495,412.47,413.05,55328.0,587.0,412.900575
2022-08-24 18:00:00+00:00,413.16,413.45,412.725,413.4,87539.0,925.0,413.122948
2022-08-24 19:00:00+00:00,413.37,414.455,413.26,413.66,264418.0,2308.0,413.898156
2022-08-24 20:00:00+00:00,413.61,414.0,413.61,414.0,6723.0,21.0,413.772493
2022-08-25 12:00:00+00:00,415.23,415.35,415.23,415.34,700.0,3.0,415.312857
2022-08-25 13:00:00+00:00,415.35,416.48,414.15,416.35,78216.0,603.0,414.879712
2022-08-25 14:00:00+00:00,416.44,417.85,416.1,417.075,156959.0,1412.0,417.13228
2022-08-25 15:00:00+00:00,417.06,417.06,415.02,416.16,91451.0,1022.0,415.998827
2022-08-25 16:00:00+00:00,416.06,416.17,414.7,415.45,81014.0,880.0,415.459298
2022-08-25 17:00:00+00:00,415.41,416.97,415.28,416.755,71662.0,813.0,416.315861
2022-08-25 18:00:00+00:00,416.77,417.0,416.08,416.66,107977.0,1122.0,416.530131
2022-08-25 19:00:00+00:00,416.63,419.56,416.48,419.52,353160.0,3185.0,418.262123
2022-08-25 20:00:00+00:00,419.39,419.39,418.8,418.8,12653.0,30.0,419.015847
2022-08-26 13:00:00+00:00,419.73,419.73,418.1,419.13,102532.0,704.0,419.042819
2022-08-26 14:00:00+00:00,419.12,419.89,412.0,412.79,362835.0,2163.0,415.502227
2022-08-26 15:00:00+00:00,412.63,412.82,410.085,411.01,158537.0,1089.0,411.254228
2022-08-26 16:00:00+00:00,410.98,411.04,409.36,410.355,130988.0,966.0,410.060107
2022-08-26 17:00:00+00:00,410.23,410.655,408.905,409.09,138896.0,1128.0,409.617447
2022-08-26 18:00:00+00:00,409.14,409.325,407.355,407.48,164238.0,1257.0,408.252815
2022-08-26 19:00:00+00:00,407.435,407.91,405.29,405.35,553864.0,4127.0,406.249602
2022-08-26 20:00:00+00:00,405.02,405.3,404.02,404.02,4214.0,15.0,405.008261
2022-08-29 12:00:00+00:00,402.06,402.06,402.06,402.06,200.0,1.0,402.06
2022-08-29 13:00:00+00:00,402.22,404.14,401.53,402.94,198226.0,1595.0,402.899728
2022-08-29 14:00:00+00:00,402.85,404.46,401.2,401.43,257721.0,2624.0,402.817683
2022-08-29 15:00:00+00:00,401.51,403.49,401.29,403.335,246290.0,2234.0,402.288692
2022-08-29 16:00:00+00:00,403.45,405.27,403.13,404.685,115460.0,1330.0,404.031359
2022-08-29 17:00:00+00:00,404.655,405.82,403.87,405.1,152021.0,1443.0,404.650395
2022-08-29 18:00:00+00:00,405.115,405.115,403.685,404.63,107459.0,1306.0,404.342156
2022-08-29 19:00:00+00:00,404.69,405.58,402.43,402.63,353023.0,3262.0,403.731715
2022-08-29 20:00:00+00:00,402.74,402.98,402.44,402.98,28719.0,63.0,402.675817
2022-08-30 13:00:00+00:00,403.97,404.03,401.57,401.96,100922.0,587.0,402.687988
2022-08-30 14:00:00+00:00,401.75,402.37,396.39,398.36,313783.0,2625.0,398.867932
2022-08-30 15:00:00+00:00,398.38,399.6,397.83,398.79,202559.0,1712.0,398.64738
2022-08-30 16:00:00+00:00,398.69,399.91,397.45,398.04,189204.0,1294.0,398.766834
2022-08-30 17:00:00+00:00,397.99,398.365,396.01,397.39,155694.0,1432.0,397.14001
2022-08-30 18:00:00+00:00,397.38,398.06,396.85,397.33,139020.0,1322.0,397.388594
2022-08-30 19:00:00+00:00,397.35,399.37,397.09,398.17,481635.0,3947.0,398.105474
2022-08-30 20:00:00+00:00,398.16,398.24,398.11,398.16,4082.0,12.0,398.184139
2022-08-31 12:00:00+00:00,399.61,399.61,399.61,399.61,400.0,1.0,399.61
2022-08-31 13:00:00+00:00,399.92,401.21,398.215,399.7,149736.0,1160.0,399.883544
2022-08-31 14:00:00+00:00,399.67,399.72,397.6,398.18,129917.0,1274.0,398.839922
2022-08-31 15:00:00+00:00,398.265,399.28,396.77,398.96,145528.0,1322.0,397.886797
2022-08-31 16:00:00+00:00,399.03,399.14,397.28,397.68,106052.0,1053.0,398.264201
2022-08-31 17:00:00+00:00,397.69,398.34,396.18,396.81,89458.0,947.0,397.005438
2022-08-31 18:00:00+00:00,396.685,397.205,395.26,395.89,163585.0,1570.0,396.308779
2022-08-31 19:00:00+00:00,395.86,397.925,395.05,395.11,684356.0,4678.0,396.509553
2022-08-31 20:00:00+00:00,395.29,395.68,395.15,395.63,15825.0,119.0,395.512432
2022-09-01 12:00:00+00:00,392.85,392.93,392.85,392.87,1100.0,4.0,392.89
2022-09-01 13:00:00+00:00,392.48,393.43,391.96,392.83,192081.0,1434.0,392.653869
2022-09-01 14:00:00+00:00,392.79,393.25,390.14,390.39,353492.0,2666.0,391.47471
2022-09-01 15:00:00+00:00,390.32,392.615,390.06,391.18,173007.0,1812.0,391.191095
2022-09-01 16:00:00+00:00,391.33,392.29,390.32,390.73,100383.0,1168.0,391.487275
2022-09-01 17:00:00+00:00,390.675,393.12,390.54,392.11,158737.0,1506.0,392.2064
2022-09-01 18:00:00+00:00,392.26,395.0,391.83,394.27,192195.0,1774.0,393.780573
2022-09-01 19:00:00+00:00,394.24,396.78,393.66,396.33,489268.0,4102.0,395.23064
2022-09-01 20:00:00+00:00,396.34,396.45,396.05,396.05,12035.0,16.0,396.25365
2022-09-02 12:00:00+00:00,398.88,398.88,398.88,398.88,300.0,2.0,398.88
2022-09-02 13:00:00+00:00,400.17,400.42,397.7,398.02,233982.0,1344.0,398.643224
2022-09-02 14:00:00+00:00,398.02,401.55,397.03,400.365,295306.0,2630.0,399.250041
2022-09-02 15:00:00+00:00,400.435,401.38,400.14,401.22,173180.0,1940.0,400.836629
2022-09-02 16:00:00+00:00,401.21,401.36,395.84,396.57,191849.0,1532.0,398.389273
2022-09-02 17:00:00+00:00,396.33,396.33,392.25,392.38,261282.0,1741.0,393.907132
2022-09-02 18:00:00+00:00,392.36,394.0,392.33,392.57,246375.0,2485.0,393.181387
2022-09-02 19:00:00+00:00,392.57,394.01,390.335,392.19,713069.0,5480.0,391.771884
2022-09-02 20:00:00+00:00,392.46,393.1,392.46,393.0,6255.0,30.0,392.723353
2022-09-06 13:00:00+00:00,393.15,394.12,390.53,391.69,197071.0,1611.0,392.32223
2022-09-06 14:00:00+00:00,391.53,393.715,388.475,393.38,302674.0,1809.0,391.194498
2022-09-06 15:00:00+00:00,392.94,394.0,391.835,393.38,102163.0,1039.0,392.932991
2022-09-06 16:00:00+00:00,393.445,393.71,390.43,391.58,106777.0,898.0,391.52261
2022-09-06 17:00:00+00:00,391.57,391.61,389.15,390.43,118406.0,1189.0,389.923354
2022-09-06 18:00:00+00:00,390.37,391.72,390.04,390.4,105158.0,1294.0,390.852302
2022-09-06 19:00:00+00:00,390.59,391.72,389.74,390.83,269730.0,2573.0,390.590256
2022-09-06 20:00:00+00:00,390.29,390.5,390.29,390.5,3300.0,2.0,390.372727
2022-09-07 13:00:00+00:00,390.41,392.72,390.3,391.75,144404.0,863.0,391.751803
2022-09-07 14:00:00+00:00,391.52,393.37,390.83,392.81,130488.0,1037.0,392.120612
2022-09-07 15:00:00+00:00,392.73,394.49,392.35,393.95,92974.0,993.0,393.86942
2022-09-07 16:00:00+00:00,393.945,395.13,392.85,394.71,95503.0,910.0,394.050781
2022-09-07 17:00:00+00:00,394.76,396.55,394.56,396.42,139815.0,1344.0,395.68718
2022-09-07 18:00:00+00:00,396.5,397.88,396.17,397.79,226226.0,1818.0,397.058694
2022-09-07 19:00:00+00:00,397.76,398.55,397.45,397.82,374214.0,3447.0,397.932168
2022-09-07 20:00:00+00:00,397.52,397.81,397.39,397.75,13000.0,54.0,397.577638
2022-09-08 13:00:00+00:00,396.02,397.63,394.17,397.25,365067.0,1606.0,395.576106
2022-09-08 14:00:00+00:00,397.325,399.98,395.81,399.92,232418.0,1806.0,398.077498
2022-09-08 15:00:00+00:00,399.905,400.85,399.2,399.52,244493.0,1992.0,400.165076
2022-09-08 16:00:00+00:00,399.66,399.69,395.06,397.92,353672.0,2101.0,396.716881
2022-09-08 17:00:00+00:00,397.92,399.86,397.145,399.03,183376.0,1437.0,398.916317
2022-09-08 18:00:00+00:00,399.07,400.07,398.33,398.55,229685.0,2514.0,399.238055
2022-09-08 19:00:00+00:00,398.67,400.43,397.91,400.375,282543.0,2272.0,399.225509
2022-09-08 20:00:00+00:00,400.64,400.9,400.64,400.9,6905.0,20.0,400.763247
2022-09-09 13:00:00+00:00,403.32,404.275,402.5,404.245,130774.0,743.0,403.390287
2022-09-09 14:00:00+00:00,404.3,406.19,404.195,405.94,288826.0,1863.0,405.20417
2022-09-09 15:00:00+00:00,406.01,406.09,404.83,405.645,120215.0,1201.0,405.442065
2022-09-09 16:00:00+00:00,405.43,405.99,404.35,405.96,116687.0,942.0,405.227374
2022-09-09 17:00:00+00:00,405.985,406.795,405.49,406.53,118181.0,1179.0,406.406556
2022-09-09 18:00:00+00:00,406.475,406.93,405.985,406.72,160885.0,1725.0,406.541894
2022-09-09 19:00:00+00:00,406.67,407.51,406.49,406.51,465688.0,3792.0,406.996166
2022-09-09 20:00:00+00:00,406.32,406.34,406.23,406.34,4152.0,20.0,406.29704
2022-09-12 13:00:00+00:00,408.77,411.03,408.5,411.03,162098.0,1362.0,409.59425
2022-09-12 14:00:00+00:00,411.05,411.71,410.31,410.435,233842.0,1746.0,411.045629
2022-09-12 15:00:00+00:00,410.49,411.19,408.69,409.2,126456.0,1289.0,410.181623
2022-09-12 16:00:00+00:00,409.22,410.27,408.51,410.27,109620.0,789.0,409.593114
2022-09-12 17:00:00+00:00,410.215,411.065,409.535,410.94,67916.0,901.0,410.592043
2022-09-12 18:00:00+00:00,410.87,410.98,409.46,410.25,88643.0,1096.0,410.174731
2022-09-12 19:00:00+00:00,410.215,411.05,409.79,411.02,256453.0,2247.0,410.442024
2022-09-12 20:00:00+00:00,411.17,411.61,410.9,411.61,8276.0,17.0,411.04123
2022-09-13 12:00:00+00:00,409.0,409.0,403.16,403.16,997.0,10.0,405.098519
2022-09-13 13:00:00+00:00,402.07,403.1,400.81,400.915,362939.0,1841.0,401.938363
2022-09-13 14:00:00+00:00,400.8,401.015,398.02,398.38,423480.0,3012.0,399.58071
2022-09-13 15:00:00+00:00,398.43,398.82,397.63,397.83,292645.0,2691.0,398.144835
2022-09-13 16:00:00+00:00,397.82,399.12,397.6,398.41,329085.0,3265.0,398.558762
2022-09-13 17:00:00+00:00,398.32,399.65,397.97,398.4,185331.0,2286.0,398.899037
2022-09-13 18:00:00+00:00,398.45,398.53,395.59,395.88,232769.0,2242.0,397.024747
2022-09-13 19:00:00+00:00,395.93,396.09,391.93,393.03,1116579.0,9828.0,393.51379
2022-09-13 20:00:00+00:00,393.36,393.79,393.2,393.2,8100.0,10.0,393.568518
2022-09-14 13:00:00+00:00,394.32,395.6,393.035,395.09,128186.0,1034.0,394.301951
2022-09-14 14:00:00+00:00,395.13,395.65,391.78,395.5,206320.0,1743.0,393.972725
2022-09-14 15:00:00+00:00,395.475,396.08,394.295,394.65,97295.0,964.0,395.168936
2022-09-14 16:00:00+00:00,394.695,395.65,394.05,395.25,64499.0,834.0,394.775358
2022-09-14 17:00:00+00:00,395.44,395.67,392.775,393.11,110555.0,1000.0,393.984585
2022-09-14 18:00:00+00:00,393.11,393.8,392.31,392.63,122575.0,1542.0,393.006152
2022-09-14 19:00:00+00:00,392.625,394.93,391.15,394.53,367748.0,3278.0,393.0729
2022-09-14 20:00:00+00:00,394.84,395.63,394.49,395.59,14562.0,78.0,394.930273
2022-09-15 13:00:00+00:00,392.99,395.34,392.3,395.135,200417.0,1120.0,393.828415
2022-09-15 14:00:00+00:00,395.24,395.92,391.17,391.31,254509.0,2156.0,393.610001
2022-09-15 15:00:00+00:00,391.33,392.54,390.4,390.98,212734.0,1310.0,391.502683
2022-09-15 16:00:00+00:00,390.94,392.17,390.33,392.135,127614.0,1071.0,391.390142
2022-09-15 17:00:00+00:00,392.175,394.53,392.175,392.85,221585.0,1573.0,393.429509
2022-09-15 18:00:00+00:00,392.74,392.74,390.75,390.95,137635.0,1386.0,391.863298
2022-09-15 19:00:00+00:00,390.835,391.15,388.81,390.19,448556.0,3659.0,389.854127
2022-09-15 20:00:00+00:00,390.49,390.88,388.86,388.94,17451.0,120.0,389.825611
2022-09-16 13:00:00+00:00,384.14,384.61,382.14,382.55,254425.0,1562.0,383.642986
2022-09-16 14:00:00+00:00,382.53,385.87,382.53,383.58,190242.0,1912.0,384.346249
2022-09-16 15:00:00+00:00,383.66,384.54,382.9,384.36,150151.0,1644.0,383.738019
2022-09-16 16:00:00+00:00,384.36,384.36,382.11,383.5,103732.0,1605.0,383.056694
2022-09-16 17:00:00+00:00,383.53,383.84,382.5,382.78,152474.0,1713.0,383.10192
2022-09-16 18:00:00+00:00,382.765,385.21,382.67,384.95,248870.0,2695.0,383.79416
2022-09-16 19:00:00+00:00,384.83,386.25,384.19,385.58,561600.0,5376.0,385.417384
2022-09-16 20:00:00+00:00,385.72,386.48,385.72,386.48,8320.0,44.0,386.081687
2022-09-19 13:00:00+00:00,383.23,385.46,382.18,384.85,143430.0,742.0,384.152362
2022-09-19 14:00:00+00:00,384.885,387.1,384.07,386.2,132083.0,1032.0,385.706284
2022-09-19 15:00:00+00:00,386.22,387.02,384.255,384.51,91522.0,828.0,385.449819
2022-09-19 16:00:00+00:00,384.85,386.25,384.01,386.155,59416.0,535.0,385.39364
2022-09-19 17:00:00+00:00,386.14,386.25,385.03,385.37,76467.0,864.0,385.650167
2022-09-19 18:00:00+00:00,385.52,385.88,384.72,385.86,71591.0,1233.0,385.387638
2022-09-19 19:00:00+00:00,385.95,388.52,385.95,388.515,314104.0,2693.0,387.905892
2022-09-19 20:00:00+00:00,388.72,389.27,388.56,388.98,8527.0,65.0,388.902656
2022-09-20 12:00:00+00:00,386.0,386.0,386.0,386.0,200.0,2.0,386.0
2022-09-20 13:00:00+00:00,385.58,385.58,383.445,383.85,126528.0,972.0,384.512909
2022-09-20 14:00:00+00:00,383.855,384.72,382.79,384.69,137571.0,1512.0,383.834289
2022-09-20 15:00:00+00:00,384.55,385.83,384.16,385.7,82613.0,1154.0,384.83302
2022-09-20 16:00:00+00:00,385.75,386.01,383.85,384.17,130484.0,1353.0,384.736212
2022-09-20 17:00:00+00:00,384.08,384.28,381.21,381.39,199206.0,1655.0,382.600871
2022-09-20 18:00:00+00:00,381.41,383.595,381.41,383.315,331580.0,3301.0,382.462329
2022-09-20 19:00:00+00:00,383.445,385.44,382.87,384.22,633144.0,6324.0,384.214409
2022-09-20 20:00:00+00:00,384.25,384.9,384.25,384.71,6000.0,40.0,384.546333
2022-09-21 12:00:00+00:00,385.8,385.8,385.8,385.8,300.0,1.0,385.8
2022-09-21 13:00:00+00:00,386.25,386.83,385.45,386.21,107561.0,707.0,386.053669
2022-09-21 14:00:00+00:00,386.22,387.235,385.61,385.985,89254.0,864.0,386.356096
2022-09-21 15:00:00+00:00,386.02,386.32,385.4,386.07,72334.0,891.0,385.919307
2022-09-21 16:00:00+00:00,385.99,386.81,385.82,385.92,68793.0,942.0,386.275986
2022-09-21 17:00:00+00:00,385.91,387.25,385.615,387.1,152569.0,1474.0,386.339597
2022-09-21 18:00:00+00:00,387.17,389.29,380.38,387.36,823423.0,4695.0,384.266339
2022-09-21 19:00:00+00:00,387.77,388.0,377.39,377.39,769938.0,5057.0,381.267056
2022-09-21 20:00:00+00:00,377.27,377.45,376.51,376.51,1700.0,9.0,377.111765
2022-09-22 12:00:00+00:00,378.94,379.11,378.7,378.7,1365.0,8.0,378.86
2022-09-22 13:00:00+00:00,378.02,378.02,374.465,374.93,258476.0,1455.0,375.81728
2022-09-22 14:00:00+00:00,374.88,376.56,373.99,374.1,238737.0,1793.0,375.236887
2022-09-22 15:00:00+00:00,373.995,375.34,373.495,374.46,119593.0,1116.0,374.400213
2022-09-22 16:00:00+00:00,374.44,375.99,374.17,375.17,122238.0,1585.0,375.154751
2022-09-22 17:00:00+00:00,375.16,375.77,373.97,375.47,82784.0,1453.0,374.918656
2022-09-22 18:00:00+00:00,375.44,375.62,373.76,375.33,120005.0,1607.0,374.625805
2022-09-22 19:00:00+00:00,375.475,377.5,374.135,374.29,335668.0,3406.0,376.020809
2022-09-22 20:00:00+00:00,374.11,374.57,374.11,374.56,8697.0,69.0,374.417007
2022-09-23 12:00:00+00:00,369.69,369.69,369.69,369.69,205.0,3.0,369.69
2022-09-23 13:00:00+00:00,369.06,370.88,367.735,367.79,203018.0,1274.0,369.077889
2022-09-23 14:00:00+00:00,367.72,368.78,367.37,367.465,228471.0,1981.0,368.031112
2022-09-23 15:00:00+00:00,367.45,368.81,366.24,366.92,109959.0,1465.0,367.545035
2022-09-23 16:00:00+00:00,366.82,366.85,364.86,366.69,214026.0,1925.0,365.793443
2022-09-23 17:00:00+00:00,366.63,367.18,365.49,366.23,156556.0,1669.0,366.237146
2022-09-23 18:00:00+00:00,366.1,366.625,363.3,363.46,310574.0,3540.0,364.540523
2022-09-23 19:00:00+00:00,363.48,368.235,363.42,368.19,911321.0,7490.0,366.621182
2022-09-23 20:00:00+00:00,368.11,368.11,367.91,367.91,1400.0,6.0,367.981429
2022-09-26 13:00:00+00:00,366.89,368.62,366.18,368.56,166942.0,1125.0,367.693924
2022-09-26 14:00:00+00:00,368.56,370.19,367.41,368.48,231019.0,2272.0,368.966977
2022-09-26 15:00:00+00:00,368.51,368.8,365.4,366.79,177629.0,1476.0,366.739525
2022-09-26 16:00:00+00:00,366.86,366.86,363.95,365.565,192504.0,1525.0,365.189773
2022-09-26 17:00:00+00:00,365.535,365.54,363.05,363.32,197890.0,1587.0,364.201809
2022-09-26 18:00:00+00:00,363.23,365.96,363.18,365.5,278654.0,2175.0,364.734088
2022-09-26 19:00:00+00:00,365.55,366.85,363.95,364.33,596869.0,4233.0,365.419479
2022-09-26 20:00:00+00:00,363.97,364.05,363.7,363.92,6100.0,61.0,363.951803
2022-09-27 12:00:00+00:00,369.33,369.33,368.59,368.59,800.0,5.0,369.054286
2022-09-27 13:00:00+00:00,368.09,370.38,367.705,368.38,199539.0,1207.0,368.982785
2022-09-27 14:00:00+00:00,368.54,368.925,365.92,368.37,203122.0,1417.0,367.336177
2022-09-27 15:00:00+00:00,368.3,368.52,364.02,364.05,197991.0,1173.0,365.746161
2022-09-27 16:00:00+00:00,363.97,364.135,361.2,362.73,259963.0,1993.0,362.49805
2022-09-27 17:00:00+00:00,362.66,362.67,360.93,361.74,143177.0,1373.0,361.751606
2022-09-27 18:00:00+00:00,361.63,364.56,361.36,364.0,169119.0,1283.0,362.90242
2022-09-27 19:00:00+00:00,363.84,364.02,362.1,363.395,325501.0,2858.0,363.238157
2022-09-27 20:00:00+00:00,363.0,363.62,363.0,363.6,6700.0,15.0,363.543285
2022-09-28 13:00:00+00:00,364.8,364.935,362.63,364.375,383700.0,1547.0,363.629867
2022-09-28 14:00:00+00:00,364.33,367.5,363.19,366.67,352599.0,2281.0,365.61817
2022-09-28 15:00:00+00:00,366.475,368.42,366.22,368.36,164277.0,1588.0,367.309372
2022-09-28 16:00:00+00:00,368.36,369.55,368.12,368.855,298473.0,1924.0,368.595656
2022-09-28 17:00:00+00:00,368.905,370.0,368.25,368.73,134272.0,1429.0,369.147993
2022-09-28 18:00:00+00:00,368.77,369.8,368.4,369.495,130750.0,1683.0,369.170816
2022-09-28 19:00:00+00:00,369.38,372.3,369.36,370.52,538836.0,5227.0,371.228669
2022-09-28 20:00:00+00:00,370.73,370.74,370.73,370.74,3100.0,3.0,370.734839
2022-09-29 13:00:00+00:00,366.81,367.04,362.91,363.21,293952.0,1952.0,364.617497
2022-09-29 14:00:00+00:00,363.22,363.27,360.64,362.575,328319.0,2164.0,361.708496
2022-09-29 15:00:00+00:00,362.46,364.615,362.14,364.05,156294.0,1355.0,363.123556
2022-09-29 16:00:00+00:00,363.97,364.4,362.195,362.32,123157.0,1037.0,363.02522
2022-09-29 17:00:00+00:00,362.25,362.37,360.45,360.49,195493.0,1603.0,361.659985
2022-09-29 18:00:00+00:00,360.51,361.57,359.72,359.93,247561.0,2766.0,360.458509
2022-09-29 19:00:00+00:00,359.89,363.25,359.89,362.76,868808.0,7153.0,362.292825
2022-09-29 20:00:00+00:00,362.99,363.26,362.99,363.15,16209.0,28.0,363.158433
2022-09-30 13:00:00+00:00,362.7,363.66,360.19,363.08,300167.0,1316.0,361.707417
2022-09-30 14:00:00+00:00,363.3,364.51,361.63,364.14,388534.0,2635.0,363.174106
2022-09-30 15:00:00+00:00,364.37,365.82,362.76,362.98,284206.0,2204.0,364.549805
2022-09-30 16:00:00+00:00,362.97,363.38,361.82,362.68,174078.0,1487.0,362.744391
2022-09-30 17:00:00+00:00,362.68,362.97,360.68,361.24,143818.0,1591.0,361.705415
2022-09-30 18:00:00+00:00,360.88,361.76,359.14,359.35,450327.0,4728.0,360.342147
2022-09-30 19:00:00+00:00,359.33,360.74,357.11,357.21,1066186.0,8005.0,358.705169
2022-09-30 20:00:00+00:00,357.6,358.46,357.6,358.0,9304.0,63.0,358.174567
2022-10-03 13:00:00+00:00,361.29,361.52,359.335,360.63,191803.0,827.0,360.615457
2022-10-03 14:00:00+00:00,361.11,364.95,361.07,364.32,235215.0,1478.0,363.768734
2022-10-03 15:00:00+00:00,364.35,365.44,363.45,363.81,134052.0,1294.0,364.450128
2022-10-03 16:00:00+00:00,363.88,364.93,363.4,364.285,60731.0,655.0,364.115142
2022-10-03 17:00:00+00:00,364.28,366.16,364.23,365.66,106988.0,1497.0,365.376005
2022-10-03 18:00:00+00:00,365.72,368.54,365.685,368.11,270020.0,2743.0,367.364983
2022-10-03 19:00:00+00:00,368.16,368.36,366.1,366.66,613190.0,5344.0,367.197285
2022-10-03 20:00:00+00:00,366.95,366.95,366.95,366.95,6600.0,8.0,366.95
2022-10-04 13:00:00+00:00,371.93,376.06,371.91,376.06,250073.0,1751.0,374.219251
2022-10-04 14:00:00+00:00,376.105,377.37,375.93,377.21,255773.0,2192.0,376.638129
2022-10-04 15:00:00+00:00,377.25,377.65,376.42,377.02,149140.0,1558.0,377.035205
2022-10-04 16:00:00+00:00,377.02,377.58,375.89,376.2,95503.0,849.0,376.92102
2022-10-04 17:00:00+00:00,376.17,376.63,374.12,376.36,170071.0,1087.0,375.155034
2022-10-04 18:00:00+00:00,376.3,377.405,375.5,377.08,104989.0,1109.0,376.392083
2022-10-04 19:00:00+00:00,377.09,377.99,375.5,377.99,456202.0,3565.0,377.018781
2022-10-04 20:00:00+00:00,377.74,378.15,377.74,377.9,5330.0,37.0,377.970755
2022-10-05 13:00:00+00:00,373.39,375.1,373.32,374.21,202373.0,1029.0,374.114414
2022-10-05 14:00:00+00:00,374.08,374.26,370.97,371.35,289938.0,1880.0,372.094369
2022-10-05 15:00:00+00:00,371.33,373.395,371.255,373.04,196533.0,1599.0,372.528422
2022-10-05 16:00:00+00:00,373.1,376.01,372.26,375.24,140772.0,1334.0,374.571249
2022-10-05 17:00:00+00:00,375.2,377.45,375.17,375.83,174847.0,1394.0,376.340559
2022-10-05 18:00:00+00:00,375.83,377.75,375.69,377.67,121855.0,1083.0,376.893335
2022-10-05 19:00:00+00:00,377.8,379.44,376.47,377.19,352924.0,2784.0,377.857949
2022-10-05 20:00:00+00:00,377.43,377.7,377.43,377.7,11400.0,14.0,377.582502
2022-10-06 12:00:00+00:00,376.32,376.32,376.32,376.32,200.0,2.0,376.32
2022-10-06 13:00:00+00:00,375.63,378.68,375.37,376.2,119508.0,841.0,377.233896
2022-10-06 14:00:00+00:00,375.9,376.42,373.44,376.4,336356.0,2463.0,374.665652
2022-10-06 15:00:00+00:00,376.5,376.87,374.62,374.73,132475.0,1166.0,375.943481
2022-10-06 16:00:00+00:00,374.65,376.3,374.02,375.445,99346.0,939.0,374.961781
2022-10-06 17:00:00+00:00,375.54,375.94,374.73,375.43,148358.0,1042.0,375.248602
2022-10-06 18:00:00+00:00,375.43,375.43,372.75,373.38,226968.0,2087.0,374.26953
2022-10-06 19:00:00+00:00,373.39,374.57,372.68,373.19,391677.0,2907.0,373.556261
2022-10-06 20:00:00+00:00,373.3,373.65,372.65,372.81,9300.0,78.0,373.086452
2022-10-07 12:00:00+00:00,370.0,370.12,370.0,370.12,300.0,3.0,370.04
2022-10-07 13:00:00+00:00,369.18,369.82,365.42,365.5,246515.0,1220.0,367.540324
2022-10-07 14:00:00+00:00,365.48,367.12,364.78,366.41,244033.0,1484.0,366.053473
2022-10-07 15:00:00+00:00,366.5,367.0,364.88,365.44,151652.0,1183.0,365.606997
2022-10-07 16:00:00+00:00,365.2,365.82,363.45,363.795,141307.0,1062.0,364.357973
2022-10-07 17:00:00+00:00,363.795,364.37,363.14,363.45,171158.0,1247.0,363.761457
2022-10-07 18:00:00+00:00,363.4,363.75,362.3,362.78,162659.0,1619.0,362.984609
2022-10-07 19:00:00+00:00,362.88,363.445,360.945,362.75,664129.0,4186.0,362.525952
2022-10-07 20:00:00+00:00,362.69,362.72,362.49,362.72,4990.0,44.0,362.597292
2022-10-10 13:00:00+00:00,364.05,364.39,361.65,361.67,201678.0,1574.0,362.824684
2022-10-10 14:00:00+00:00,361.65,362.91,359.665,360.29,181775.0,1279.0,361.079613
2022-10-10 15:00:00+00:00,360.12,361.39,359.37,360.8,127796.0,1109.0,360.279186
2022-10-10 16:00:00+00:00,360.73,360.94,358.37,358.45,99841.0,1022.0,359.441905
2022-10-10 17:00:00+00:00,358.33,362.32,357.74,361.5,257835.0,1801.0,360.472766
2022-10-10 18:00:00+00:00,361.52,361.71,360.01,360.58,130094.0,873.0,360.873466
2022-10-10 19:00:00+00:00,360.71,361.92,360.03,360.08,232884.0,2066.0,360.930302
2022-10-10 20:00:00+00:00,360.15,360.51,360.15,360.44,7553.0,66.0,360.44761
2022-10-11 13:00:00+00:00,358.34,358.72,356.54,356.61,159065.0,1005.0,357.664139
2022-10-11 14:00:00+00:00,356.51,358.63,355.82,357.53,231036.0,1816.0,357.055822
2022-10-11 15:00:00+00:00,357.51,361.47,357.51,360.79,182566.0,1357.0,359.773295
2022-10-11 16:00:00+00:00,360.76,362.98,359.51,362.16,132734.0,1068.0,361.32232
2022-10-11 17:00:00+00:00,362.14,362.38,360.87,361.89,129282.0,954.0,361.816025
2022-10-11 18:00:00+00:00,361.885,362.1,357.175,357.33,189166.0,1590.0,360.118981
2022-10-11 19:00:00+00:00,357.26,358.23,355.75,357.86,575835.0,4399.0,357.226969
2022-10-11 20:00:00+00:00,357.91,358.49,357.91,358.44,7395.0,65.0,358.129655
2022-10-12 12:00:00+00:00,360.29,360.29,358.06,359.27,4816.0,25.0,358.609787
2022-10-12 13:00:00+00:00,358.3,359.65,356.33,359.01,331731.0,1451.0,357.972867
2022-10-12 14:00:00+00:00,359.12,359.42,357.1,357.84,145742.0,1196.0,358.023708
2022-10-12 15:00:00+00:00,357.795,359.42,357.795,359.24,105526.0,1100.0,358.69449
2022-10-12 16:00:00+00:00,359.22,359.8,357.63,358.59,99293.0,918.0,358.519827
2022-10-12 17:00:00+00:00,358.545,358.81,357.35,357.67,120052.0,978.0,358.021691
2022-10-12 18:00:00+00:00,357.9,359.25,357.22,357.72,160232.0,1090.0,358.278858
2022-10-12 19:00:00+00:00,357.63,358.28,356.52,356.52,333075.0,2447.0,357.419325
2022-10-12 20:00:00+00:00,356.79,357.13,356.79,357.12,7000.0,42.0,356.989571
2022-10-13 12:00:00+00:00,351.28,351.42,350.08,350.48,1963.0,14.0,350.681143
2022-10-13 13:00:00+00:00,349.57,352.5,348.125,351.97,320182.0,1670.0,349.688948
2022-10-13 14:00:00+00:00,351.96,354.68,351.425,353.61,398635.0,2282.0,352.8977
2022-10-13 15:00:00+00:00,353.62,365.26,353.4,362.83,801513.0,2828.0,360.185009
2022-10-13 16:00:00+00:00,362.95,364.01,360.99,362.99,428637.0,1977.0,362.325401
2022-10-13 17:00:00+00:00,363.05,366.41,362.96,365.54,219282.0,1249.0,365.081201
2022-10-13 18:00:00+00:00,365.4,367.09,363.985,366.76,138474.0,1060.0,365.381
2022-10-13 19:00:00+00:00,366.765,367.495,365.05,366.08,554739.0,3832.0,366.486485
2022-10-13 20:00:00+00:00,365.78,366.02,365.76,365.76,6000.0,47.0,365.816833
2022-10-14 12:00:00+00:00,365.78,366.71,365.78,366.71,420.0,6.0,366.4
2022-10-14 13:00:00+00:00,369.25,370.23,366.1,366.67,208507.0,1001.0,367.776731
2022-10-14 14:00:00+00:00,366.62,366.62,360.35,362.06,402195.0,2743.0,362.402513
2022-10-14 15:00:00+00:00,362.08,363.495,359.39,360.11,167232.0,1159.0,361.386833
2022-10-14 16:00:00+00:00,359.85,360.88,358.46,359.31,272213.0,1062.0,359.385281
2022-10-14 17:00:00+00:00,359.34,360.16,358.56,360.125,110413.0,809.0,359.483494
2022-10-14 18:00:00+00:00,360.05,360.05,357.675,358.33,97749.0,980.0,358.407858
2022-10-14 19:00:00+00:00,358.535,359.395,356.96,357.68,535231.0,3860.0,358.125913
2022-10-14 20:00:00+00:00,357.86,357.86,357.57,357.57,7893.0,63.0,357.731282
2022-10-17 12:00:00+00:00,362.67,362.67,362.52,362.61,600.0,3.0,362.615
2022-10-17 13:00:00+00:00,363.6,367.27,363.44,365.86,339282.0,2079.0,366.057847
2022-10-17 14:00:00+00:00,366.125,367.97,364.89,365.47,237285.0,2290.0,366.609328
2022-10-17 15:00:00+00:00,365.45,367.37,364.67,366.9,166526.0,1506.0,366.045011
2022-10-17 16:00:00+00:00,366.93,367.6,365.97,366.55,89063.0,929.0,366.714588
2022-10-17 17:00:00+00:00,366.59,367.68,365.96,367.385,90067.0,1009.0,366.903477
2022-10-17 18:00:00+00:00,367.41,367.92,366.26,366.8,118120.0,1448.0,366.987978
2022-10-17 19:00:00+00:00,366.73,367.61,366.23,366.86,435239.0,3534.0,366.859098
2022-10-17 20:00:00+00:00,367.36,368.0,367.31,367.75,7771.0,74.0,367.626753
2022-10-18 12:00:00+00:00,374.78,375.05,374.78,374.95,1300.0,5.0,374.916154
2022-10-18 13:00:00+00:00,374.83,375.41,372.47,373.03,188396.0,1383.0,374.372931
2022-10-18 14:00:00+00:00,373.095,374.32,370.975,371.49,254294.0,1739.0,372.698187
2022-10-18 15:00:00+00:00,371.365,371.885,367.56,369.21,160478.0,1019.0,369.082702
2022-10-18 16:00:00+00:00,369.2,371.4,368.685,370.46,116182.0,757.0,370.211531
2022-10-18 17:00:00+00:00,370.53,372.37,369.23,372.05,102447.0,753.0,371.02072
2022-10-18 18:00:00+00:00,371.99,372.18,368.22,369.42,149989.0,875.0,370.113981
2022-10-18 19:00:00+00:00,369.38,371.24,368.4,371.19,281221.0,2288.0,369.961083
2022-10-18 20:00:00+00:00,372.4,373.86,372.4,373.62,3700.0,32.0,373.442703
2022-10-19 12:00:00+00:00,369.13,369.13,368.33,368.33,800.0,4.0,368.6375
2022-10-19 13:00:00+00:00,368.75,370.77,367.89,368.61,162257.0,879.0,369.454162
2022-10-19 14:00:00+00:00,368.53,371.8,368.29,369.68,122802.0,940.0,370.254685
2022-10-19 15:00:00+00:00,369.65,370.59,368.8,369.77,73545.0,611.0,369.728282
2022-10-19 16:00:00+00:00,369.73,369.77,366.87,367.25,113676.0,903.0,368.02909
2022-10-19 17:00:00+00:00,367.13,367.46,365.685,366.97,157706.0,1187.0,366.423522
2022-10-19 18:00:00+00:00,366.8,368.46,366.67,367.19,135049.0,1161.0,367.602815
2022-10-19 19:00:00+00:00,367.195,368.645,366.96,368.53,177429.0,1475.0,367.959396
2022-10-19 20:00:00+00:00,368.71,369.2,368.2,368.85,6600.0,48.0,368.794689
2022-10-20 13:00:00+00:00,367.39,369.74,367.18,369.08,180499.0,887.0,368.694362
2022-10-20 14:00:00+00:00,369.125,372.66,369.02,371.94,229250.0,1817.0,371.426195
2022-10-20 15:00:00+00:00,371.97,372.15,369.88,370.24,155057.0,1645.0,371.118995
2022-10-20 16:00:00+00:00,370.3,370.34,367.2,367.95,158063.0,1518.0,368.381222
2022-10-20 17:00:00+00:00,367.84,368.03,365.41,366.13,171824.0,1346.0,366.533699
2022-10-20 18:00:00+00:00,366.025,366.2,364.67,365.61,226005.0,3298.0,365.238318
2022-10-20 19:00:00+00:00,365.65,366.58,364.62,365.4,433567.0,4140.0,365.666011
2022-10-20 20:00:00+00:00,365.85,365.85,365.4,365.57,10500.0,80.0,365.602095
2022-10-21 13:00:00+00:00,366.08,369.08,363.71,369.08,186169.0,992.0,366.212202
2022-10-21 14:00:00+00:00,369.23,370.55,366.33,366.665,177137.0,1079.0,368.721942
2022-10-21 15:00:00+00:00,366.76,369.98,365.98,369.82,92237.0,660.0,367.666586
2022-10-21 16:00:00+00:00,370.26,371.9,369.34,371.31,200494.0,965.0,370.480907
2022-10-21 17:00:00+00:00,371.45,372.63,370.785,372.58,80984.0,840.0,371.819899
2022-10-21 18:00:00+00:00,372.65,373.34,372.05,372.9,134326.0,1359.0,372.609996
2022-10-21 19:00:00+00:00,372.9,374.785,372.74,374.3,695648.0,6363.0,374.150542
2022-10-21 20:00:00+00:00,374.35,375.05,374.32,375.05,15080.0,140.0,374.712381
2022-10-24 13:00:00+00:00,375.91,378.69,375.14,377.6,242886.0,1534.0,376.970298
2022-10-24 14:00:00+00:00,377.635,377.65,373.145,376.545,266198.0,1410.0,375.004359
2022-10-24 15:00:00+00:00,376.62,378.19,375.54,378.085,92544.0,907.0,376.713659
2022-10-24 16:00:00+00:00,377.96,378.65,377.48,377.74,89984.0,971.0,378.053347
2022-10-24 17:00:00+00:00,377.7,377.76,376.635,377.15,78815.0,930.0,377.178873
2022-10-24 18:00:00+00:00,377.22,379.47,377.11,379.33,101817.0,1252.0,378.260678
2022-10-24 19:00:00+00:00,379.43,380.04,378.14,378.77,509268.0,4506.0,378.857893
2022-10-24 20:00:00+00:00,378.83,378.83,378.24,378.4,6218.0,38.0,378.546324
2022-10-25 13:00:00+00:00,378.91,382.5,378.78,382.27,173380.0,614.0,380.773831
2022-10-25 14:00:00+00:00,382.55,382.92,381.45,382.22,186932.0,1207.0,382.215839
2022-10-25 15:00:00+00:00,382.26,383.86,382.065,383.49,112602.0,1021.0,383.189129
2022-10-25 16:00:00+00:00,383.515,384.205,382.98,383.03,77904.0,970.0,383.585707
2022-10-25 17:00:00+00:00,383.09,383.48,382.33,382.99,99711.0,958.0,382.84491
2022-10-25 18:00:00+00:00,382.91,384.435,382.91,383.65,104114.0,1391.0,383.835575
2022-10-25 19:00:00+00:00,383.64,385.235,383.56,384.83,454740.0,3268.0,384.699954
2022-10-25 20:00:00+00:00,384.7,384.7,382.72,382.72,1315.0,6.0,384.068459
2022-10-26 13:00:00+00:00,381.7,383.14,381.36,381.75,240072.0,1638.0,382.249224
2022-10-26 14:00:00+00:00,381.93,385.92,381.93,385.025,253515.0,2299.0,384.244367
2022-10-26 15:00:00+00:00,385.06,387.55,385.06,386.79,161791.0,1602.0,386.908752
2022-10-26 16:00:00+00:00,386.88,387.23,384.08,384.2,133166.0,1023.0,385.961612
2022-10-26 17:00:00+00:00,384.26,384.44,382.755,383.825,155759.0,1570.0,383.658788
2022-10-26 18:00:00+00:00,383.745,384.33,381.98,382.4,164315.0,1591.0,383.005809
2022-10-26 19:00:00+00:00,382.36,383.0,381.48,382.13,476619.0,3396.0,382.219467
2022-10-26 20:00:00+00:00,382.79,382.79,382.79,382.79,300.0,1.0,382.79
2022-10-27 12:00:00+00:00,383.65,383.65,383.65,383.65,200.0,1.0,383.65
2022-10-27 13:00:00+00:00,383.28,384.205,380.53,381.23,134056.0,1070.0,382.237833
2022-10-27 14:00:00+00:00,381.07,384.93,380.85,382.24,234236.0,2215.0,383.182788
2022-10-27 15:00:00+00:00,382.2,383.395,380.93,381.31,170151.0,1474.0,382.14787
2022-10-27 16:00:00+00:00,381.33,382.39,380.17,381.65,142747.0,1387.0,381.472828
2022-10-27 17:00:00+00:00,381.63,382.74,380.77,380.77,166785.0,1593.0,381.795962
2022-10-27 18:00:00+00:00,380.81,381.04,379.825,380.07,219871.0,2257.0,380.492481
2022-10-27 19:00:00+00:00,380.08,381.305,379.33,380.07,415964.0,4662.0,380.18551
2022-10-27 20:00:00+00:00,379.61,379.61,375.76,377.32,9010.0,87.0,376.914495
2022-10-28 13:00:00+00:00,379.86,383.36,379.695,382.52,255302.0,1249.0,382.053898
2022-10-28 14:00:00+00:00,382.61,385.81,381.02,385.54,168440.0,1725.0,383.56637
2022-10-28 15:00:00+00:00,385.78,386.24,384.87,385.76,163002.0,1924.0,385.510919
2022-10-28 16:00:00+00:00,385.75,387.39,385.06,387.19,127090.0,1569.0,386.600248
2022-10-28 17:00:00+00:00,387.24,388.06,387.115,387.49,116981.0,1657.0,387.629712
2022-10-28 18:00:00+00:00,387.52,389.015,387.21,388.86,151887.0,2027.0,388.279356
2022-10-28 19:00:00+00:00,388.89,389.52,388.3,388.99,581918.0,4898.0,388.957201
2022-10-28 20:00:00+00:00,389.29,389.9,389.18,389.9,3500.0,10.0,389.234857
2022-10-31 13:00:00+00:00,387.13,387.46,385.47,385.495,215758.0,1509.0,386.59186
2022-10-31 14:00:00+00:00,385.45,386.89,385.34,386.15,204132.0,1753.0,386.101539
2022-10-31 15:00:00+00:00,386.055,388.38,386.055,387.07,189900.0,2261.0,387.15185
2022-10-31 16:00:00+00:00,387.09,387.98,385.83,386.19,119098.0,942.0,386.650544
2022-10-31 17:00:00+00:00,386.315,387.54,385.88,386.995,97310.0,967.0,386.751978
2022-10-31 18:00:00+00:00,387.055,387.7,386.63,386.84,229821.0,2616.0,387.211656
2022-10-31 19:00:00+00:00,386.88,387.41,385.59,386.22,681188.0,3955.0,386.504403
2022-10-31 20:00:00+00:00,386.17,386.6,385.97,386.45,8331.0,62.0,386.414928
2022-11-01 13:00:00+00:00,390.145,390.37,387.81,388.11,215274.0,1267.0,389.193042
2022-11-01 14:00:00+00:00,388.27,388.34,383.6,383.96,288442.0,1721.0,385.806637
2022-11-01 15:00:00+00:00,383.82,384.81,383.39,384.55,123420.0,1188.0,384.120939
2022-11-01 16:00:00+00:00,384.49,385.87,384.0,384.73,86861.0,836.0,384.739449
2022-11-01 17:00:00+00:00,384.71,385.42,384.28,385.02,92921.0,814.0,384.855355
2022-11-01 18:00:00+00:00,385.09,385.53,384.31,385.395,86319.0,911.0,384.873279
2022-11-01 19:00:00+00:00,385.3,385.8,384.51,384.51,397557.0,2962.0,384.988701
2022-11-01 20:00:00+00:00,384.62,384.62,383.8,384.2,3643.0,16.0,384.263459
2022-11-02 12:00:00+00:00,384.4,384.4,384.35,384.35,500.0,2.0,384.38
2022-11-02 13:00:00+00:00,383.86,383.97,382.43,382.48,156672.0,910.0,383.059254
2022-11-02 14:00:00+00:00,382.44,383.07,382.11,382.75,157788.0,1070.0,382.575713
2022-11-02 15:00:00+00:00,382.74,383.08,382.3,382.68,94469.0,931.0,382.745525
2022-11-02 16:00:00+00:00,382.6,382.88,381.4,382.465,135059.0,1432.0,382.078917
2022-11-02 17:00:00+00:00,382.48,383.9,382.02,383.32,182344.0,1593.0,382.906196
2022-11-02 18:00:00+00:00,383.6,388.61,379.0,380.57,883592.0,4691.0,384.664609
2022-11-02 19:00:00+00:00,380.25,383.12,374.96,375.02,856679.0,5305.0,377.505634
2022-11-03 13:00:00+00:00,371.41,372.2,369.1,369.16,317423.0,2017.0,370.648394
2022-11-03 14:00:00+00:00,369.2,373.545,368.82,373.48,387557.0,3183.0,371.539271
2022-11-03 15:00:00+00:00,373.41,373.6,371.03,371.765,172607.0,1587.0,372.202578
2022-11-03 16:00:00+00:00,371.78,374.2,371.44,374.01,130893.0,1104.0,373.357371
2022-11-03 17:00:00+00:00,373.86,374.02,372.27,372.315,142036.0,1356.0,373.080153
2022-11-03 18:00:00+00:00,372.265,373.64,371.91,373.54,158535.0,1635.0,372.716987
2022-11-03 19:00:00+00:00,373.53,373.61,370.935,371.035,311758.0,2840.0,372.211765
2022-11-03 20:00:00+00:00,371.09,371.45,370.93,370.93,22770.0,182.0,371.197467
2022-11-04 13:00:00+00:00,376.41,377.32,372.29,375.1,205948.0,1500.0,374.871179
2022-11-04 14:00:00+00:00,375.145,378.75,374.71,376.8,258322.0,1946.0,376.854644
2022-11-04 15:00:00+00:00,376.97,377.38,370.83,370.92,273256.0,1580.0,374.437185
2022-11-04 16:00:00+00:00,370.92,373.0,370.1,371.3,215384.0,1508.0,371.572468
2022-11-04 17:00:00+00:00,371.15,371.99,370.18,370.75,115693.0,1094.0,371.18963
2022-11-04 18:00:00+00:00,370.81,374.185,370.06,373.915,170800.0,1274.0,372.118364
2022-11-04 19:00:00+00:00,373.975,376.455,373.67,376.14,416745.0,3385.0,375.241874
2022-11-04 20:00:00+00:00,376.04,376.04,376.0,376.0,1970.0,3.0,376.011574
2022-11-07 14:00:00+00:00,377.83,378.2,375.53,376.03,123089.0,1042.0,377.0264
2022-11-07 15:00:00+00:00,376.1,378.23,376.055,377.56,172269.0,1146.0,376.971776
2022-11-07 16:00:00+00:00,377.6,378.14,376.24,376.315,117541.0,835.0,377.008331
2022-11-07 17:00:00+00:00,376.18,377.305,375.88,376.83,72402.0,817.0,376.873294
2022-11-07 18:00:00+00:00,377.04,377.98,377.04,377.9,94631.0,923.0,377.538898
2022-11-07 19:00:00+00:00,377.995,379.99,377.995,379.33,251859.0,1809.0,379.290079
2022-11-07 20:00:00+00:00,379.335,380.56,379.335,380.01,414620.0,3151.0,379.924154
2022-11-07 21:00:00+00:00,379.91,380.01,379.86,379.89,3304.0,11.0,379.935757
2022-11-08 14:00:00+00:00,381.11,381.23,379.54,380.51,108239.0,775.0,380.256517
2022-11-08 15:00:00+00:00,380.42,383.26,380.33,383.07,188354.0,1502.0,381.720584
2022-11-08 16:00:00+00:00,383.09,385.12,382.53,384.505,180881.0,1701.0,384.007941
2022-11-08 17:00:00+00:00,384.56,384.76,383.94,384.475,184382.0,1216.0,384.237097
2022-11-08 18:00:00+00:00,384.485,384.99,380.51,380.74,261574.0,1611.0,382.263657
2022-11-08 19:00:00+00:00,380.69,381.31,377.73,380.62,371831.0,2211.0,379.580811
2022-11-08 20:00:00+00:00,380.57,384.03,380.53,381.93,422466.0,3231.0,382.443076
2022-11-08 21:00:00+00:00,381.53,381.58,381.23,381.5,3455.0,10.0,381.423235
2022-11-09 13:00:00+00:00,380.17,380.49,380.17,380.39,1255.0,7.0,380.320833
2022-11-09 14:00:00+00:00,380.28,380.28,378.28,378.715,194255.0,919.0,378.988387
2022-11-09 15:00:00+00:00,378.665,381.13,377.57,378.3,240612.0,1631.0,379.55914
2022-11-09 16:00:00+00:00,378.315,380.22,378.31,379.04,86746.0,869.0,379.293781
2022-11-09 17:00:00+00:00,379.26,379.26,377.91,378.455,65020.0,625.0,378.403635
2022-11-09 18:00:00+00:00,378.43,378.73,375.495,376.14,155907.0,1321.0,376.884901
2022-11-09 19:00:00+00:00,376.08,376.83,374.58,374.84,161827.0,1621.0,375.775391
2022-11-09 20:00:00+00:00,374.82,376.18,373.63,374.17,413224.0,3161.0,374.564297
2022-11-09 21:00:00+00:00,374.43,374.46,374.01,374.01,9890.0,17.0,374.156746
2022-11-10 14:00:00+00:00,385.94,389.75,385.67,389.67,353679.0,2204.0,387.365843
2022-11-10 15:00:00+00:00,389.99,390.65,387.94,390.48,350376.0,2783.0,389.514044
2022-11-10 16:00:00+00:00,390.43,392.015,389.46,391.815,287359.0,2562.0,390.806933
2022-11-10 17:00:00+00:00,391.765,391.81,388.995,389.1,270157.0,1804.0,390.476728
2022-11-10 18:00:00+00:00,389.14,391.52,389.1,391.235,127779.0,1100.0,390.548723
2022-11-10 19:00:00+00:00,391.26,392.33,390.96,392.305,168198.0,1447.0,391.582258
2022-11-10 20:00:00+00:00,392.22,395.035,392.025,394.485,857344.0,6503.0,394.00603
2022-11-10 21:00:00+00:00,394.46,395.6,394.46,395.6,20339.0,71.0,394.789871
2022-11-11 13:00:00+00:00,396.63,396.63,396.63,396.63,300.0,1.0,396.63
2022-11-11 14:00:00+00:00,395.65,396.09,393.66,395.21,191945.0,1318.0,395.239848
2022-11-11 15:00:00+00:00,394.99,397.525,393.69,396.33,208951.0,1920.0,396.11936
2022-11-11 16:00:00+00:00,396.49,397.06,394.135,395.26,133380.0,1106.0,395.507927
2022-11-11 17:00:00+00:00,395.08,396.62,394.66,396.165,125239.0,1417.0,395.779953
2022-11-11 18:00:00+00:00,396.17,398.29,396.14,398.18,143439.0,2377.0,397.590183
2022-11-11 19:00:00+00:00,398.22,399.33,397.675,399.22,210202.0,3288.0,398.620174
2022-11-11 20:00:00+00:00,399.25,399.35,397.335,398.5,427926.0,4544.0,398.40622
2022-11-11 21:00:00+00:00,398.67,398.67,398.22,398.31,7125.0,58.0,398.444035
2022-11-14 14:00:00+00:00,396.67,397.79,395.95,397.085,136772.0,804.0,396.953104
2022-11-14 15:00:00+00:00,397.17,398.96,397.17,398.4,93051.0,780.0,398.138944
2022-11-14 16:00:00+00:00,398.495,398.495,396.35,397.885,91041.0,681.0,397.513242
2022-11-14 17:00:00+00:00,397.9,399.21,397.63,398.665,66123.0,595.0,398.621414
2022-11-14 18:00:00+00:00,398.6,400.17,398.41,400.11,87785.0,1079.0,399.623952
2022-11-14 19:00:00+00:00,400.06,400.11,398.59,398.785,118072.0,1349.0,399.363288
2022-11-14 20:00:00+00:00,398.825,399.46,394.855,394.92,405281.0,3098.0,396.505229
2022-11-14 21:00:00+00:00,395.34,395.61,395.34,395.61,4143.0,21.0,395.467561
2022-11-15 13:00:00+00:00,402.1,402.1,402.1,402.1,700.0,3.0,402.1
2022-11-15 14:00:00+00:00,402.11,402.29,400.02,401.61,197571.0,1169.0,401.421745
2022-11-15 15:00:00+00:00,401.655,402.16,399.86,400.35,169550.0,1576.0,400.990116
2022-11-15 16:00:00+00:00,400.25,401.565,399.375,401.17,201717.0,1675.0,400.755521
2022-11-15 17:00:00+00:00,401.22,401.22,399.43,399.96,90544.0,1243.0,400.074041
2022-11-15 18:00:00+00:00,400.005,400.26,394.57,396.48,354389.0,3190.0,396.920634
2022-11-15 19:00:00+00:00,396.53,399.14,395.01,398.68,362933.0,2726.0,397.614627
2022-11-15 20:00:00+00:00,398.55,399.5,397.485,398.53,440624.0,3701.0,398.396167
2022-11-15 21:00:00+00:00,398.9,398.9,397.7,397.9,8661.0,87.0,398.104626
2022-11-16 13:00:00+00:00,397.31,397.4,397.01,397.01,805.0,5.0,397.16375
2022-11-16 14:00:00+00:00,397.16,397.68,395.77,396.33,166791.0,999.0,396.721479
2022-11-16 15:00:00+00:00,396.28,397.13,395.25,395.53,183126.0,1404.0,396.194767
2022-11-16 16:00:00+00:00,395.54,396.94,395.51,396.545,134776.0,1126.0,396.258588
2022-11-16 17:00:00+00:00,396.4,397.54,395.775,396.68,118637.0,1120.0,396.601351
2022-11-16 18:00:00+00:00,396.67,396.89,395.14,395.28,117705.0,993.0,396.141502
2022-11-16 19:00:00+00:00,395.26,396.17,394.96,396.08,117185.0,1466.0,395.593559
2022-11-16 20:00:00+00:00,396.1,396.27,394.88,395.51,396277.0,2519.0,395.524362
2022-11-16 21:00:00+00:00,395.75,396.31,395.75,395.9,5400.0,50.0,396.033019
2022-11-17 14:00:00+00:00,390.48,391.68,390.28,390.34,151559.0,1000.0,391.072584
2022-11-17 15:00:00+00:00,390.22,392.17,390.16,390.585,322977.0,2028.0,391.093789
2022-11-17 16:00:00+00:00,390.55,393.14,390.31,393.08,221195.0,1517.0,391.262201
2022-11-17 17:00:00+00:00,393.235,394.5,392.74,394.27,222237.0,1264.0,393.441742
2022-11-17 18:00:00+00:00,394.31,394.92,393.7,394.21,130970.0,981.0,394.323415
2022-11-17 19:00:00+00:00,394.275,394.64,392.6,393.17,116958.0,975.0,393.300154
2022-11-17 20:00:00+00:00,393.175,394.365,391.64,394.32,237048.0,1879.0,392.915273
2022-11-17 21:00:00+00:00,394.25,394.25,394.2,394.2,1000.0,4.0,394.213
2022-11-18 14:00:00+00:00,397.4,397.7,395.575,395.79,154181.0,1040.0,396.514967
2022-11-18 15:00:00+00:00,395.79,395.85,394.32,394.4,122356.0,1188.0,395.123004
2022-11-18 16:00:00+00:00,394.57,395.94,394.06,395.14,99620.0,989.0,394.959228
2022-11-18 17:00:00+00:00,395.15,395.27,393.07,393.69,77842.0,905.0,393.779429
2022-11-18 18:00:00+00:00,393.83,394.835,393.39,393.89,152179.0,1169.0,394.089336
2022-11-18 19:00:00+00:00,393.865,394.75,393.83,394.75,139446.0,941.0,394.295448
2022-11-18 20:00:00+00:00,394.71,396.97,394.7,396.23,429395.0,2863.0,395.858934
2022-11-18 21:00:00+00:00,395.88,395.88,395.85,395.85,700.0,2.0,395.867143
2022-11-21 13:00:00+00:00,394.8,394.8,394.8,394.8,600.0,2.0,394.8
2022-11-21 14:00:00+00:00,395.18,395.71,394.295,395.22,98866.0,706.0,395.108088
2022-11-21 15:00:00+00:00,395.305,395.51,393.23,393.8,161591.0,1964.0,394.169828
2022-11-21 16:00:00+00:00,393.895,394.34,392.8,393.25,106089.0,1238.0,393.728628
2022-11-21 17:00:00+00:00,393.215,394.6,393.16,393.92,87554.0,896.0,393.977583
2022-11-21 18:00:00+00:00,393.91,395.57,393.91,394.74,105978.0,1001.0,394.979522
2022-11-21 19:00:00+00:00,394.74,395.35,394.31,394.5,106309.0,948.0,394.855182
2022-11-21 20:00:00+00:00,394.47,395.1,394.01,394.56,228976.0,1943.0,394.542295
2022-11-21 21:00:00+00:00,394.64,394.74,394.64,394.69,1389.0,3.0,394.69
2022-11-22 14:00:00+00:00,396.65,396.81,395.22,395.91,73024.0,684.0,395.94069
2022-11-22 15:00:00+00:00,395.91,397.78,395.715,397.64,144921.0,1328.0,396.930977
2022-11-22 16:00:00+00:00,397.65,397.69,396.77,397.465,140629.0,1300.0,397.257262
2022-11-22 17:00:00+00:00,397.495,397.84,397.315,397.43,72069.0,920.0,397.498766
2022-11-22 18:00:00+00:00,397.47,398.69,397.345,398.52,95694.0,1222.0,398.293006
2022-11-22 19:00:00+00:00,398.555,399.005,398.18,398.89,119600.0,1290.0,398.58481
2022-11-22 20:00:00+00:00,398.89,400.055,398.85,399.87,339570.0,2726.0,399.669012
2022-11-22 21:00:00+00:00,399.74,399.79,399.68,399.73,4964.0,12.0,399.72872
2022-11-23 13:00:00+00:00,399.6,399.6,399.55,399.55,240.0,3.0,399.575532
2022-11-23 14:00:00+00:00,399.56,401.78,399.51,401.29,120713.0,867.0,400.929128
2022-11-23 15:00:00+00:00,401.41,402.57,400.81,402.07,171458.0,1642.0,401.845925
2022-11-23 16:00:00+00:00,402.15,402.495,399.78,400.34,169858.0,1296.0,401.682512
2022-11-23 17:00:00+00:00,400.32,401.0,399.33,399.765,111109.0,1061.0,400.398369
2022-11-23 18:00:00+00:00,399.78,401.21,399.58,400.93,85556.0,1011.0,400.59961
2022-11-23 19:00:00+00:00,401.25,402.84,400.275,402.2,198962.0,1625.0,402.014506
2022-11-23 20:00:00+00:00,402.11,402.93,401.74,402.24,170821.0,1902.0,402.196572
2022-11-23 21:00:00+00:00,402.39,402.86,402.35,402.85,11162.0,84.0,402.645133
2022-11-25 14:00:00+00:00,401.79,402.52,401.575,402.43,51449.0,569.0,402.033037
2022-11-25 15:00:00+00:00,402.48,402.76,402.3,402.59,83041.0,994.0,402.547914
2022-11-25 16:00:00+00:00,402.67,402.89,401.99,402.49,62535.0,888.0,402.426154
2022-11-25 17:00:00+00:00,402.485,402.545,401.86,402.26,155683.0,1589.0,402.160564
2022-11-25 18:00:00+00:00,402.2,402.5,402.19,402.34,1210.0,13.0,402.285833
2022-11-28 14:00:00+00:00,399.095,400.78,399.03,399.87,110518.0,934.0,400.070129
2022-11-28 15:00:00+00:00,399.75,400.21,398.415,398.57,150157.0,1915.0,399.42283
2022-11-28 16:00:00+00:00,398.51,399.07,398.19,398.9,72719.0,1257.0,398.72914
2022-11-28 17:00:00+00:00,398.885,399.39,397.6,397.65,80719.0,1197.0,398.390401
2022-11-28 18:00:00+00:00,397.635,398.02,396.46,396.57,89753.0,1328.0,397.449549
2022-11-28 19:00:00+00:00,396.535,396.69,395.82,395.96,149611.0,1777.0,396.24997
2022-11-28 20:00:00+00:00,395.99,396.25,395.125,395.9,329832.0,2922.0,395.675735
2022-11-28 21:00:00+00:00,396.02,396.34,396.02,396.34,3588.0,31.0,396.224282
2022-11-29 14:00:00+00:00,396.05,396.61,395.27,395.66,90208.0,730.0,395.937225
2022-11-29 15:00:00+00:00,395.71,397.26,395.43,396.37,144910.0,1374.0,396.458751
2022-11-29 16:00:00+00:00,396.3,396.51,393.35,394.63,168349.0,1474.0,394.347591
2022-11-29 17:00:00+00:00,394.62,395.2,394.085,394.95,96146.0,764.0,394.604332
2022-11-29 18:00:00+00:00,394.95,395.08,394.0,395.035,80232.0,773.0,394.556441
2022-11-29 19:00:00+00:00,395.02,395.97,394.245,394.695,114158.0,932.0,395.110054
2022-11-29 20:00:00+00:00,394.715,395.52,394.49,395.325,207391.0,1869.0,395.099014
2022-11-29 21:00:00+00:00,395.15,395.15,394.95,394.95,2937.0,7.0,395.092118
2022-11-30 13:00:00+00:00,395.56,395.56,395.56,395.56,300.0,1.0,395.56
2022-11-30 14:00:00+00:00,395.19,396.14,394.885,395.24,204752.0,908.0,395.628161
2022-11-30 15:00:00+00:00,395.33,395.35,393.86,394.19,142540.0,1083.0,394.454314
2022-11-30 16:00:00+00:00,394.25,395.495,393.805,395.23,184508.0,864.0,394.894402
2022-11-30 17:00:00+00:00,395.215,395.35,393.575,394.095,127325.0,743.0,394.091828
2022-11-30 18:00:00+00:00,394.295,400.0,394.17,399.91,249361.0,1490.0,397.206519
2022-11-30 19:00:00+00:00,399.94,403.47,399.93,403.19,555749.0,3645.0,402.409107
2022-11-30 20:00:00+00:00,403.18,407.53,403.09,407.45,878432.0,4946.0,406.007053
2022-11-30 21:00:00+00:00,407.85,408.39,407.85,408.25,3700.0,17.0,408.018649
2022-12-01 13:00:00+00:00,409.5,409.5,409.5,409.5,122.0,1.0,409.5
2022-12-01 14:00:00+00:00,408.79,409.72,408.18,409.1,232681.0,1987.0,408.795197
2022-12-01 15:00:00+00:00,409.26,409.96,404.77,407.55,299728.0,2523.0,406.649296
2022-12-01 16:00:00+00:00,407.62,407.62,405.9,406.98,133085.0,1233.0,406.905201
2022-12-01 17:00:00+00:00,406.8,407.62,405.53,407.27,91839.0,1011.0,406.52393
2022-12-01 18:00:00+00:00,407.33,408.0,406.43,407.16,96887.0,1020.0,407.152312
2022-12-01 19:00:00+00:00,407.1,408.14,406.41,407.85,102232.0,1141.0,407.332574
2022-12-01 20:00:00+00:00,407.88,408.45,407.09,407.41,376319.0,3095.0,407.633899
2022-12-01 21:00:00+00:00,406.9,407.22,406.9,407.06,7100.0,71.0,407.102817
2022-12-02 14:00:00+00:00,400.87,404.04,400.85,403.115,191989.0,1219.0,403.124243
2022-12-02 15:00:00+00:00,403.105,405.12,402.65,404.06,263118.0,2210.0,403.775335
2022-12-02 16:00:00+00:00,404.02,406.15,403.605,405.4,136706.0,1405.0,404.953594
2022-12-02 17:00:00+00:00,405.355,406.29,404.7,404.785,112311.0,1167.0,405.516843
2022-12-02 18:00:00+00:00,404.68,405.4,404.36,405.215,90968.0,1163.0,404.973658
2022-12-02 19:00:00+00:00,405.245,406.62,404.49,406.54,124493.0,1216.0,405.531719
2022-12-02 20:00:00+00:00,406.59,407.83,405.81,406.855,273211.0,2245.0,406.709811
2022-12-02 21:00:00+00:00,406.63,406.63,406.04,406.04,5030.0,40.0,406.315714
2022-12-05 13:00:00+00:00,404.06,404.06,403.87,403.95,2573.0,30.0,403.962727
2022-12-05 14:00:00+00:00,403.83,404.91,403.31,403.315,153575.0,1050.0,404.149003
2022-12-05 15:00:00+00:00,403.28,403.65,401.705,403.33,234574.0,1648.0,402.775439
2022-12-05 16:00:00+00:00,403.485,403.96,400.89,400.95,237316.0,2116.0,402.413168
2022-12-05 17:00:00+00:00,400.9,401.8,400.29,400.38,179546.0,1771.0,401.04776
2022-12-05 18:00:00+00:00,400.345,400.91,399.13,399.13,135365.0,1666.0,400.420967
2022-12-05 19:00:00+00:00,399.26,399.69,398.18,398.86,185293.0,1979.0,398.872956
2022-12-05 20:00:00+00:00,398.95,399.94,398.63,399.61,459692.0,3856.0,399.252289
2022-12-05 21:00:00+00:00,399.62,399.98,399.56,399.98,7100.0,36.0,399.665293
2022-12-06 13:00:00+00:00,399.56,399.56,399.15,399.15,700.0,6.0,399.360229
2022-12-06 14:00:00+00:00,399.74,399.99,397.17,397.19,127155.0,1119.0,398.483521
2022-12-06 15:00:00+00:00,397.05,397.43,394.84,395.435,193698.0,1620.0,396.204741
2022-12-06 16:00:00+00:00,395.43,395.86,394.65,395.215,118782.0,1254.0,395.387903
2022-12-06 17:00:00+00:00,395.085,395.59,393.865,394.08,81785.0,982.0,394.534959
2022-12-06 18:00:00+00:00,393.96,394.33,392.645,393.32,158744.0,1624.0,393.364082
2022-12-06 19:00:00+00:00,393.33,393.35,391.665,392.52,150659.0,1453.0,392.392763
2022-12-06 20:00:00+00:00,392.5,394.23,391.995,393.93,373081.0,3027.0,393.374564
2022-12-06 21:00:00+00:00,393.78,393.95,393.65,393.85,8446.0,51.0,393.821842
2022-12-07 14:00:00+00:00,392.83,395.29,392.38,392.81,105737.0,833.0,393.641944
2022-12-07 15:00:00+00:00,392.7,395.44,392.04,395.04,147294.0,1483.0,393.867165
2022-12-07 16:00:00+00:00,395.26,395.62,392.34,393.37,109357.0,1023.0,393.637442
2022-12-07 17:00:00+00:00,393.45,394.03,392.795,393.7,70364.0,717.0,393.342445
2022-12-07 18:00:00+00:00,393.71,394.56,392.9,393.17,82544.0,951.0,393.782435
2022-12-07 19:00:00+00:00,393.09,393.72,392.42,392.88,114427.0,1151.0,393.070677
2022-12-07 20:00:00+00:00,392.875,393.475,392.1,393.11,265313.0,2324.0,392.961317
2022-12-07 21:00:00+00:00,393.24,393.32,392.92,393.02,10136.0,52.0,393.083939
2022-12-08 14:00:00+00:00,395.05,396.13,393.59,396.11,107566.0,785.0,394.757411
2022-12-08 15:00:00+00:00,396.18,397.34,396.08,396.61,181609.0,1596.0,396.592358
2022-12-08 16:00:00+00:00,396.595,396.85,395.02,396.13,107829.0,1175.0,395.959041
2022-12-08 17:00:00+00:00,395.92,396.295,395.19,395.84,116692.0,952.0,395.811062
2022-12-08 18:00:00+00:00,395.89,397.25,395.665,396.5,87856.0,963.0,396.549575
2022-12-08 19:00:00+00:00,396.41,396.41,394.635,395.505,139659.0,1199.0,395.297256
2022-12-08 20:00:00+00:00,395.285,396.565,395.01,396.135,303077.0,1895.0,395.819784
2022-12-08 21:00:00+00:00,396.29,396.61,396.15,396.25,5776.0,49.0,396.323895
2022-12-09 13:00:00+00:00,394.0,394.0,394.0,394.0,200.0,2.0,394.0
2022-12-09 14:00:00+00:00,394.84,396.84,394.12,395.57,137823.0,1097.0,395.486992
2022-12-09 15:00:00+00:00,395.84,397.14,394.85,397.12,148938.0,1523.0,395.915979
2022-12-09 16:00:00+00:00,397.18,397.6,396.22,397.37,124423.0,1376.0,396.988995
2022-12-09 17:00:00+00:00,397.325,397.45,396.36,396.54,77594.0,1088.0,396.839776
2022-12-09 18:00:00+00:00,396.505,396.505,395.39,395.98,103119.0,935.0,395.866931
2022-12-09 19:00:00+00:00,395.95,396.09,395.05,395.82,102235.0,958.0,395.661508
2022-12-09 20:00:00+00:00,395.86,396.26,393.165,393.295,348621.0,2807.0,394.361856
2022-12-09 21:00:00+00:00,393.35,393.4,393.0,393.05,7800.0,80.0,393.237763
2022-12-12 13:00:00+00:00,394.52,394.8,394.52,394.57,800.0,4.0,394.68875
2022-12-12 14:00:00+00:00,394.06,394.71,393.42,394.59,98878.0,675.0,394.113851
2022-12-12 15:00:00+00:00,394.545,394.825,393.83,394.56,109257.0,919.0,394.406929
2022-12-12 16:00:00+00:00,394.52,395.68,394.345,395.435,105633.0,998.0,395.244486
2022-12-12 17:00:00+00:00,395.465,395.91,395.175,395.75,128520.0,1078.0,395.55314
2022-12-12 18:00:00+00:00,395.76,396.235,395.13,395.86,87332.0,748.0,395.659923
2022-12-12 19:00:00+00:00,395.965,396.875,395.41,396.74,155321.0,1141.0,395.958408
2022-12-12 20:00:00+00:00,396.84,398.91,396.78,398.905,296173.0,2967.0,398.048874
2022-12-12 21:00:00+00:00,398.27,398.42,398.27,398.41,4200.0,26.0,398.348333
2022-12-13 13:00:00+00:00,409.76,410.61,409.73,409.76,2050.0,11.0,409.9685
2022-12-13 14:00:00+00:00,410.55,411.19,407.49,409.25,298226.0,1859.0,408.936693
2022-12-13 15:00:00+00:00,409.44,409.45,403.67,404.41,323317.0,2287.0,405.921994
2022-12-13 16:00:00+00:00,404.45,405.8,401.82,402.65,267914.0,2304.0,404.067095
2022-12-13 17:00:00+00:00,402.46,403.17,399.11,400.01,218821.0,1778.0,400.469386
2022-12-13 18:00:00+00:00,399.995,402.37,399.81,401.64,151750.0,1376.0,401.225319
2022-12-13 19:00:00+00:00,401.615,403.2,400.9,401.6,168154.0,1201.0,401.714689
2022-12-13 20:00:00+00:00,401.45,403.03,399.91,402.03,282296.0,2663.0,401.671281
2022-12-13 21:00:00+00:00,401.67,402.2,401.52,401.85,17900.0,155.0,401.964637
2022-12-14 13:00:00+00:00,401.58,401.58,401.58,401.58,200.0,1.0,401.58
2022-12-14 14:00:00+00:00,401.63,403.9,401.63,403.85,96387.0,736.0,402.970865
2022-12-14 15:00:00+00:00,403.855,404.51,403.485,404.135,143220.0,1368.0,404.045985
2022-12-14 16:00:00+00:00,404.27,404.975,404.07,404.16,130572.0,1069.0,404.512343
2022-12-14 17:00:00+00:00,404.16,404.27,403.52,403.52,104734.0,1012.0,403.903393
2022-12-14 18:00:00+00:00,403.53,405.36,403.525,404.8,133721.0,1702.0,404.7227
2022-12-14 19:00:00+00:00,404.6,404.6,396.33,399.07,490838.0,3382.0,399.278757
2022-12-14 20:00:00+00:00,398.785,403.36,397.72,399.39,528454.0,3661.0,400.049272
2022-12-14 21:00:00+00:00,400.23,400.44,400.23,400.25,8528.0,48.0,400.289047
2022-12-15 14:00:00+00:00,394.07,395.205,391.32,391.6,165202.0,1132.0,393.314076
2022-12-15 15:00:00+00:00,391.65,391.895,390.29,390.715,416950.0,2986.0,391.1223
2022-12-15 16:00:00+00:00,390.695,391.11,388.75,389.235,283013.0,2707.0,389.78724
2022-12-15 17:00:00+00:00,389.33,390.39,388.715,388.87,125260.0,1523.0,389.571535
2022-12-15 18:00:00+00:00,388.88,388.97,387.915,388.635,199577.0,2177.0,388.342107
2022-12-15 19:00:00+00:00,388.715,390.255,388.12,390.22,261572.0,2759.0,389.002089
2022-12-15 20:00:00+00:00,390.185,390.865,389.005,389.81,636853.0,3431.0,389.67266
2022-12-15 21:00:00+00:00,389.74,389.74,389.65,389.65,800.0,2.0,389.70625
2022-12-16 14:00:00+00:00,383.59,386.49,383.39,385.89,192366.0,1261.0,385.489869
2022-12-16 15:00:00+00:00,385.72,385.72,381.89,383.05,283932.0,2319.0,383.292463
2022-12-16 16:00:00+00:00,383.055,383.48,381.385,381.6,123830.0,1111.0,382.607564
2022-12-16 17:00:00+00:00,381.59,382.88,381.115,381.14,133897.0,1069.0,381.809891
2022-12-16 18:00:00+00:00,381.28,382.06,381.08,381.72,107569.0,1092.0,381.559632
2022-12-16 19:00:00+00:00,381.66,383.25,381.23,382.97,207229.0,2059.0,382.033155
2022-12-16 20:00:00+00:00,382.87,384.95,382.41,383.35,645003.0,5514.0,384.087934
2022-12-16 21:00:00+00:00,383.25,383.25,382.57,382.73,5500.0,55.0,382.753818
2022-12-19 14:00:00+00:00,383.535,383.78,381.95,382.36,93336.0,939.0,382.939544
2022-12-19 15:00:00+00:00,382.39,383.65,381.75,381.92,127124.0,1203.0,382.49352
2022-12-19 16:00:00+00:00,381.58,381.94,380.42,380.965,92208.0,1007.0,381.282111
2022-12-19 17:00:00+00:00,380.96,381.74,380.77,381.41,81583.0,1062.0,381.306596
2022-12-19 18:00:00+00:00,381.46,381.71,379.88,379.895,88476.0,1078.0,380.744939
2022-12-19 19:00:00+00:00,379.85,379.93,378.32,378.765,166741.0,2114.0,379.061237
2022-12-19 20:00:00+00:00,378.75,380.4,378.305,380.0,324228.0,3287.0,379.390022
2022-12-19 21:00:00+00:00,380.04,380.04,379.55,379.59,6000.0,42.0,379.757833
2022-12-20 14:00:00+00:00,379.18,380.04,377.865,380.03,120953.0,1087.0,378.761147
2022-12-20 15:00:00+00:00,380.09,382.095,380.08,381.25,68172.0,763.0,381.208465
2022-12-20 16:00:00+00:00,381.3,381.45,378.97,380.47,89310.0,930.0,380.164959
2022-12-20 17:00:00+00:00,380.64,381.275,380.015,381.13,34907.0,425.0,380.742661
2022-12-20 18:00:00+00:00,381.38,382.195,380.56,381.25,43619.0,632.0,381.367564
2022-12-20 19:00:00+00:00,381.27,381.975,380.485,380.76,57122.0,685.0,381.069673
2022-12-20 20:00:00+00:00,380.71,381.57,380.09,380.49,195333.0,1711.0,380.779081
2022-12-20 21:00:00+00:00,380.38,380.7,380.38,380.7,2531.0,14.0,380.585847
2022-12-21 14:00:00+00:00,383.38,383.98,382.735,383.14,85468.0,914.0,383.229025
2022-12-21 15:00:00+00:00,383.27,386.57,382.96,386.57,146616.0,1314.0,384.928691
2022-12-21 16:00:00+00:00,386.63,387.27,385.7,386.07,72215.0,1051.0,386.535568
2022-12-21 17:00:00+00:00,385.98,386.43,385.49,386.43,40260.0,612.0,385.846382
2022-12-21 18:00:00+00:00,386.41,386.78,385.69,386.39,43796.0,620.0,386.156681
2022-12-21 19:00:00+00:00,386.47,387.365,385.76,386.14,87666.0,892.0,386.64668
2022-12-21 20:00:00+00:00,386.08,386.45,385.26,386.13,227510.0,1681.0,385.801691
2022-12-21 21:00:00+00:00,386.25,386.85,386.25,386.83,2000.0,10.0,386.487
2022-12-22 14:00:00+00:00,383.01,383.365,380.99,381.59,82435.0,716.0,381.695651
2022-12-22 15:00:00+00:00,381.455,381.455,378.92,379.12,157819.0,1332.0,379.734159
2022-12-22 16:00:00+00:00,379.05,379.55,378.23,378.72,104572.0,963.0,378.901739
2022-12-22 17:00:00+00:00,378.675,378.68,376.16,376.48,171813.0,1533.0,377.086474
2022-12-22 18:00:00+00:00,376.405,376.405,374.77,375.5,152893.0,1926.0,375.494762
2022-12-22 19:00:00+00:00,375.65,378.53,375.565,378.53,129380.0,2040.0,376.763909
2022-12-22 20:00:00+00:00,378.69,380.77,378.205,380.73,628564.0,5097.0,379.940316
2022-12-22 21:00:00+00:00,381.29,381.29,380.3,380.38,4630.0,26.0,380.651087
2022-12-23 14:00:00+00:00,379.66,381.19,378.06,378.4,89158.0,1003.0,379.137894
2022-12-23 15:00:00+00:00,378.66,382.65,378.29,380.79,180051.0,2467.0,380.925725
2022-12-23 16:00:00+00:00,380.76,381.99,380.05,381.535,81592.0,1305.0,380.815138
2022-12-23 17:00:00+00:00,381.535,382.81,381.39,381.91,67099.0,1048.0,382.031356
2022-12-23 18:00:00+00:00,381.92,382.395,381.165,381.53,46558.0,624.0,381.91445
2022-12-23 19:00:00+00:00,381.505,382.59,381.14,382.59,46444.0,928.0,381.844513
2022-12-23 20:00:00+00:00,382.535,383.04,381.575,382.75,153779.0,1697.0,382.388732
2022-12-23 21:00:00+00:00,382.72,382.79,382.64,382.79,800.0,8.0,382.7025
2022-12-27 13:00:00+00:00,382.96,382.96,382.96,382.96,200.0,2.0,382.96
2022-12-27 14:00:00+00:00,382.88,382.99,380.05,380.46,134562.0,884.0,380.958607
2022-12-27 15:00:00+00:00,380.55,383.075,379.67,381.91,94189.0,1307.0,381.780981
2022-12-27 16:00:00+00:00,382.075,382.81,381.645,382.425,44136.0,942.0,382.250493
2022-12-27 17:00:00+00:00,382.325,382.98,381.48,382.06,53838.0,1087.0,382.081168
2022-12-27 18:00:00+00:00,382.26,382.58,381.09,381.23,46974.0,1212.0,381.817167
2022-12-27 19:00:00+00:00,381.14,381.65,380.5,381.27,90873.0,2089.0,381.108218
2022-12-27 20:00:00+00:00,381.35,382.35,381.09,381.335,142412.0,2318.0,381.700286
2022-12-28 14:00:00+00:00,381.33,383.33,380.69,382.04,99212.0,959.0,382.349346
2022-12-28 15:00:00+00:00,382.14,382.89,379.36,379.49,133668.0,1720.0,381.012664
2022-12-28 16:00:00+00:00,379.33,379.6,378.11,378.23,127133.0,1802.0,378.937286
2022-12-28 17:00:00+00:00,378.13,379.52,377.31,379.32,149944.0,1752.0,377.998671
2022-12-28 18:00:00+00:00,379.32,380.19,378.5,378.78,102088.0,1623.0,379.319424
2022-12-28 19:00:00+00:00,378.735,379.34,378.18,378.44,70147.0,1378.0,378.650831
2022-12-28 20:00:00+00:00,378.415,378.425,376.51,376.69,230493.0,2554.0,377.029562
2022-12-28 21:00:00+00:00,376.54,377.06,376.54,377.04,5920.0,42.0,376.848712
2022-12-29 13:00:00+00:00,379.74,379.74,379.74,379.74,300.0,1.0,379.74
2022-12-29 14:00:00+00:00,379.69,381.775,379.12,381.58,134811.0,1041.0,381.023008
2022-12-29 15:00:00+00:00,381.72,383.22,381.395,383.09,245147.0,2002.0,382.425419
2022-12-29 16:00:00+00:00,383.11,384.23,382.275,383.925,151787.0,1248.0,383.099736
2022-12-29 17:00:00+00:00,383.925,384.13,383.28,383.805,155722.0,1962.0,383.779167
2022-12-29 18:00:00+00:00,383.815,383.97,383.22,383.91,91913.0,936.0,383.582614
2022-12-29 19:00:00+00:00,383.905,384.34,383.44,383.57,108261.0,1521.0,383.857862
2022-12-29 20:00:00+00:00,383.53,383.99,383.21,383.37,220959.0,2874.0,383.595712
2022-12-29 21:00:00+00:00,383.29,383.5,383.05,383.05,9580.0,62.0,383.264362
2022-12-30 14:00:00+00:00,380.66,381.575,379.06,380.36,87588.0,715.0,380.407758
2022-12-30 15:00:00+00:00,380.37,381.485,379.59,380.4,99805.0,1252.0,380.534012
2022-12-30 16:00:00+00:00,380.33,380.79,379.66,380.69,59627.0,725.0,380.180925
2022-12-30 17:00:00+00:00,380.755,381.02,380.38,380.47,53428.0,739.0,380.69009
2022-12-30 18:00:00+00:00,380.98,380.98,378.44,379.325,150159.0,1314.0,379.527453
2022-12-30 19:00:00+00:00,379.33,379.49,378.64,379.085,116498.0,1458.0,378.970558
2022-12-30 20:00:00+00:00,379.105,382.57,379.105,382.47,357404.0,3268.0,381.334221
2022-12-30 21:00:00+00:00,382.36,383.03,382.36,383.0,8200.0,18.0,382.715244
2023-01-03 13:00:00+00:00,384.48,384.48,384.48,384.48,300.0,1.0,384.48
2023-01-03 14:00:00+00:00,384.89,386.425,381.67,381.67,242257.0,1175.0,384.171178
2023-01-03 15:00:00+00:00,381.76,382.565,380.195,382.055,217382.0,1759.0,381.363216
2023-01-03 16:00:00+00:00,382.14,382.32,378.695,379.12,114855.0,1352.0,379.821466
2023-01-03 17:00:00+00:00,379.1,379.95,377.89,378.63,121459.0,1225.0,378.956482
2023-01-03 18:00:00+00:00,378.65,379.99,378.34,379.83,98018.0,1006.0,379.163775
2023-01-03 19:00:00+00:00,379.91,380.72,378.145,380.015,133806.0,1398.0,379.579079
2023-01-03 20:00:00+00:00,379.96,381.21,379.85,380.92,282688.0,2676.0,380.651291
2023-01-03 21:00:00+00:00,380.31,380.31,380.31,380.31,200.0,1.0,380.31
2023-01-04 13:00:00+00:00,382.87,382.97,382.87,382.97,525.0,4.0,382.95
2023-01-04 14:00:00+00:00,383.2,384.09,381.98,383.25,102323.0,695.0,383.070816
2023-01-04 15:00:00+00:00,382.88,384.15,380.05,382.755,209538.0,1529.0,381.751991
2023-01-04 16:00:00+00:00,383.07,385.82,382.34,385.48,180529.0,1332.0,384.613557
2023-01-04 17:00:00+00:00,385.47,385.73,384.34,384.36,115090.0,1284.0,385.301933
2023-01-04 18:00:00+00:00,384.32,385.3,383.67,384.31,136829.0,1554.0,384.621501
2023-01-04 19:00:00+00:00,384.22,385.54,381.2,383.21,245035.0,2080.0,382.792136
2023-01-04 20:00:00+00:00,383.39,384.0,381.24,383.75,309789.0,3479.0,382.567243
2023-01-04 21:00:00+00:00,383.76,383.92,383.19,383.42,12500.0,95.0,383.607541
2023-01-05 14:00:00+00:00,381.5,381.76,378.92,380.115,148895.0,934.0,380.189698
2023-01-05 15:00:00+00:00,379.93,381.83,379.3,379.31,173468.0,1478.0,380.308221
2023-01-05 16:00:00+00:00,379.37,380.22,378.8,379.35,120079.0,1387.0,379.432859
2023-01-05 17:00:00+00:00,379.36,380.44,379.105,379.42,98161.0,1213.0,379.732694
2023-01-05 18:00:00+00:00,379.385,381.425,379.06,380.575,157680.0,1365.0,380.334947
2023-01-05 19:00:00+00:00,380.59,381.69,380.09,380.83,121255.0,1274.0,380.809772
2023-01-05 20:00:00+00:00,380.7,380.74,378.915,379.34,219494.0,2167.0,379.593073
2023-01-05 21:00:00+00:00,379.54,379.64,379.45,379.57,2000.0,6.0,379.507
2023-01-06 13:00:00+00:00,383.18,383.18,383.18,383.18,200.0,1.0,383.18
2023-01-06 14:00:00+00:00,382.71,383.86,379.56,380.74,158098.0,1159.0,381.221425
2023-01-06 15:00:00+00:00,380.75,385.545,380.75,385.225,231921.0,2024.0,383.611415
2023-01-06 16:00:00+00:00,385.295,386.71,385.0,386.22,184321.0,1917.0,385.766214
2023-01-06 17:00:00+00:00,386.31,386.5,385.06,385.44,113650.0,1323.0,385.753876
2023-01-06 18:00:00+00:00,385.5,386.81,385.215,386.715,120624.0,1629.0,386.301341
2023-01-06 19:00:00+00:00,386.735,388.775,386.735,388.515,271659.0,2540.0,387.748707
2023-01-06 20:00:00+00:00,388.555,389.24,387.755,388.01,506310.0,3874.0,388.366513
2023-01-06 21:00:00+00:00,388.0,388.05,387.73,387.82,6339.0,47.0,387.839352
2023-01-09 14:00:00+00:00,390.375,391.63,389.38,391.59,101600.0,929.0,390.44011
2023-01-09 15:00:00+00:00,391.65,393.21,391.29,392.63,183212.0,2177.0,392.197186
2023-01-09 16:00:00+00:00,392.67,393.64,392.67,393.375,85166.0,1478.0,393.268068
2023-01-09 17:00:00+00:00,393.375,393.375,391.87,392.315,88042.0,1334.0,392.495218
2023-01-09 18:00:00+00:00,392.325,392.44,389.88,390.5,129422.0,1550.0,391.30744
2023-01-09 19:00:00+00:00,390.545,391.11,388.95,388.96,107200.0,1374.0,390.317883
2023-01-09 20:00:00+00:00,388.87,389.18,387.67,387.9,235432.0,3404.0,388.386131
2023-01-09 21:00:00+00:00,387.74,387.74,387.62,387.62,600.0,2.0,387.72
2023-01-10 14:00:00+00:00,387.44,389.21,387.11,388.43,75903.0,828.0,388.331223
2023-01-10 15:00:00+00:00,388.52,389.98,386.28,388.33,158339.0,1753.0,388.27798
2023-01-10 16:00:00+00:00,388.43,388.78,387.51,388.115,59208.0,1250.0,388.167938
2023-01-10 17:00:00+00:00,388.025,389.17,387.44,388.75,65161.0,971.0,388.496798
2023-01-10 18:00:00+00:00,388.71,389.59,388.53,389.53,119567.0,1453.0,389.117894
2023-01-10 19:00:00+00:00,389.7,390.22,389.3,389.46,96676.0,1809.0,389.74512
2023-01-10 20:00:00+00:00,389.45,390.63,388.76,390.6,256404.0,3061.0,389.943557
2023-01-10 21:00:00+00:00,390.5,390.58,390.45,390.58,4200.0,10.0,390.516905
2023-01-11 13:00:00+00:00,392.15,392.15,392.15,392.15,300.0,1.0,392.15
2023-01-11 14:00:00+00:00,392.38,393.13,391.825,392.315,84710.0,770.0,392.592119
2023-01-11 15:00:00+00:00,392.335,393.06,391.48,391.62,124990.0,1435.0,392.397381
2023-01-11 16:00:00+00:00,391.595,393.02,391.535,392.75,89876.0,923.0,392.505849
2023-01-11 17:00:00+00:00,392.87,393.61,392.775,393.17,103306.0,954.0,393.233521
2023-01-11 18:00:00+00:00,393.19,394.25,393.04,393.58,112928.0,1147.0,393.714419
2023-01-11 19:00:00+00:00,393.655,394.54,393.185,394.32,94112.0,1372.0,393.919015
2023-01-11 20:00:00+00:00,394.305,395.59,394.07,395.55,349056.0,3244.0,394.807674
2023-01-11 21:00:00+00:00,395.43,395.49,395.39,395.49,3726.0,9.0,395.446371
2023-01-12 13:00:00+00:00,396.33,397.64,395.37,397.64,1320.0,11.0,396.605641
2023-01-12 14:00:00+00:00,396.08,396.92,392.46,393.66,176185.0,1149.0,393.937218
2023-01-12 15:00:00+00:00,393.71,396.89,393.7,395.505,171854.0,1726.0,395.457772
2023-01-12 16:00:00+00:00,395.46,396.515,394.53,396.4,92360.0,1312.0,395.599975
2023-01-12 17:00:00+00:00,396.24,398.12,396.185,397.765,132637.0,1637.0,397.434855
2023-01-12 18:00:00+00:00,397.745,398.43,395.65,398.265,153738.0,1684.0,397.446695
2023-01-12 19:00:00+00:00,398.31,398.46,396.73,397.3,92043.0,1369.0,397.710389
2023-01-12 20:00:00+00:00,397.24,397.52,395.88,397.03,254391.0,2530.0,396.609952
2023-01-12 21:00:00+00:00,396.95,397.11,396.85,396.95,6101.0,19.0,396.996049
2023-01-13 13:00:00+00:00,393.57,393.57,393.57,393.57,200.0,1.0,393.57
2023-01-13 14:00:00+00:00,393.65,395.16,393.38,394.79,100592.0,1058.0,394.34792
2023-01-13 15:00:00+00:00,394.67,396.75,394.35,396.305,114309.0,1462.0,395.759126
2023-01-13 16:00:00+00:00,396.54,396.575,395.25,395.78,66725.0,1131.0,395.8294
2023-01-13 17:00:00+00:00,395.84,396.79,395.73,396.64,57942.0,909.0,396.338373
2023-01-13 18:00:00+00:00,396.735,397.655,396.16,397.455,118932.0,1588.0,396.815138
2023-01-13 19:00:00+00:00,397.59,397.83,397.165,397.72,104705.0,1986.0,397.541688
2023-01-13 20:00:00+00:00,397.68,399.08,397.6,398.49,259845.0,3401.0,398.398193
2023-01-13 21:00:00+00:00,398.58,398.64,398.15,398.61,9300.0,32.0,398.279032
2023-01-17 14:00:00+00:00,398.48,399.08,397.7,398.55,94263.0,987.0,398.546453
2023-01-17 15:00:00+00:00,398.72,400.19,397.93,398.265,118328.0,1957.0,399.293165
2023-01-17 16:00:00+00:00,398.43,398.43,397.1,398.2,78266.0,1342.0,397.785309
2023-01-17 17:00:00+00:00,398.28,398.54,397.51,398.065,67440.0,1124.0,398.017426
2023-01-17 18:00:00+00:00,398.07,398.8,397.91,398.68,77119.0,1331.0,398.419569
2023-01-17 19:00:00+00:00,398.65,398.835,397.64,398.15,106409.0,1224.0,398.333807
2023-01-17 20:00:00+00:00,398.14,398.53,397.16,397.75,314550.0,2983.0,397.84016
2023-01-17 21:00:00+00:00,397.93,397.93,397.65,397.65,4867.0,16.0,397.80407
2023-01-18 13:00:00+00:00,398.28,398.28,398.28,398.28,300.0,1.0,398.28
2023-01-18 14:00:00+00:00,399.14,399.655,398.42,399.49,95770.0,670.0,399.17001
2023-01-18 15:00:00+00:00,399.54,400.1,396.5,397.26,197328.0,1460.0,398.508084
2023-01-18 16:00:00+00:00,397.08,397.38,394.22,394.85,199641.0,1825.0,395.307814
2023-01-18 17:00:00+00:00,394.88,395.03,393.2,393.31,145806.0,1501.0,394.067519
2023-01-18 18:00:00+00:00,393.395,394.05,392.54,393.57,242730.0,1915.0,393.19064
2023-01-18 19:00:00+00:00,393.63,393.91,393.08,393.125,173690.0,1780.0,393.432556
2023-01-18 20:00:00+00:00,393.125,393.56,391.3,391.59,571321.0,4155.0,392.067237
2023-01-18 21:00:00+00:00,391.44,391.6,391.38,391.51,9614.0,21.0,391.471993
2023-01-19 13:00:00+00:00,388.33,388.33,388.33,388.33,177.0,2.0,388.33
2023-01-19 14:00:00+00:00,389.19,390.39,388.65,389.25,111784.0,1064.0,389.481724
2023-01-19 15:00:00+00:00,389.255,389.86,387.57,387.94,115674.0,1617.0,388.735487
2023-01-19 16:00:00+00:00,387.96,389.0,387.3,387.74,128788.0,1371.0,387.902624
2023-01-19 17:00:00+00:00,387.82,389.025,387.82,388.5,118487.0,1243.0,388.403355
2023-01-19 18:00:00+00:00,388.61,390.55,388.565,389.82,182297.0,1323.0,389.531457
2023-01-19 19:00:00+00:00,389.97,391.06,389.25,390.51,197870.0,2130.0,390.281122
2023-01-19 20:00:00+00:00,390.61,390.895,388.51,388.57,356722.0,3412.0,389.462739
2023-01-19 21:00:00+00:00,388.9,389.25,388.82,389.1,12880.0,132.0,389.06072
2023-01-20 13:00:00+00:00,389.32,389.37,389.32,389.37,200.0,2.0,389.345
2023-01-20 14:00:00+00:00,389.95,390.09,388.42,389.72,91814.0,902.0,389.330502
2023-01-20 15:00:00+00:00,389.57,391.15,389.36,390.64,148350.0,1392.0,390.497387
2023-01-20 16:00:00+00:00,390.775,392.46,390.775,391.755,191057.0,1916.0,391.916989
2023-01-20 17:00:00+00:00,391.785,392.31,391.78,391.85,125687.0,1235.0,392.04108
2023-01-20 18:00:00+00:00,391.88,393.56,391.22,393.42,108639.0,1375.0,392.343534
2023-01-20 19:00:00+00:00,393.44,394.35,393.22,394.35,156788.0,1876.0,393.813165
2023-01-20 20:00:00+00:00,394.375,396.03,394.375,395.89,403109.0,3816.0,395.354209
2023-01-20 21:00:00+00:00,395.59,395.72,395.49,395.51,6526.0,15.0,395.606997
2023-01-23 13:00:00+00:00,396.52,396.52,396.52,396.52,200.0,1.0,396.52
2023-01-23 14:00:00+00:00,396.82,398.27,395.74,397.855,115556.0,1092.0,397.123682
2023-01-23 15:00:00+00:00,397.895,400.26,397.65,399.87,249538.0,2347.0,399.08821
2023-01-23 16:00:00+00:00,400.07,402.095,399.99,401.51,192381.0,1827.0,401.294051
2023-01-23 17:00:00+00:00,401.53,401.58,400.4,401.58,75438.0,918.0,400.932892
2023-01-23 18:00:00+00:00,401.5,402.635,401.415,402.0,115137.0,1308.0,401.971229
2023-01-23 19:00:00+00:00,401.975,401.975,398.79,399.565,173946.0,2170.0,400.460384
2023-01-23 20:00:00+00:00,399.525,400.97,399.13,400.59,314215.0,3645.0,400.137137
2023-01-23 21:00:00+00:00,400.38,400.47,400.26,400.35,4391.0,11.0,400.336998
2023-01-24 13:00:00+00:00,398.72,398.72,398.5,398.5,600.0,2.0,398.683333
2023-01-24 14:00:00+00:00,398.88,400.09,398.03,398.32,119480.0,1185.0,398.985396
2023-01-24 15:00:00+00:00,398.41,400.735,397.72,400.43,158036.0,1788.0,399.136631
2023-01-24 16:00:00+00:00,400.5,400.71,399.75,399.995,92412.0,1074.0,400.19205
2023-01-24 17:00:00+00:00,400.03,400.455,399.24,400.07,74788.0,903.0,400.030258
2023-01-24 18:00:00+00:00,399.93,401.145,399.505,400.77,86192.0,914.0,400.411803
2023-01-24 19:00:00+00:00,400.775,401.0,399.96,400.88,97140.0,1310.0,400.474088
2023-01-24 20:00:00+00:00,400.9,401.03,399.31,400.21,173806.0,2187.0,400.158345
2023-01-24 21:00:00+00:00,401.47,401.47,400.94,400.94,1500.0,6.0,401.051334
2023-01-25 14:00:00+00:00,396.08,396.645,394.335,394.445,156480.0,1331.0,395.735486
2023-01-25 15:00:00+00:00,394.305,395.85,393.59,394.92,206811.0,1565.0,394.659483
2023-01-25 16:00:00+00:00,394.91,397.72,394.69,397.19,170044.0,1657.0,396.120268
2023-01-25 17:00:00+00:00,397.26,397.45,396.545,397.12,108365.0,1322.0,397.040559
2023-01-25 18:00:00+00:00,397.26,399.33,397.12,399.01,135428.0,1787.0,398.550575
2023-01-25 19:00:00+00:00,399.07,400.175,398.72,399.87,177888.0,2381.0,399.452677
2023-01-25 20:00:00+00:00,399.83,400.68,399.22,400.245,261693.0,2934.0,399.871302
2023-01-25 21:00:00+00:00,400.34,400.9,399.82,400.06,6205.0,56.0,400.135246
2023-01-26 14:00:00+00:00,403.21,404.04,400.815,401.44,143387.0,1235.0,402.498821
2023-01-26 15:00:00+00:00,401.61,403.23,400.04,400.36,189279.0,2044.0,401.760956
2023-01-26 16:00:00+00:00,400.19,401.76,400.12,401.69,121825.0,1549.0,400.987726
2023-01-26 17:00:00+00:00,401.68,402.805,401.67,402.175,101942.0,1371.0,402.374881
2023-01-26 18:00:00+00:00,402.195,403.42,401.66,402.915,84653.0,1048.0,402.743187
2023-01-26 19:00:00+00:00,402.89,403.66,402.57,403.47,107333.0,1776.0,403.167685
2023-01-26 20:00:00+00:00,403.495,404.91,403.135,404.75,271181.0,3194.0,404.033511
2023-01-26 21:00:00+00:00,404.74,404.89,404.2,404.2,5155.0,16.0,404.612813
2023-01-27 14:00:00+00:00,403.73,405.46,403.485,404.945,93312.0,894.0,404.559214
2023-01-27 15:00:00+00:00,405.14,406.56,403.59,404.18,151620.0,1587.0,404.878215
2023-01-27 16:00:00+00:00,404.145,406.14,403.89,405.885,100618.0,1152.0,404.991479
2023-01-27 17:00:00+00:00,405.89,406.74,405.545,406.435,155786.0,1627.0,406.235075
2023-01-27 18:00:00+00:00,406.465,406.56,405.7,406.485,76693.0,941.0,406.151643
2023-01-27 19:00:00+00:00,406.415,407.58,406.29,407.44,150111.0,1685.0,407.032788
2023-01-27 20:00:00+00:00,407.54,408.145,405.57,405.68,417730.0,4148.0,406.768085
2023-01-27 21:00:00+00:00,405.78,405.78,405.43,405.61,8813.0,35.0,405.594252
2023-01-30 14:00:00+00:00,402.745,404.57,402.69,404.36,247475.0,1872.0,403.508463
2023-01-30 15:00:00+00:00,404.325,405.1,401.93,403.02,190658.0,2251.0,403.560902
2023-01-30 16:00:00+00:00,402.98,403.875,402.07,403.14,142587.0,1905.0,403.103559
2023-01-30 17:00:00+00:00,403.14,403.38,401.93,402.09,63512.0,997.0,402.673897
2023-01-30 18:00:00+00:00,402.01,403.05,401.71,402.15,67173.0,933.0,402.225787
2023-01-30 19:00:00+00:00,402.26,402.42,400.93,401.32,165734.0,1617.0,401.591182
2023-01-30 20:00:00+00:00,401.295,401.77,400.305,400.63,465178.0,4450.0,400.866124
2023-01-30 21:00:00+00:00,401.28,401.45,401.16,401.23,8700.0,67.0,401.32977
2023-01-31 14:00:00+00:00,401.12,402.32,400.9,401.33,104144.0,1056.0,401.605363
2023-01-31 15:00:00+00:00,401.35,403.315,400.86,402.83,145594.0,1344.0,402.194079
2023-01-31 16:00:00+00:00,403.0,403.5,402.76,403.14,74212.0,991.0,403.152677
2023-01-31 17:00:00+00:00,403.04,403.87,402.5,403.65,86195.0,1191.0,403.363583
2023-01-31 18:00:00+00:00,403.74,404.28,403.33,404.25,72804.0,1229.0,403.776932
2023-01-31 19:00:00+00:00,404.27,404.73,404.1,404.51,111145.0,1715.0,404.401244
2023-01-31 20:00:00+00:00,404.46,406.51,403.645,406.5,498756.0,4348.0,405.106169
2023-01-31 21:00:00+00:00,406.11,406.46,405.83,405.83,9700.0,21.0,406.038866
2023-02-01 14:00:00+00:00,405.1,406.39,404.81,406.15,121432.0,1078.0,405.427172
2023-02-01 15:00:00+00:00,406.32,406.34,403.99,403.995,158766.0,1695.0,405.177334
2023-02-01 16:00:00+00:00,404.04,405.53,403.97,404.54,120619.0,1332.0,404.877425
2023-02-01 17:00:00+00:00,404.58,404.65,403.77,404.09,101896.0,986.0,404.19142
2023-02-01 18:00:00+00:00,404.12,405.39,403.99,404.65,129429.0,1319.0,404.540461
2023-02-01 19:00:00+00:00,404.52,410.28,402.39,409.15,376492.0,3099.0,406.522063
2023-02-01 20:00:00+00:00,409.36,413.65,409.17,410.65,448895.0,3989.0,411.240405
2023-02-01 21:00:00+00:00,411.88,411.88,411.4,411.6,15800.0,153.0,411.593269
2023-02-02 13:00:00+00:00,413.57,414.57,413.57,414.57,320.0,4.0,413.91
2023-02-02 14:00:00+00:00,414.85,415.05,413.34,413.55,136899.0,1272.0,414.064198
2023-02-02 15:00:00+00:00,413.58,417.12,412.89,416.66,330476.0,3848.0,415.085006
2023-02-02 16:00:00+00:00,416.52,417.05,415.83,415.83,169047.0,1779.0,416.490432
2023-02-02 17:00:00+00:00,415.875,416.94,415.61,416.68,139471.0,1517.0,416.315309
2023-02-02 18:00:00+00:00,416.735,418.055,416.42,418.05,158009.0,1977.0,417.213131
2023-02-02 19:00:00+00:00,418.055,418.27,413.67,413.89,262140.0,2964.0,415.615754
2023-02-02 20:00:00+00:00,413.86,416.79,413.28,416.73,392221.0,4051.0,415.348969
2023-02-03 13:00:00+00:00,411.83,411.83,411.83,411.83,500.0,1.0,411.83
2023-02-03 14:00:00+00:00,411.55,414.42,411.51,413.54,134575.0,1309.0,413.118657
2023-02-03 15:00:00+00:00,413.52,416.69,412.455,415.64,203971.0,2185.0,415.073241
2023-02-03 16:00:00+00:00,415.8,416.91,414.675,414.78,88540.0,1248.0,416.04616
2023-02-03 17:00:00+00:00,414.71,416.54,413.93,414.105,98895.0,1390.0,415.651494
2023-02-03 18:00:00+00:00,414.025,414.25,411.79,412.95,172759.0,1792.0,413.089156
2023-02-03 19:00:00+00:00,412.905,413.21,411.6,411.845,110836.0,1660.0,412.478127
2023-02-03 20:00:00+00:00,411.75,413.01,411.125,412.31,304882.0,3280.0,412.16045
2023-02-03 21:00:00+00:00,412.3,412.3,412.01,412.3,12490.0,62.0,412.130975
2023-02-06 14:00:00+00:00,409.82,410.87,409.43,410.22,102500.0,1098.0,410.15744
2023-02-06 15:00:00+00:00,410.32,410.68,408.11,410.27,112306.0,1334.0,409.443543
2023-02-06 16:00:00+00:00,410.25,411.23,409.61,409.705,103874.0,1160.0,410.535725
2023-02-06 17:00:00+00:00,409.84,410.45,409.375,409.95,61398.0,894.0,409.892089
2023-02-06 18:00:00+00:00,409.985,410.29,409.26,409.98,53684.0,1158.0,409.821467
2023-02-06 19:00:00+00:00,410.18,411.04,409.7,410.23,99787.0,1372.0,410.318435
2023-02-06 20:00:00+00:00,410.215,410.295,408.74,409.95,213528.0,2790.0,409.727174
2023-02-06 21:00:00+00:00,410.02,410.06,409.86,410.02,11500.0,73.0,409.98292
2023-02-07 14:00:00+00:00,408.89,409.53,408.57,409.04,62039.0,721.0,409.055986
2023-02-07 15:00:00+00:00,408.97,409.4,408.37,408.71,117682.0,1259.0,408.76586
2023-02-07 16:00:00+00:00,408.775,410.67,408.775,410.23,80907.0,1054.0,409.892194
2023-02-07 17:00:00+00:00,410.2,415.07,409.41,414.32,149414.0,1786.0,412.445533
2023-02-07 18:00:00+00:00,414.4,414.915,407.74,408.89,328269.0,2522.0,410.456577
2023-02-07 19:00:00+00:00,409.0,413.73,408.98,413.56,192022.0,1750.0,412.121463
2023-02-07 20:00:00+00:00,413.67,416.49,412.68,415.25,357621.0,3446.0,414.883106
2023-02-07 21:00:00+00:00,414.68,414.68,414.19,414.23,7518.0,18.0,414.408117
2023-02-08 14:00:00+00:00,413.15,414.4,412.81,414.145,139614.0,1458.0,413.62279
2023-02-08 15:00:00+00:00,414.04,414.53,412.04,412.43,183237.0,1967.0,413.076221
2023-02-08 16:00:00+00:00,412.305,412.5,410.19,411.49,219243.0,1748.0,411.202037
2023-02-08 17:00:00+00:00,411.435,411.94,410.555,411.89,139872.0,1266.0,411.308537
2023-02-08 18:00:00+00:00,411.91,412.6,410.985,411.46,100124.0,1287.0,411.828262
2023-02-08 19:00:00+00:00,411.4,412.14,410.53,411.33,192114.0,1973.0,411.117274
2023-02-08 20:00:00+00:00,411.32,411.42,409.97,410.7,546758.0,4681.0,410.659002
2023-02-08 21:00:00+00:00,410.56,411.05,410.48,411.03,5875.0,39.0,410.754035
2023-02-09 14:00:00+00:00,414.5,414.55,413.1,413.35,98662.0,825.0,413.886476
2023-02-09 15:00:00+00:00,413.39,413.94,412.1,413.03,168837.0,1872.0,413.014613
2023-02-09 16:00:00+00:00,413.01,413.01,410.93,411.335,109995.0,1209.0,411.582115
2023-02-09 17:00:00+00:00,411.44,412.12,409.31,410.15,154182.0,1578.0,410.6626
2023-02-09 18:00:00+00:00,410.065,410.35,409.035,409.35,110059.0,1302.0,409.599271
2023-02-09 19:00:00+00:00,409.34,409.59,408.175,408.38,319859.0,3600.0,408.671435
2023-02-09 20:00:00+00:00,408.455,408.455,405.89,407.15,581380.0,5881.0,407.194639
2023-02-09 21:00:00+00:00,407.33,407.33,407.03,407.11,2802.0,8.0,407.196859
2023-02-10 14:00:00+00:00,405.94,406.98,405.5,406.27,101951.0,974.0,406.197465
2023-02-10 15:00:00+00:00,406.26,408.055,405.045,406.65,155941.0,1703.0,406.934817
2023-02-10 16:00:00+00:00,406.635,407.475,406.12,406.3,85252.0,1368.0,406.810949
2023-02-10 17:00:00+00:00,406.17,406.905,405.28,406.9,122213.0,1263.0,406.0476
2023-02-10 18:00:00+00:00,406.895,408.135,406.725,406.73,195949.0,2046.0,407.369629
2023-02-10 19:00:00+00:00,406.735,407.47,406.22,407.4,148037.0,1681.0,406.77878
2023-02-10 20:00:00+00:00,407.44,408.44,406.735,408.01,266439.0,3069.0,407.717672
2023-02-10 21:00:00+00:00,407.81,407.94,407.78,407.92,6241.0,27.0,407.838239
2023-02-13 14:00:00+00:00,408.76,410.34,408.24,410.25,51693.0,571.0,409.066829
2023-02-13 15:00:00+00:00,410.36,411.83,409.97,411.445,109306.0,1427.0,410.764991
2023-02-13 16:00:00+00:00,411.445,412.355,411.105,411.87,114583.0,1641.0,411.626893
2023-02-13 17:00:00+00:00,411.86,412.53,411.805,412.15,56904.0,1077.0,412.241788
2023-02-13 18:00:00+00:00,412.17,412.78,411.65,412.78,48100.0,887.0,412.248622
2023-02-13 19:00:00+00:00,412.825,412.96,411.18,411.75,175148.0,1897.0,411.874201
2023-02-13 20:00:00+00:00,411.73,412.74,411.08,412.74,325688.0,3063.0,412.155841
2023-02-13 21:00:00+00:00,412.82,413.07,412.82,412.88,6420.0,26.0,412.927433
2023-02-14 13:00:00+00:00,413.13,416.45,412.19,413.91,1700.0,7.0,415.09
2023-02-14 14:00:00+00:00,411.76,413.7,409.52,413.39,151317.0,1219.0,411.314739
2023-02-14 15:00:00+00:00,413.52,415.02,409.41,410.42,198871.0,1601.0,412.379958
2023-02-14 16:00:00+00:00,410.39,411.88,408.52,409.6,165405.0,1578.0,410.374459
2023-02-14 17:00:00+00:00,409.465,411.21,409.41,411.06,77156.0,1199.0,410.44531
2023-02-14 18:00:00+00:00,411.065,413.495,410.96,412.44,124776.0,1460.0,412.530519
2023-02-14 19:00:00+00:00,412.29,413.65,411.28,413.15,143756.0,1735.0,412.785722
2023-02-14 20:00:00+00:00,413.205,413.63,412.44,412.72,285918.0,3118.0,413.167627
2023-02-14 21:00:00+00:00,412.6,412.64,412.07,412.27,8466.0,44.0,412.206132
2023-02-15 14:00:00+00:00,410.44,411.54,409.785,410.18,117446.0,1179.0,410.61911
2023-02-15 15:00:00+00:00,410.13,411.66,409.87,410.77,106261.0,1178.0,410.851043
2023-02-15 16:00:00+00:00,410.68,412.725,410.67,412.15,104858.0,1187.0,411.894401
2023-02-15 17:00:00+00:00,412.17,412.3,410.85,411.495,66393.0,712.0,411.468736
2023-02-15 18:00:00+00:00,411.465,412.98,411.185,412.98,86660.0,1447.0,412.459175
2023-02-15 19:00:00+00:00,412.99,413.51,412.355,412.4,124681.0,2051.0,413.056035
2023-02-15 20:00:00+00:00,412.46,413.955,412.43,413.955,207111.0,2396.0,413.159506
2023-02-15 21:00:00+00:00,413.92,414.23,413.87,414.1,7935.0,23.0,414.06444
2023-02-16 14:00:00+00:00,408.82,409.7,408.36,408.925,103995.0,827.0,409.160815
2023-02-16 15:00:00+00:00,408.66,411.65,408.465,411.34,166414.0,1608.0,410.366416
2023-02-16 16:00:00+00:00,411.295,412.02,410.78,411.435,90618.0,1059.0,411.385037
2023-02-16 17:00:00+00:00,411.415,412.82,410.88,412.12,95386.0,994.0,412.057802
2023-02-16 18:00:00+00:00,412.185,412.635,411.31,412.14,103946.0,1237.0,411.966112
2023-02-16 19:00:00+00:00,412.26,412.91,411.93,412.17,123812.0,1399.0,412.404992
2023-02-16 20:00:00+00:00,412.13,412.285,408.2,408.27,475207.0,4584.0,409.408127
2023-02-16 21:00:00+00:00,408.21,408.27,407.92,408.06,4100.0,21.0,408.127073
2023-02-17 14:00:00+00:00,406.33,406.73,404.19,404.76,124236.0,1090.0,405.492393
2023-02-17 15:00:00+00:00,404.72,407.22,404.72,404.935,169686.0,1909.0,405.76977
2023-02-17 16:00:00+00:00,404.885,405.47,404.17,404.81,147426.0,1623.0,404.818416
2023-02-17 17:00:00+00:00,404.89,405.955,404.075,404.56,112145.0,1286.0,405.11765
2023-02-17 18:00:00+00:00,404.43,405.43,404.25,405.155,106644.0,1159.0,404.878936
2023-02-17 19:00:00+00:00,405.24,407.23,405.12,407.12,240673.0,2770.0,406.188046
2023-02-17 20:00:00+00:00,407.14,407.49,406.41,407.255,321423.0,3688.0,406.978001
2023-02-17 21:00:00+00:00,407.25,407.27,406.95,407.2,5205.0,11.0,407.124832
2023-02-21 14:00:00+00:00,403.32,404.075,402.43,402.53,131176.0,938.0,403.324592
2023-02-21 15:00:00+00:00,402.17,402.85,401.26,401.32,193152.0,1841.0,401.95499
2023-02-21 16:00:00+00:00,401.35,401.71,400.29,400.52,144358.0,1621.0,400.892828
2023-02-21 17:00:00+00:00,400.43,400.95,400.12,400.915,131443.0,1652.0,400.516494
2023-02-21 18:00:00+00:00,400.86,400.96,399.5,399.67,198353.0,2117.0,399.977117
2023-02-21 19:00:00+00:00,399.675,400.065,398.83,399.7,275572.0,2768.0,399.408437
2023-02-21 20:00:00+00:00,399.72,400.155,398.935,399.06,434712.0,4562.0,399.513583
2023-02-21 21:00:00+00:00,399.28,399.54,399.28,399.29,7705.0,18.0,399.401948
2023-02-22 14:00:00+00:00,399.51,400.45,399.335,399.675,108631.0,1103.0,399.939526
2023-02-22 15:00:00+00:00,399.65,399.79,397.635,399.16,161123.0,1683.0,398.544637
2023-02-22 16:00:00+00:00,399.115,399.575,398.595,399.44,103275.0,1245.0,399.102744
2023-02-22 17:00:00+00:00,399.235,400.53,399.1,400.105,137508.0,1321.0,399.912739
2023-02-22 18:00:00+00:00,400.115,400.88,399.835,400.32,125276.0,1380.0,400.4354
2023-02-22 19:00:00+00:00,400.29,401.13,397.52,397.54,147789.0,1509.0,399.271207
2023-02-22 20:00:00+00:00,397.56,398.54,397.03,398.53,379398.0,3771.0,397.71613
2023-02-22 21:00:00+00:00,398.66,398.76,398.51,398.51,7149.0,15.0,398.668151
2023-02-23 14:00:00+00:00,401.2,402.2,400.78,401.74,141160.0,1042.0,401.500095
2023-02-23 15:00:00+00:00,401.86,402.15,398.875,399.15,218436.0,1694.0,400.430174
2023-02-23 16:00:00+00:00,399.19,399.61,396.41,396.46,227131.0,1747.0,397.891408
2023-02-23 17:00:00+00:00,396.455,397.61,396.29,397.54,163507.0,1520.0,396.874076
2023-02-23 18:00:00+00:00,397.51,398.415,397.07,398.205,105755.0,1068.0,397.747604
2023-02-23 19:00:00+00:00,398.195,400.6,397.925,400.11,202224.0,1916.0,399.801793
2023-02-23 20:00:00+00:00,400.145,401.59,400.135,400.6,330885.0,2917.0,400.902886
2023-02-23 21:00:00+00:00,400.64,400.64,400.27,400.32,10270.0,46.0,400.403465
2023-02-24 13:00:00+00:00,395.78,395.89,395.78,395.81,1200.0,8.0,395.814167
2023-02-24 14:00:00+00:00,395.71,396.41,394.19,394.52,164075.0,1234.0,395.313756
2023-02-24 15:00:00+00:00,394.4,395.365,393.69,394.13,173240.0,1718.0,394.266065
2023-02-24 16:00:00+00:00,394.1,396.655,393.99,395.875,128511.0,1447.0,395.385766
2023-02-24 17:00:00+00:00,395.9,396.01,394.57,394.65,115908.0,1517.0,395.271914
2023-02-24 18:00:00+00:00,394.58,395.86,394.305,395.545,144271.0,1718.0,394.984689
2023-02-24 19:00:00+00:00,395.61,397.025,395.19,396.795,117968.0,1466.0,395.95946
2023-02-24 20:00:00+00:00,396.835,397.235,395.055,396.44,387038.0,3577.0,396.076413
2023-02-24 21:00:00+00:00,396.16,396.38,396.16,396.38,5500.0,12.0,396.285455
2023-02-27 14:00:00+00:00,399.92,400.33,399.11,400.31,97625.0,989.0,399.596393
2023-02-27 15:00:00+00:00,400.35,401.21,398.6,399.22,197153.0,1926.0,400.273121
2023-02-27 16:00:00+00:00,399.35,399.545,397.645,398.29,101529.0,1204.0,398.505569
2023-02-27 17:00:00+00:00,398.295,398.81,397.59,398.77,63616.0,892.0,398.250958
2023-02-27 18:00:00+00:00,398.765,399.17,398.13,398.995,64537.0,941.0,398.691576
2023-02-27 19:00:00+00:00,399.01,399.5,397.79,398.07,93082.0,1180.0,398.604109
2023-02-27 20:00:00+00:00,397.875,398.17,396.77,397.695,252187.0,2803.0,397.464039
2023-02-27 21:00:00+00:00,397.77,398.01,397.77,398.01,4000.0,8.0,397.8675
2023-02-28 14:00:00+00:00,397.29,398.005,396.47,397.325,111275.0,959.0,397.292622
2023-02-28 15:00:00+00:00,397.41,398.27,396.61,397.26,119189.0,1427.0,397.356766
2023-02-28 16:00:00+00:00,397.375,398.39,397.19,397.4,63695.0,1106.0,397.787851
2023-02-28 17:00:00+00:00,397.49,399.035,397.475,398.86,73374.0,1224.0,398.314889
2023-02-28 18:00:00+00:00,398.84,399.23,398.67,398.94,80628.0,1448.0,398.958025
2023-02-28 19:00:00+00:00,398.955,399.2,397.71,397.75,186787.0,2108.0,398.371391
2023-02-28 20:00:00+00:00,397.71,397.81,396.26,396.26,357258.0,3283.0,397.105502
2023-02-28 21:00:00+00:00,396.23,396.29,395.57,395.88,16526.0,44.0,395.838463
2023-03-01 14:00:00+00:00,395.61,396.675,395.175,396.08,122117.0,977.0,395.950815
2023-03-01 15:00:00+00:00,396.11,396.5,394.065,395.82,169899.0,1496.0,395.196457
2023-03-01 16:00:00+00:00,395.77,396.09,393.4,395.69,135713.0,1367.0,394.600564
2023-03-01 17:00:00+00:00,395.74,396.42,395.47,395.59,98241.0,927.0,395.854956
2023-03-01 18:00:00+00:00,395.61,395.61,394.32,394.85,121508.0,1056.0,394.944107
2023-03-01 19:00:00+00:00,394.73,394.905,393.65,394.05,137487.0,1421.0,394.258357
2023-03-01 20:00:00+00:00,394.015,395.17,394.015,394.715,265040.0,2891.0,394.611636
2023-03-01 21:00:00+00:00,394.65,394.95,394.6,394.95,3900.0,14.0,394.737179
2023-03-02 14:00:00+00:00,392.69,393.54,392.37,393.26,179050.0,1199.0,392.942041
2023-03-02 15:00:00+00:00,393.365,394.45,392.84,394.29,192189.0,1857.0,393.772905
2023-03-02 16:00:00+00:00,394.27,394.64,393.47,393.95,139079.0,1692.0,394.045046
2023-03-02 17:00:00+00:00,393.97,394.54,393.46,394.4,121983.0,1685.0,394.031963
2023-03-02 18:00:00+00:00,394.4,396.16,394.02,396.145,103929.0,1367.0,394.864595
2023-03-02 19:00:00+00:00,396.18,397.16,396.04,396.87,195226.0,2391.0,396.558649
2023-03-02 20:00:00+00:00,396.84,398.685,396.44,397.83,412457.0,4494.0,397.75474
2023-03-02 21:00:00+00:00,397.88,397.93,397.58,397.58,1560.0,4.0,397.79859
2023-03-03 14:00:00+00:00,399.71,400.9,399.18,400.47,76717.0,732.0,399.938025
2023-03-03 15:00:00+00:00,400.55,401.42,399.035,400.735,181810.0,1583.0,400.482288
2023-03-03 16:00:00+00:00,400.88,402.125,400.53,401.95,135005.0,1228.0,401.257522
2023-03-03 17:00:00+00:00,401.94,402.99,401.85,402.94,117427.0,1642.0,402.2009
2023-03-03 18:00:00+00:00,402.91,403.225,402.65,402.885,127141.0,1421.0,402.921885
2023-03-03 19:00:00+00:00,402.885,403.87,402.63,403.84,162969.0,1634.0,403.429062
2023-03-03 20:00:00+00:00,403.84,404.415,403.495,404.175,430875.0,4192.0,403.956473
2023-03-03 21:00:00+00:00,404.15,404.3,404.05,404.29,4200.0,10.0,404.172143
2023-03-06 14:00:00+00:00,405.13,405.83,404.79,405.76,90319.0,838.0,405.340335
2023-03-06 15:00:00+00:00,405.655,407.31,405.27,406.69,140733.0,1441.0,406.667901
2023-03-06 16:00:00+00:00,406.66,407.44,406.25,406.82,122155.0,1364.0,406.791188
2023-03-06 17:00:00+00:00,406.78,407.37,405.62,405.85,112950.0,1339.0,406.494339
2023-03-06 18:00:00+00:00,405.75,405.91,404.62,404.85,114058.0,1370.0,405.326371
2023-03-06 19:00:00+00:00,404.84,405.33,404.59,404.72,132351.0,1574.0,404.948153
2023-03-06 20:00:00+00:00,404.67,405.02,404.03,404.45,277141.0,2811.0,404.486103
2023-03-06 21:00:00+00:00,404.56,404.63,404.46,404.63,10300.0,22.0,404.544563
2023-03-07 14:00:00+00:00,404.45,404.65,404.095,404.42,76880.0,844.0,404.376472
2023-03-07 15:00:00+00:00,404.2,404.255,400.41,400.43,316503.0,2645.0,401.666607
2023-03-07 16:00:00+00:00,400.4,401.28,399.8,399.94,107286.0,1246.0,400.489801
2023-03-07 17:00:00+00:00,399.93,401.96,399.83,400.29,131487.0,1459.0,401.084823
2023-03-07 18:00:00+00:00,400.295,400.37,398.17,398.39,168053.0,2033.0,399.043753
2023-03-07 19:00:00+00:00,398.525,398.93,397.625,397.75,199761.0,2897.0,398.28693
2023-03-07 20:00:00+00:00,397.74,399.17,397.74,398.29,380721.0,3805.0,398.421973
2023-03-07 21:00:00+00:00,398.3,398.55,398.18,398.55,4760.0,26.0,398.385957
2023-03-08 14:00:00+00:00,398.41,399.09,397.965,398.71,109394.0,1024.0,398.443674
2023-03-08 15:00:00+00:00,398.7,399.66,396.88,398.315,187391.0,1962.0,398.4988
2023-03-08 16:00:00+00:00,398.47,399.7,397.75,399.3,128651.0,1516.0,398.772191
2023-03-08 17:00:00+00:00,399.35,399.46,397.24,397.87,143830.0,1313.0,398.242273
2023-03-08 18:00:00+00:00,397.955,398.13,396.62,397.01,166216.0,1485.0,397.087969
2023-03-08 19:00:00+00:00,397.1,398.0,396.945,397.33,173853.0,1686.0,397.605438
2023-03-08 20:00:00+00:00,397.35,399.16,396.955,398.87,253062.0,2698.0,398.086771
2023-03-08 21:00:00+00:00,398.87,399.17,398.77,399.17,4433.0,12.0,398.950905
2023-03-09 14:00:00+00:00,400.21,401.46,399.41,400.83,106537.0,1098.0,400.536407
2023-03-09 15:00:00+00:00,400.87,401.25,399.43,399.965,188102.0,2450.0,400.452998
2023-03-09 16:00:00+00:00,399.93,400.045,399.06,399.085,171835.0,1976.0,399.563857
2023-03-09 17:00:00+00:00,399.1,399.29,397.74,397.94,119836.0,1704.0,398.463421
2023-03-09 18:00:00+00:00,397.905,398.21,394.82,395.24,249165.0,2672.0,396.198948
2023-03-09 19:00:00+00:00,395.165,395.43,393.385,393.415,277224.0,3164.0,394.628842
2023-03-09 20:00:00+00:00,393.51,393.67,390.535,391.65,746604.0,6616.0,392.107407
2023-03-09 21:00:00+00:00,391.31,391.31,390.94,390.94,4500.0,9.0,391.11
2023-03-10 14:00:00+00:00,392.08,392.78,387.51,389.14,391945.0,2453.0,389.029292
2023-03-10 15:00:00+00:00,389.405,391.37,388.445,391.275,344821.0,3162.0,389.543174
2023-03-10 16:00:00+00:00,391.16,393.14,389.79,389.825,291709.0,2774.0,391.527047
2023-03-10 17:00:00+00:00,389.855,390.28,387.725,387.835,178206.0,2033.0,389.191931
2023-03-10 18:00:00+00:00,387.82,388.39,384.34,384.9,255649.0,2881.0,385.780036
2023-03-10 19:00:00+00:00,384.9,388.35,384.9,387.45,491504.0,5071.0,386.50898
2023-03-10 20:00:00+00:00,387.49,387.905,384.69,385.885,704532.0,6660.0,385.873326
2023-03-10 21:00:00+00:00,385.92,387.5,385.75,387.5,5010.0,18.0,386.191589
2023-03-13 12:00:00+00:00,383.5,383.5,383.5,383.5,100.0,1.0,383.5
2023-03-13 13:00:00+00:00,381.87,386.27,380.69,385.56,416210.0,3288.0,382.816946
2023-03-13 14:00:00+00:00,385.52,387.84,383.68,387.67,567336.0,4865.0,385.334702
2023-03-13 15:00:00+00:00,387.63,389.83,387.265,388.86,365213.0,3517.0,388.573031
2023-03-13 16:00:00+00:00,389.06,390.32,386.14,386.55,244175.0,2371.0,387.754394
2023-03-13 17:00:00+00:00,386.36,388.065,385.38,387.83,239782.0,2280.0,386.637012
2023-03-13 18:00:00+00:00,387.9,389.495,387.69,388.47,240870.0,2345.0,388.418162
2023-03-13 19:00:00+00:00,388.27,388.85,385.06,385.33,636313.0,6011.0,386.606043
2023-03-13 20:00:00+00:00,386.04,386.11,385.52,386.0,6900.0,58.0,385.792174
2023-03-14 12:00:00+00:00,387.97,389.38,387.97,389.19,1100.0,13.0,388.458966
2023-03-14 13:00:00+00:00,390.4,391.89,389.93,391.17,283120.0,2294.0,390.951787
2023-03-14 14:00:00+00:00,391.19,392.985,390.585,391.98,384390.0,4160.0,391.926214
2023-03-14 15:00:00+00:00,392.105,393.41,391.9,392.56,196500.0,1996.0,392.871918
2023-03-14 16:00:00+00:00,392.59,392.82,391.14,391.42,176447.0,1668.0,392.068014
2023-03-14 17:00:00+00:00,391.44,391.7,388.59,389.09,334318.0,2830.0,389.8418
2023-03-14 18:00:00+00:00,389.15,389.94,387.74,388.77,365838.0,3362.0,388.897594
2023-03-14 19:00:00+00:00,388.98,392.175,387.06,391.68,1001583.0,8956.0,390.004979
2023-03-14 20:00:00+00:00,391.46,391.58,391.43,391.43,5231.0,11.0,391.476249
2023-03-15 12:00:00+00:00,384.49,384.49,384.48,384.48,500.0,2.0,384.484
2023-03-15 13:00:00+00:00,385.21,387.65,385.19,385.575,552466.0,4856.0,386.346953
2023-03-15 14:00:00+00:00,385.48,387.26,384.35,386.23,279179.0,3081.0,385.857988
2023-03-15 15:00:00+00:00,386.1,387.325,385.66,385.74,118405.0,1323.0,386.41225
2023-03-15 16:00:00+00:00,385.95,386.18,383.74,384.17,196306.0,1607.0,384.738269
2023-03-15 17:00:00+00:00,384.13,386.945,383.835,386.51,191248.0,1677.0,385.673938
2023-03-15 18:00:00+00:00,386.52,389.41,385.54,388.8,319802.0,2704.0,388.073452
2023-03-15 19:00:00+00:00,388.79,389.36,386.79,389.29,622876.0,6915.0,388.033902
2023-03-15 20:00:00+00:00,389.28,389.28,389.28,389.28,446.0,2.0,389.28
2023-03-16 13:00:00+00:00,387.86,388.62,386.3,388.545,142085.0,1465.0,387.546371
2023-03-16 14:00:00+00:00,388.54,392.04,386.62,391.57,367816.0,3071.0,389.057036
2023-03-16 15:00:00+00:00,391.75,394.42,390.87,393.775,368738.0,2886.0,392.668463
2023-03-16 16:00:00+00:00,393.85,395.43,392.44,395.255,208214.0,1706.0,393.950904
2023-03-16 17:00:00+00:00,395.27,396.09,394.36,395.055,162842.0,1460.0,395.204603
2023-03-16 18:00:00+00:00,394.92,395.23,393.66,395.22,144769.0,1473.0,394.570637
2023-03-16 19:00:00+00:00,395.25,396.43,395.07,396.03,513013.0,4917.0,395.792613
2023-03-16 20:00:00+00:00,395.83,396.5,395.83,396.18,10397.0,83.0,396.217383
2023-03-17 13:00:00+00:00,393.2,394.14,392.24,392.78,258692.0,2164.0,393.228695
2023-03-17 14:00:00+00:00,393.01,394.29,389.44,390.31,334787.0,3052.0,391.280231
2023-03-17 15:00:00+00:00,390.14,390.98,388.58,389.565,187624.0,1743.0,389.706796
2023-03-17 16:00:00+00:00,389.705,391.75,389.53,390.3,186246.0,1821.0,390.565067
2023-03-17 17:00:00+00:00,390.36,391.6,390.22,390.965,139033.0,1250.0,390.917817
2023-03-17 18:00:00+00:00,391.13,391.44,388.555,389.67,248906.0,2215.0,389.487694
2023-03-17 19:00:00+00:00,389.75,390.86,389.29,390.12,426892.0,3621.0,390.104833
2023-03-17 20:00:00+00:00,390.71,390.71,390.08,390.15,20036.0,121.0,390.29807
2023-03-20 13:00:00+00:00,390.82,392.13,390.11,391.62,208510.0,1631.0,391.188688
2023-03-20 14:00:00+00:00,392.13,393.16,390.96,393.06,194354.0,1860.0,392.212368
2023-03-20 15:00:00+00:00,393.21,394.15,392.38,392.465,199721.0,2236.0,393.359934
2023-03-20 16:00:00+00:00,392.47,393.15,390.83,392.9,170542.0,1831.0,391.963304
2023-03-20 17:00:00+00:00,392.99,393.83,392.77,393.02,152145.0,1632.0,393.315147
2023-03-20 18:00:00+00:00,393.07,393.27,392.01,392.75,203950.0,2355.0,392.657201
2023-03-20 19:00:00+00:00,392.61,394.08,392.26,393.58,381572.0,4521.0,393.181325
2023-03-20 20:00:00+00:00,393.72,393.79,393.6,393.69,7357.0,15.0,393.700194
2023-03-21 13:00:00+00:00,397.26,397.95,397.11,397.88,144785.0,1301.0,397.593596
2023-03-21 14:00:00+00:00,397.94,398.33,395.84,396.23,315881.0,2926.0,396.839062
2023-03-21 15:00:00+00:00,396.18,397.29,395.59,395.9,194923.0,1961.0,396.58939
2023-03-21 16:00:00+00:00,395.89,396.86,395.69,396.44,143686.0,1655.0,396.311181
2023-03-21 17:00:00+00:00,396.43,397.41,396.15,396.32,157587.0,1564.0,396.881245
2023-03-21 18:00:00+00:00,396.28,397.93,396.245,397.65,188185.0,1822.0,396.877881
2023-03-21 19:00:00+00:00,397.63,399.4,397.63,398.88,473921.0,3799.0,398.609643
2023-03-21 20:00:00+00:00,398.86,399.2,398.86,399.2,7732.0,18.0,398.94761
2023-03-22 13:00:00+00:00,398.76,398.86,398.085,398.645,130739.0,1417.0,398.473985
2023-03-22 14:00:00+00:00,398.61,399.865,398.37,399.27,205266.0,1488.0,399.28551
2023-03-22 15:00:00+00:00,399.265,399.38,398.48,398.885,136858.0,1536.0,398.999719
2023-03-22 16:00:00+00:00,398.91,398.94,397.85,397.925,151519.0,1661.0,398.255504
2023-03-22 17:00:00+00:00,397.85,398.755,397.39,398.56,163822.0,1626.0,398.102468
2023-03-22 18:00:00+00:00,398.59,402.48,397.42,398.6,614088.0,4276.0,400.224658
2023-03-22 19:00:00+00:00,398.35,399.75,392.12,392.19,459491.0,3542.0,396.22596
2023-03-22 20:00:00+00:00,392.4,392.57,392.21,392.57,1600.0,11.0,392.35
2023-03-23 13:00:00+00:00,395.08,396.13,394.95,395.92,144543.0,1030.0,395.731607
2023-03-23 14:00:00+00:00,395.93,398.54,395.89,398.43,311299.0,2613.0,396.966369
2023-03-23 15:00:00+00:00,398.51,399.275,397.77,398.05,174201.0,1998.0,398.484597
2023-03-23 16:00:00+00:00,398.02,398.31,396.6,396.79,141517.0,1562.0,397.530445
2023-03-23 17:00:00+00:00,396.56,397.09,394.68,394.74,136726.0,1252.0,395.784499
2023-03-23 18:00:00+00:00,394.9,395.31,390.55,392.28,245555.0,2099.0,393.26354
2023-03-23 19:00:00+00:00,392.32,394.96,390.41,393.29,534151.0,5552.0,393.145736
2023-03-23 20:00:00+00:00,393.04,394.8,393.04,394.34,4000.0,40.0,394.176
2023-03-24 12:00:00+00:00,390.64,390.64,390.64,390.64,300.0,1.0,390.64
2023-03-24 13:00:00+00:00,391.81,391.98,389.4,391.67,190578.0,1663.0,390.847213
2023-03-24 14:00:00+00:00,391.665,392.88,390.29,391.52,219254.0,2460.0,391.62056
2023-03-24 15:00:00+00:00,391.64,393.23,389.96,393.15,131020.0,1392.0,391.371735
2023-03-24 16:00:00+00:00,393.22,393.995,391.79,393.31,148102.0,1602.0,392.827519
2023-03-24 17:00:00+00:00,393.32,394.34,392.72,393.55,138138.0,1498.0,393.513382
2023-03-24 18:00:00+00:00,393.73,395.1,393.42,394.65,157702.0,1838.0,394.391717
2023-03-24 19:00:00+00:00,394.68,395.83,394.05,395.7,347519.0,3593.0,395.116176
2023-03-24 20:00:00+00:00,395.87,396.21,395.75,396.13,14963.0,44.0,395.8801
2023-03-27 13:00:00+00:00,398.13,398.87,397.47,398.04,109916.0,1000.0,398.198167
2023-03-27 14:00:00+00:00,398.19,398.19,396.3,396.37,151016.0,1785.0,397.306038
2023-03-27 15:00:00+00:00,396.35,396.85,395.56,395.94,123182.0,1511.0,396.330881
2023-03-27 16:00:00+00:00,395.88,396.97,395.6,396.43,182390.0,1946.0,396.405551
2023-03-27 17:00:00+00:00,396.46,397.54,396.05,396.83,171221.0,1823.0,396.858541
2023-03-27 18:00:00+00:00,396.83,398.11,396.4,398.04,166018.0,1958.0,397.4063
2023-03-27 19:00:00+00:00,398.04,398.26,395.84,396.42,407879.0,4255.0,396.936661
2023-03-27 20:00:00+00:00,396.43,396.72,396.43,396.71,8296.0,34.0,396.599383
2023-03-28 12:00:00+00:00,395.6,395.6,395.6,395.6,400.0,2.0,395.6
2023-03-28 13:00:00+00:00,395.64,396.01,394.97,395.52,70721.0,860.0,395.549288
2023-03-28 14:00:00+00:00,395.48,396.44,394.56,394.8,188411.0,1806.0,395.538687
2023-03-28 15:00:00+00:00,394.78,396.17,394.75,396.05,105003.0,1121.0,395.634986
2023-03-28 16:00:00+00:00,396.11,396.14,395.105,395.36,90295.0,1168.0,395.506141
2023-03-28 17:00:00+00:00,395.35,395.46,393.7,393.83,127709.0,1420.0,394.486185
2023-03-28 18:00:00+00:00,393.84,394.955,393.73,394.81,133997.0,1631.0,394.340146
2023-03-28 19:00:00+00:00,394.86,395.705,394.35,395.695,255117.0,2814.0,395.146098
2023-03-28 20:00:00+00:00,396.2,396.2,396.0,396.2,12200.0,39.0,396.083279
2023-03-29 12:00:00+00:00,398.68,398.68,398.68,398.68,100.0,1.0,398.68
2023-03-29 13:00:00+00:00,399.24,400.11,399.24,399.82,172559.0,1676.0,399.723318
2023-03-29 14:00:00+00:00,399.96,400.26,398.73,398.81,247090.0,2537.0,399.471073
2023-03-29 15:00:00+00:00,398.8,399.92,398.775,399.91,132994.0,1590.0,399.46085
2023-03-29 16:00:00+00:00,399.92,400.11,399.5,399.66,150073.0,1778.0,399.85387
2023-03-29 17:00:00+00:00,399.66,400.4,399.39,399.575,152946.0,1764.0,399.898669
2023-03-29 18:00:00+00:00,399.545,400.705,399.23,400.64,154319.0,1816.0,399.974856
2023-03-29 19:00:00+00:00,400.63,401.595,400.13,401.33,486138.0,4988.0,401.148144
2023-03-29 20:00:00+00:00,401.22,401.44,401.17,401.42,8820.0,20.0,401.302086
2023-03-30 13:00:00+00:00,404.06,404.11,403.53,404.09,145580.0,1364.0,403.823856
2023-03-30 14:00:00+00:00,404.1,404.34,402.84,403.61,271215.0,2993.0,403.612519
2023-03-30 15:00:00+00:00,403.62,404.01,402.78,403.085,183925.0,1898.0,403.279413
2023-03-30 16:00:00+00:00,403.07,403.23,402.07,402.42,175170.0,1612.0,402.689094
2023-03-30 17:00:00+00:00,402.285,402.82,401.76,402.32,169567.0,1575.0,402.154838
2023-03-30 18:00:00+00:00,402.355,403.48,402.26,403.15,146713.0,1650.0,402.968457
2023-03-30 19:00:00+00:00,403.17,403.775,402.9,403.63,240493.0,2726.0,403.479392
2023-03-30 20:00:00+00:00,403.72,404.17,403.72,403.95,7795.0,20.0,403.945285
2023-03-31 13:00:00+00:00,404.68,405.745,404.6,405.49,232860.0,1400.0,405.41036
2023-03-31 14:00:00+00:00,405.56,406.305,405.37,406.21,281569.0,2320.0,405.816714
2023-03-31 15:00:00+00:00,406.235,407.14,406.045,407.14,213661.0,1700.0,406.695697
2023-03-31 16:00:00+00:00,407.12,407.68,407.06,407.21,153282.0,1744.0,407.289461
2023-03-31 17:00:00+00:00,407.23,407.31,406.71,407.13,149782.0,1677.0,406.988785
2023-03-31 18:00:00+00:00,407.145,407.71,406.975,407.5,151911.0,1605.0,407.367962
2023-03-31 19:00:00+00:00,407.61,409.67,407.61,409.37,472186.0,4239.0,408.762257
2023-03-31 20:00:00+00:00,409.36,409.74,409.26,409.74,20077.0,83.0,409.498005
2023-04-03 12:00:00+00:00,408.92,408.92,408.92,408.92,200.0,1.0,408.92
2023-04-03 13:00:00+00:00,408.87,410.695,408.845,410.11,229757.0,1540.0,409.675917
2023-04-03 14:00:00+00:00,410.175,411.37,408.96,408.96,271928.0,2596.0,410.328029
2023-04-03 15:00:00+00:00,408.99,409.49,408.45,409.46,183501.0,1920.0,408.992826
2023-04-03 16:00:00+00:00,409.48,409.88,409.24,409.3,120121.0,1217.0,409.589467
2023-04-03 17:00:00+00:00,409.21,409.77,408.9,409.225,156393.0,1439.0,409.286768
2023-04-03 18:00:00+00:00,409.225,410.46,409.1,410.4,123718.0,1593.0,409.705506
2023-04-03 19:00:00+00:00,410.38,411.19,410.32,411.01,389096.0,4038.0,410.823672
2023-04-03 20:00:00+00:00,410.98,411.05,410.86,410.86,14198.0,57.0,410.988593
2023-04-04 13:00:00+00:00,411.61,411.67,410.46,410.98,164247.0,1348.0,411.065575
2023-04-04 14:00:00+00:00,411.44,411.92,409.565,409.8,302542.0,2488.0,410.788962
2023-04-04 15:00:00+00:00,409.71,409.71,408.23,408.295,285727.0,2318.0,408.819489
2023-04-04 16:00:00+00:00,408.365,408.525,407.26,408.34,164632.0,1881.0,408.061492
2023-04-04 17:00:00+00:00,408.31,409.29,408.125,408.7,149503.0,1425.0,408.852882
2023-04-04 18:00:00+00:00,408.635,408.97,407.69,407.88,162685.0,1840.0,408.306497
2023-04-04 19:00:00+00:00,407.83,408.71,407.48,408.7,424949.0,3493.0,408.106371
2023-04-04 20:00:00+00:00,408.72,409.0,408.72,408.97,28900.0,108.0,408.812848
2023-04-05 13:00:00+00:00,407.88,408.61,407.77,408.35,141925.0,1408.0,408.129501
2023-04-05 14:00:00+00:00,408.59,408.59,406.23,406.355,272643.0,2476.0,407.299217
2023-04-05 15:00:00+00:00,406.35,407.385,406.155,407.06,153699.0,1706.0,406.781306
2023-04-05 16:00:00+00:00,407.11,407.11,405.9,406.15,133061.0,1825.0,406.32788
2023-04-05 17:00:00+00:00,406.14,407.19,406.005,407.19,115178.0,1569.0,406.745446
2023-04-05 18:00:00+00:00,407.17,407.77,407.065,407.5,134910.0,1711.0,407.38477
2023-04-05 19:00:00+00:00,407.505,407.84,406.84,407.63,256956.0,2778.0,407.497502
2023-04-05 20:00:00+00:00,407.68,407.73,407.43,407.43,10754.0,23.0,407.616452
2023-04-06 13:00:00+00:00,406.59,406.88,405.69,406.1,135585.0,1225.0,406.086563
2023-04-06 14:00:00+00:00,406.15,407.29,406.135,406.43,238981.0,2038.0,406.7421
2023-04-06 15:00:00+00:00,406.44,408.14,406.24,408.09,156823.0,1915.0,407.369934
2023-04-06 16:00:00+00:00,408.13,409.13,408.13,408.59,221087.0,2151.0,408.64673
2023-04-06 17:00:00+00:00,408.61,409.21,408.42,408.84,116419.0,1558.0,408.873416
2023-04-06 18:00:00+00:00,408.87,409.47,408.77,408.94,164548.0,1823.0,409.165137
2023-04-06 19:00:00+00:00,408.98,409.25,408.49,409.22,434428.0,4231.0,408.978687
2023-04-06 20:00:00+00:00,409.11,409.15,409.04,409.04,28847.0,23.0,409.092334
2023-04-10 13:00:00+00:00,406.65,406.84,405.985,406.215,145590.0,1303.0,406.407763
2023-04-10 14:00:00+00:00,406.17,407.385,406.04,406.66,230108.0,2534.0,406.821896
2023-04-10 15:00:00+00:00,406.735,407.77,406.735,407.03,132765.0,1458.0,407.407716
2023-04-10 16:00:00+00:00,406.985,408.34,406.295,408.25,145835.0,1669.0,407.323117
2023-04-10 17:00:00+00:00,408.35,408.88,408.195,408.64,173124.0,1629.0,408.555055
2023-04-10 18:00:00+00:00,408.64,409.11,408.4,409.07,101329.0,1425.0,408.762704
2023-04-10 19:00:00+00:00,409.09,409.68,408.65,409.68,262663.0,2949.0,409.05459
2023-04-10 20:00:00+00:00,409.48,410.06,409.48,410.06,26219.0,31.0,409.86523
2023-04-11 13:00:00+00:00,410.1,410.26,409.41,409.51,122154.0,1068.0,409.824256
2023-04-11 14:00:00+00:00,409.525,410.01,408.95,409.39,143325.0,1567.0,409.521921
2023-04-11 15:00:00+00:00,409.39,410.1,409.36,410.04,125072.0,1501.0,409.816298
2023-04-11 16:00:00+00:00,410.09,410.53,409.835,410.38,107589.0,1523.0,410.221142
2023-04-11 17:00:00+00:00,410.425,410.88,410.16,410.88,92183.0,1158.0,410.523673
2023-04-11 18:00:00+00:00,410.85,411.12,410.54,410.93,115661.0,1380.0,410.891187
2023-04-11 19:00:00+00:00,410.955,411.16,409.24,409.695,302125.0,3066.0,410.16648
2023-04-11 20:00:00+00:00,409.7,409.96,409.7,409.88,15053.0,21.0,409.896216
2023-04-12 12:00:00+00:00,412.92,412.92,412.92,412.92,300.0,1.0,412.92
2023-04-12 13:00:00+00:00,411.92,412.16,410.14,410.775,152313.0,1386.0,411.345052
2023-04-12 14:00:00+00:00,410.735,411.85,409.1,409.23,230255.0,2411.0,410.767428
2023-04-12 15:00:00+00:00,409.17,410.46,408.23,410.35,166648.0,2001.0,409.270666
2023-04-12 16:00:00+00:00,410.34,410.91,410.26,410.85,122897.0,1475.0,410.583738
2023-04-12 17:00:00+00:00,410.9,411.48,410.5,410.89,103418.0,1172.0,411.095355
2023-04-12 18:00:00+00:00,410.83,411.46,408.55,409.01,120640.0,1276.0,409.853599
2023-04-12 19:00:00+00:00,409.03,409.41,407.45,408.04,366926.0,3384.0,407.946676
2023-04-12 20:00:00+00:00,408.01,408.01,407.7,407.75,11080.0,33.0,407.823455
2023-04-13 13:00:00+00:00,409.21,409.455,408.72,408.99,149443.0,1392.0,409.166226
2023-04-13 14:00:00+00:00,409.17,410.85,408.955,410.245,269310.0,2649.0,410.328833
2023-04-13 15:00:00+00:00,410.37,411.08,410.335,410.935,178018.0,1674.0,410.672528
2023-04-13 16:00:00+00:00,411.01,411.555,410.95,411.49,159249.0,1622.0,411.266337
2023-04-13 17:00:00+00:00,411.53,412.77,411.12,412.66,171575.0,1776.0,412.114073
2023-04-13 18:00:00+00:00,412.72,413.65,412.56,413.58,283224.0,2349.0,413.209441
2023-04-13 19:00:00+00:00,413.56,413.835,413.13,413.4,452786.0,4100.0,413.39418
2023-04-13 20:00:00+00:00,413.35,413.42,413.25,413.25,21799.0,17.0,413.365715
2023-04-14 12:00:00+00:00,412.85,412.85,412.85,412.85,237.0,4.0,412.85
2023-04-14 13:00:00+00:00,412.85,415.09,412.84,414.82,134831.0,1319.0,414.160874
2023-04-14 14:00:00+00:00,414.58,414.95,411.72,412.215,225132.0,2275.0,413.008907
2023-04-14 15:00:00+00:00,412.245,412.46,411.305,411.77,136363.0,1597.0,411.75713
2023-04-14 16:00:00+00:00,411.7,411.83,410.16,410.37,148816.0,1708.0,410.883684
2023-04-14 17:00:00+00:00,410.31,411.53,410.085,411.01,122782.0,1310.0,410.716564
2023-04-14 18:00:00+00:00,411.06,412.16,410.7,412.03,138769.0,1521.0,411.658448
2023-04-14 19:00:00+00:00,412.08,412.785,410.675,412.495,259748.0,2429.0,412.053927
2023-04-14 20:00:00+00:00,412.6,413.65,412.58,413.34,32402.0,79.0,412.870897
2023-04-17 13:00:00+00:00,412.46,413.18,412.27,412.61,82033.0,809.0,412.719612
2023-04-17 14:00:00+00:00,412.92,413.175,411.94,412.34,155292.0,1831.0,412.570359
2023-04-17 15:00:00+00:00,412.37,412.67,411.23,411.69,133828.0,1462.0,411.841319
2023-04-17 16:00:00+00:00,411.71,412.0,411.29,411.77,85044.0,1136.0,411.657257
2023-04-17 17:00:00+00:00,411.73,412.08,411.23,411.34,72789.0,808.0,411.722981
2023-04-17 18:00:00+00:00,411.32,412.805,411.095,412.7,199695.0,1521.0,412.082659
2023-04-17 19:00:00+00:00,412.75,413.94,412.745,413.94,362682.0,3258.0,413.382625
2023-04-17 20:00:00+00:00,413.99,414.27,413.95,414.01,35927.0,37.0,414.11318
2023-04-18 13:00:00+00:00,415.63,415.72,414.5,414.675,129677.0,1206.0,415.244858
2023-04-18 14:00:00+00:00,414.69,414.7,412.94,413.315,209555.0,2585.0,413.729719
2023-04-18 15:00:00+00:00,413.45,413.83,412.79,413.225,151874.0,1928.0,413.290187
2023-04-18 16:00:00+00:00,413.2,414.24,413.115,413.76,115292.0,1707.0,413.913583
2023-04-18 17:00:00+00:00,413.8,414.45,413.59,413.985,146807.0,1976.0,414.041928
2023-04-18 18:00:00+00:00,413.955,414.49,413.23,413.82,163437.0,2339.0,413.969063
2023-04-18 19:00:00+00:00,413.86,414.59,413.825,414.215,346308.0,3723.0,414.247023
2023-04-18 20:00:00+00:00,414.09,414.32,413.96,414.32,4701.0,13.0,414.036808
2023-04-19 12:00:00+00:00,411.52,411.76,411.52,411.76,800.0,2.0,411.61
2023-04-19 13:00:00+00:00,411.86,412.73,411.86,412.28,132289.0,1124.0,412.406028
2023-04-19 14:00:00+00:00,412.3,413.58,412.27,413.32,217749.0,1996.0,412.988935
2023-04-19 15:00:00+00:00,413.38,413.78,412.98,413.72,116916.0,1199.0,413.405486
2023-04-19 16:00:00+00:00,413.78,414.2,413.53,414.04,115621.0,1206.0,413.921553
2023-04-19 17:00:00+00:00,414.055,414.58,413.85,414.545,132548.0,1547.0,414.230668
2023-04-19 18:00:00+00:00,414.57,415.06,414.2,414.54,119398.0,1418.0,414.440805
2023-04-19 19:00:00+00:00,414.555,414.77,413.64,414.26,229176.0,2709.0,414.179939
2023-04-19 20:00:00+00:00,413.96,413.96,413.7,413.75,10445.0,38.0,413.882429
2023-04-20 12:00:00+00:00,411.42,411.42,411.42,411.42,128.0,2.0,411.42
2023-04-20 13:00:00+00:00,411.35,412.3,411.08,411.69,181981.0,1421.0,411.734475
2023-04-20 14:00:00+00:00,411.71,412.865,411.36,412.7,154948.0,1448.0,412.222545
2023-04-20 15:00:00+00:00,412.82,412.83,411.84,412.33,101848.0,1259.0,412.279672
2023-04-20 16:00:00+00:00,412.315,413.295,411.89,413.26,83793.0,1065.0,412.72154
2023-04-20 17:00:00+00:00,413.32,413.69,413.11,413.24,155513.0,1162.0,413.425418
2023-04-20 18:00:00+00:00,413.175,413.24,411.14,411.65,244211.0,1803.0,411.934814
2023-04-20 19:00:00+00:00,411.65,411.95,410.27,411.835,434241.0,3256.0,411.018257
2023-04-20 20:00:00+00:00,411.98,412.25,411.92,411.92,7992.0,18.0,411.997227
2023-04-21 13:00:00+00:00,412.4,412.4,410.92,411.02,97026.0,861.0,411.80094
2023-04-21 14:00:00+00:00,410.93,412.42,410.24,410.805,127687.0,1489.0,411.144504
2023-04-21 15:00:00+00:00,410.83,411.93,410.78,411.725,72095.0,936.0,411.366204
2023-04-21 16:00:00+00:00,411.78,412.02,411.28,411.605,66744.0,955.0,411.584869
2023-04-21 17:00:00+00:00,411.655,412.355,411.36,412.215,81373.0,1113.0,411.909154
2023-04-21 18:00:00+00:00,412.255,412.66,411.735,412.05,141275.0,1704.0,412.214529
2023-04-21 19:00:00+00:00,411.99,412.38,411.375,412.16,335464.0,3068.0,411.960979
2023-04-21 20:00:00+00:00,412.14,412.17,411.98,412.08,15877.0,20.0,412.091361
2023-04-24 13:00:00+00:00,411.98,412.95,411.94,412.69,84015.0,712.0,412.638022
2023-04-24 14:00:00+00:00,412.725,413.05,411.39,411.62,126551.0,1306.0,412.235839
2023-04-24 15:00:00+00:00,411.66,411.68,410.8,410.9,137166.0,1442.0,411.200786
2023-04-24 16:00:00+00:00,410.875,411.73,410.62,411.69,92623.0,854.0,411.255138
2023-04-24 17:00:00+00:00,411.7,412.28,411.38,412.17,98659.0,1067.0,411.917091
2023-04-24 18:00:00+00:00,412.21,412.39,411.75,412.06,114967.0,1207.0,412.051516
2023-04-24 19:00:00+00:00,412.135,412.63,412.09,412.63,338918.0,2664.0,412.379203
2023-04-24 20:00:00+00:00,412.58,412.67,412.5,412.67,9000.0,8.0,412.575
2023-04-25 13:00:00+00:00,410.67,411.14,410.04,410.29,155791.0,1572.0,410.584535
2023-04-25 14:00:00+00:00,410.23,410.76,409.14,409.85,201275.0,2093.0,409.779044
2023-04-25 15:00:00+00:00,409.9,410.4,408.96,409.01,143976.0,1649.0,409.494489
2023-04-25 16:00:00+00:00,408.99,409.27,408.44,408.64,127558.0,1584.0,408.849749
2023-04-25 17:00:00+00:00,408.65,408.91,406.86,406.97,252293.0,2516.0,407.485187
2023-04-25 18:00:00+00:00,407.0,407.4,406.58,406.63,302213.0,2244.0,406.901165
2023-04-25 19:00:00+00:00,406.585,407.425,406.04,406.12,407404.0,3472.0,406.558985
2023-04-25 20:00:00+00:00,406.6,407.69,406.6,407.65,9000.0,72.0,407.402727
2023-04-26 13:00:00+00:00,406.75,407.245,406.36,406.83,127809.0,1325.0,406.838668
2023-04-26 14:00:00+00:00,406.85,406.965,405.025,406.2,318202.0,2738.0,405.879064
2023-04-26 15:00:00+00:00,406.28,407.55,406.24,407.35,190119.0,2021.0,407.116121
2023-04-26 16:00:00+00:00,407.4,407.83,406.515,406.65,153013.0,1516.0,407.154597
2023-04-26 17:00:00+00:00,406.66,406.96,404.99,405.26,183384.0,2152.0,406.044236
2023-04-26 18:00:00+00:00,405.265,405.32,404.12,404.36,232189.0,2498.0,404.767799
2023-04-26 19:00:00+00:00,404.345,404.96,403.785,404.37,439554.0,4340.0,404.248218
2023-04-26 20:00:00+00:00,404.4,405.48,404.4,405.38,6009.0,53.0,405.152667
2023-04-27 13:00:00+00:00,406.99,407.85,406.75,407.585,204954.0,1687.0,407.233087
2023-04-27 14:00:00+00:00,407.63,408.56,407.45,407.67,310994.0,2811.0,408.096323
2023-04-27 15:00:00+00:00,407.71,409.2,407.46,409.16,186510.0,1710.0,408.512874
2023-04-27 16:00:00+00:00,409.225,409.84,409.225,409.76,185664.0,1791.0,409.553286
2023-04-27 17:00:00+00:00,409.76,411.125,409.66,410.77,215973.0,1937.0,410.471164
2023-04-27 18:00:00+00:00,410.785,412.49,410.78,412.49,325611.0,2433.0,411.557653
2023-04-27 19:00:00+00:00,412.44,412.675,412.085,412.38,558839.0,4649.0,412.372113
2023-04-27 20:00:00+00:00,412.62,412.93,412.5,412.79,5800.0,58.0,412.726379
2023-04-28 13:00:00+00:00,411.48,412.76,411.47,412.56,157681.0,1497.0,412.249106
2023-04-28 14:00:00+00:00,412.45,414.8,412.37,413.17,380848.0,2940.0,414.073635
2023-04-28 15:00:00+00:00,413.24,414.87,412.32,414.74,155041.0,1635.0,413.683934
2023-04-28 16:00:00+00:00,414.76,415.52,414.38,415.45,143781.0,1494.0,414.900563
2023-04-28 17:00:00+00:00,415.445,415.54,414.57,414.94,139861.0,1367.0,415.169485
2023-04-28 18:00:00+00:00,414.955,415.465,414.13,414.8,168763.0,1632.0,414.735184
2023-04-28 19:00:00+00:00,414.78,415.925,414.65,415.9,502138.0,3633.0,415.191767
2023-04-28 20:00:00+00:00,416.14,416.27,415.99,415.99,46378.0,87.0,416.166388
2023-05-01 12:00:00+00:00,415.66,415.66,415.66,415.66,600.0,3.0,415.66
2023-05-01 13:00:00+00:00,415.48,416.71,415.48,416.38,121871.0,1073.0,416.094386
2023-05-01 14:00:00+00:00,416.1,417.04,415.79,416.935,136212.0,1608.0,416.344047
2023-05-01 15:00:00+00:00,416.995,417.135,415.58,416.335,116659.0,1303.0,416.250654
2023-05-01 16:00:00+00:00,416.34,417.6,416.315,417.26,90394.0,1048.0,416.986939
2023-05-01 17:00:00+00:00,417.175,417.33,416.63,417.03,95266.0,1066.0,417.012503
2023-05-01 18:00:00+00:00,417.02,417.11,415.43,416.09,148534.0,1711.0,416.19481
2023-05-01 19:00:00+00:00,416.17,416.21,415.275,415.56,333883.0,3380.0,415.843672
2023-05-01 20:00:00+00:00,415.64,415.81,415.19,415.19,16800.0,57.0,415.513939
2023-05-02 13:00:00+00:00,414.73,414.8,413.66,413.82,112840.0,959.0,414.090974
2023-05-02 14:00:00+00:00,413.86,414.045,408.98,409.07,391947.0,3158.0,411.028895
2023-05-02 15:00:00+00:00,409.085,409.41,407.82,408.72,295713.0,2813.0,408.665739
2023-05-02 16:00:00+00:00,408.71,409.83,408.49,409.695,144033.0,1418.0,409.136375
2023-05-02 17:00:00+00:00,409.66,411.28,409.48,410.815,138767.0,1532.0,410.293625
2023-05-02 18:00:00+00:00,410.87,411.14,409.795,411.005,161055.0,1723.0,410.308019
2023-05-02 19:00:00+00:00,411.07,411.58,410.47,410.825,433476.0,3538.0,411.089074
2023-05-02 20:00:00+00:00,410.98,411.0,410.65,410.65,22718.0,103.0,410.858563
2023-05-03 13:00:00+00:00,411.38,412.62,411.275,412.165,110605.0,935.0,411.796468
2023-05-03 14:00:00+00:00,412.255,412.46,410.525,410.91,121203.0,1363.0,411.508798
2023-05-03 15:00:00+00:00,410.98,411.54,410.31,411.47,86569.0,1068.0,410.79552
2023-05-03 16:00:00+00:00,411.46,412.14,411.075,412.13,69257.0,800.0,411.632337
2023-05-03 17:00:00+00:00,412.125,412.58,411.92,412.08,120194.0,1256.0,412.169683
2023-05-03 18:00:00+00:00,412.05,413.84,410.32,412.23,204590.0,1820.0,412.080377
2023-05-03 19:00:00+00:00,412.27,413.06,407.79,407.96,358626.0,3032.0,409.135241
2023-05-03 20:00:00+00:00,408.38,408.93,406.8,406.9,9005.0,42.0,408.220111
2023-05-04 13:00:00+00:00,406.92,407.165,404.93,405.61,161206.0,1371.0,405.803912
2023-05-04 14:00:00+00:00,405.595,405.95,403.865,404.91,294886.0,2461.0,404.78782
2023-05-04 15:00:00+00:00,404.735,406.475,404.21,404.36,245902.0,2193.0,405.240825
2023-05-04 16:00:00+00:00,404.47,405.84,403.75,405.81,178605.0,1778.0,404.777396
2023-05-04 17:00:00+00:00,405.895,407.15,405.585,406.145,236142.0,1839.0,406.285614
2023-05-04 18:00:00+00:00,406.15,406.24,404.63,405.26,210782.0,1695.0,405.466456
2023-05-04 19:00:00+00:00,405.23,406.27,404.6,404.965,362423.0,3388.0,405.311822
2023-05-04 20:00:00+00:00,405.03,405.03,404.75,404.83,10227.0,81.0,404.8602
2023-05-05 13:00:00+00:00,408.76,410.305,408.65,410.07,243731.0,1703.0,409.748632
2023-05-05 14:00:00+00:00,410.185,411.64,410.06,411.045,253360.0,2531.0,410.868074
2023-05-05 15:00:00+00:00,411.095,411.47,410.66,411.015,145405.0,1572.0,411.023071
2023-05-05 16:00:00+00:00,411.03,411.11,410.2,411.08,91543.0,1273.0,410.776729
2023-05-05 17:00:00+00:00,411.095,411.96,411.08,411.86,132708.0,1356.0,411.492257
2023-05-05 18:00:00+00:00,411.855,413.7,411.81,413.245,193294.0,2015.0,412.664452
2023-05-05 19:00:00+00:00,413.24,413.5,412.175,412.68,477422.0,3444.0,412.779408
2023-05-05 20:00:00+00:00,412.5,412.5,412.22,412.5,9498.0,19.0,412.403352
2023-05-08 13:00:00+00:00,412.96,413.12,411.89,412.09,91244.0,953.0,412.461044
2023-05-08 14:00:00+00:00,412.21,412.56,411.7,412.39,188164.0,1946.0,412.10643
2023-05-08 15:00:00+00:00,412.405,412.84,411.85,412.65,110822.0,1300.0,412.458822
2023-05-08 16:00:00+00:00,412.64,412.77,411.99,412.23,60114.0,896.0,412.32747
2023-05-08 17:00:00+00:00,412.335,412.9,412.12,412.795,78315.0,1002.0,412.636568
2023-05-08 18:00:00+00:00,412.83,413.22,411.285,413.11,126683.0,1323.0,412.548134
2023-05-08 19:00:00+00:00,413.14,413.175,412.425,412.8,262790.0,2542.0,412.791025
2023-05-08 20:00:00+00:00,412.62,412.84,412.62,412.75,7902.0,28.0,412.70334
2023-05-09 13:00:00+00:00,411.15,411.675,410.72,411.6,98708.0,940.0,411.077436
2023-05-09 14:00:00+00:00,411.655,411.82,410.85,411.42,149428.0,1661.0,411.269401
2023-05-09 15:00:00+00:00,411.51,411.72,410.97,411.01,66887.0,966.0,411.364744
2023-05-09 16:00:00+00:00,410.94,411.36,410.82,411.35,81437.0,993.0,411.003117
2023-05-09 17:00:00+00:00,411.365,411.89,411.25,411.84,86045.0,1110.0,411.46767
2023-05-09 18:00:00+00:00,411.865,412.07,411.13,411.44,109204.0,1385.0,411.771523
2023-05-09 19:00:00+00:00,411.47,411.785,410.815,410.94,239511.0,2371.0,411.310068
2023-05-09 20:00:00+00:00,411.21,411.37,411.05,411.05,10780.0,28.0,411.242547
2023-05-10 13:00:00+00:00,413.79,414.51,411.52,412.49,177000.0,1636.0,412.86644
2023-05-10 14:00:00+00:00,412.78,413.7,410.2,410.89,232065.0,2130.0,412.197231
2023-05-10 15:00:00+00:00,410.865,412.42,410.86,411.64,150133.0,1413.0,411.775988
2023-05-10 16:00:00+00:00,411.685,411.7,410.48,410.655,115991.0,1252.0,411.182643
2023-05-10 17:00:00+00:00,410.63,410.695,408.88,410.08,181840.0,1904.0,409.723202
2023-05-10 18:00:00+00:00,410.22,412.2,410.17,412.0,185347.0,1715.0,411.318509
2023-05-10 19:00:00+00:00,411.98,413.77,411.83,412.68,378085.0,3722.0,412.934671
2023-05-10 20:00:00+00:00,412.94,413.16,412.84,412.87,6105.0,49.0,412.997586
2023-05-11 13:00:00+00:00,411.965,412.07,410.17,410.28,119055.0,1018.0,410.904841
2023-05-11 14:00:00+00:00,410.305,411.345,409.97,411.32,266481.0,1818.0,410.575093
2023-05-11 15:00:00+00:00,411.355,412.01,410.99,411.87,92966.0,1001.0,411.53573
2023-05-11 16:00:00+00:00,411.89,412.23,411.315,412.055,85558.0,818.0,411.78195
2023-05-11 17:00:00+00:00,412.09,412.09,410.275,411.285,125033.0,1282.0,411.250932
2023-05-11 18:00:00+00:00,411.335,412.39,410.935,412.21,87876.0,953.0,411.619694
2023-05-11 19:00:00+00:00,412.25,412.31,411.47,412.08,207613.0,2005.0,411.933932
2023-05-11 20:00:00+00:00,412.25,412.25,412.13,412.13,3400.0,8.0,412.177059
2023-05-12 13:00:00+00:00,413.43,413.63,412.57,412.99,91964.0,883.0,413.239866
2023-05-12 14:00:00+00:00,412.55,412.91,411.23,411.5,156307.0,1410.0,411.942092
2023-05-12 15:00:00+00:00,411.48,412.01,410.675,411.455,103212.0,1014.0,411.14322
2023-05-12 16:00:00+00:00,411.54,411.54,409.455,409.61,103315.0,1086.0,410.132642
2023-05-12 17:00:00+00:00,409.56,410.675,409.21,409.36,108920.0,1059.0,409.86685
2023-05-12 18:00:00+00:00,409.22,409.98,409.11,409.9,131655.0,1167.0,409.461252
2023-05-12 19:00:00+00:00,409.91,411.65,409.67,411.61,271193.0,2025.0,410.802349
2023-05-12 20:00:00+00:00,411.57,411.57,411.06,411.06,32591.0,45.0,411.215481
2023-05-15 13:00:00+00:00,412.27,412.275,410.8,410.82,90171.0,946.0,411.443967
2023-05-15 14:00:00+00:00,410.86,411.97,410.26,411.425,157535.0,1371.0,411.062972
2023-05-15 15:00:00+00:00,411.41,412.19,411.395,412.005,119743.0,1169.0,411.921387
2023-05-15 16:00:00+00:00,412.0,412.78,411.71,412.77,82931.0,1006.0,412.092177
2023-05-15 17:00:00+00:00,412.8,413.39,411.57,412.31,127791.0,1257.0,412.693575
2023-05-15 18:00:00+00:00,412.37,412.8,412.18,412.42,86005.0,1160.0,412.435516
2023-05-15 19:00:00+00:00,412.485,413.02,412.41,413.02,140209.0,1533.0,412.655932
2023-05-15 20:00:00+00:00,412.84,412.99,412.82,412.85,9198.0,16.0,412.903187
2023-05-16 13:00:00+00:00,411.85,412.78,411.355,411.55,109060.0,955.0,411.875526
2023-05-16 14:00:00+00:00,411.645,412.11,410.73,411.49,119445.0,1241.0,411.297728
2023-05-16 15:00:00+00:00,411.54,412.055,411.035,411.845,115269.0,1031.0,411.545369
2023-05-16 16:00:00+00:00,411.93,412.27,411.56,412.05,121374.0,1012.0,411.893803
2023-05-16 17:00:00+00:00,412.06,412.13,411.375,411.86,147095.0,1199.0,411.760724
2023-05-16 18:00:00+00:00,411.895,411.955,411.02,411.645,147518.0,1427.0,411.409958
2023-05-16 19:00:00+00:00,411.7,411.85,410.25,410.28,238925.0,2389.0,411.043424
2023-05-16 20:00:00+00:00,410.12,411.0,410.12,410.95,9226.0,26.0,410.523188
2023-05-17 13:00:00+00:00,412.16,412.39,410.65,410.76,94047.0,994.0,411.757996
2023-05-17 14:00:00+00:00,410.76,411.92,410.7,411.88,121845.0,1450.0,411.506052
2023-05-17 15:00:00+00:00,411.875,412.81,411.23,412.535,152113.0,1416.0,412.144985
2023-05-17 16:00:00+00:00,412.61,414.62,412.44,414.41,175426.0,1864.0,413.479597
2023-05-17 17:00:00+00:00,414.49,415.84,414.475,415.745,330638.0,2556.0,415.215825
2023-05-17 18:00:00+00:00,415.81,415.81,414.55,414.57,163145.0,1529.0,415.197977
2023-05-17 19:00:00+00:00,414.555,415.51,414.46,415.14,290194.0,2621.0,415.023394
2023-05-17 20:00:00+00:00,415.0,415.2,415.0,415.03,15871.0,48.0,415.070944
2023-05-18 13:00:00+00:00,414.96,415.465,414.7,415.125,98641.0,1052.0,415.050405
2023-05-18 14:00:00+00:00,415.18,417.515,414.975,417.24,169530.0,1557.0,416.559352
2023-05-18 15:00:00+00:00,417.305,418.05,416.805,417.1,137987.0,1513.0,417.553477
2023-05-18 16:00:00+00:00,417.02,417.13,415.73,416.19,118781.0,1191.0,416.369413
2023-05-18 17:00:00+00:00,416.2,417.19,415.41,415.615,95126.0,1059.0,416.313006
2023-05-18 18:00:00+00:00,415.62,417.14,415.52,417.015,104378.0,939.0,416.446557
2023-05-18 19:00:00+00:00,417.06,419.66,416.83,419.215,377460.0,3457.0,418.594419
2023-05-18 20:00:00+00:00,419.15,419.42,419.15,419.39,44389.0,54.0,419.232138
2023-05-19 13:00:00+00:00,420.21,420.71,419.815,420.54,118291.0,991.0,420.305942
2023-05-19 14:00:00+00:00,420.565,420.71,419.89,420.32,138772.0,1390.0,420.303362
2023-05-19 15:00:00+00:00,420.335,420.555,417.355,418.52,255265.0,2255.0,418.908485
2023-05-19 16:00:00+00:00,418.43,418.915,417.525,418.63,119354.0,1290.0,418.30453
2023-05-19 17:00:00+00:00,418.675,419.055,418.0,418.0,111310.0,997.0,418.56781
2023-05-19 18:00:00+00:00,418.01,418.7,417.49,418.7,135425.0,1170.0,418.082699
2023-05-19 19:00:00+00:00,418.71,418.98,418.01,418.58,271404.0,2197.0,418.59956
2023-05-19 20:00:00+00:00,418.52,418.57,417.84,417.94,8072.0,12.0,418.292488
2023-05-22 13:00:00+00:00,418.8,420.37,418.71,419.05,125564.0,997.0,419.613954
2023-05-22 14:00:00+00:00,419.03,419.37,417.37,418.77,177061.0,1666.0,418.692263
2023-05-22 15:00:00+00:00,418.82,419.5,418.71,419.27,109424.0,1044.0,419.209914
2023-05-22 16:00:00+00:00,419.36,419.46,418.77,419.05,75177.0,849.0,419.139778
2023-05-22 17:00:00+00:00,419.125,419.465,418.305,419.17,108618.0,1036.0,419.022764
2023-05-22 18:00:00+00:00,419.16,420.225,419.11,419.77,119511.0,991.0,419.653908
2023-05-22 19:00:00+00:00,419.75,419.93,418.405,418.77,203742.0,1962.0,418.964516
2023-05-22 20:00:00+00:00,418.73,418.95,418.73,418.83,5626.0,13.0,418.868393
2023-05-23 13:00:00+00:00,417.09,418.04,416.85,417.69,92993.0,855.0,417.371057
2023-05-23 14:00:00+00:00,417.77,418.06,416.965,417.36,113089.0,1296.0,417.625604
2023-05-23 15:00:00+00:00,417.365,418.02,417.365,417.62,85310.0,1304.0,417.759194
2023-05-23 16:00:00+00:00,417.74,417.925,415.925,416.23,124456.0,1441.0,416.690037
2023-05-23 17:00:00+00:00,416.35,416.91,415.27,415.68,144002.0,1526.0,416.059356
2023-05-23 18:00:00+00:00,415.705,416.25,413.685,414.75,198464.0,1857.0,414.707985
2023-05-23 19:00:00+00:00,414.79,415.035,413.9,414.135,341278.0,2824.0,414.558687
2023-05-23 20:00:00+00:00,414.11,414.44,414.11,414.35,11961.0,37.0,414.339881
2023-05-24 13:00:00+00:00,412.34,412.455,410.98,411.14,145287.0,1186.0,411.731755
2023-05-24 14:00:00+00:00,411.085,411.38,410.32,410.45,184850.0,1764.0,410.760909
2023-05-24 15:00:00+00:00,410.535,411.9,410.2,410.395,144904.0,1540.0,410.800887
2023-05-24 16:00:00+00:00,410.44,410.97,409.895,410.56,113582.0,1113.0,410.367108
2023-05-24 17:00:00+00:00,410.58,411.51,410.0,411.15,119663.0,1198.0,410.778553
2023-05-24 18:00:00+00:00,411.2,411.51,410.16,410.38,113570.0,1297.0,410.646198
2023-05-24 19:00:00+00:00,410.46,412.78,410.18,410.985,380848.0,3055.0,411.348165
2023-05-24 20:00:00+00:00,411.13,413.0,411.13,413.0,1600.0,4.0,411.253125
2023-05-25 13:00:00+00:00,415.0,415.0,412.59,413.16,160166.0,1318.0,413.342057
2023-05-25 14:00:00+00:00,413.17,413.965,412.43,413.72,169351.0,1421.0,413.113825
2023-05-25 15:00:00+00:00,413.74,414.615,412.6,413.08,250917.0,2266.0,413.593708
2023-05-25 16:00:00+00:00,413.255,414.54,413.19,413.685,163065.0,1349.0,413.95471
2023-05-25 17:00:00+00:00,413.67,415.09,413.445,414.985,132612.0,1091.0,414.483811
2023-05-25 18:00:00+00:00,414.995,416.07,413.855,414.14,182959.0,1655.0,414.940541
2023-05-25 19:00:00+00:00,414.15,415.665,414.1,414.62,458178.0,3484.0,415.026875
2023-05-25 20:00:00+00:00,414.62,414.75,414.41,414.57,17009.0,64.0,414.62872
2023-05-26 12:00:00+00:00,415.12,415.12,415.12,415.12,300.0,1.0,415.12
2023-05-26 13:00:00+00:00,415.33,417.405,415.28,417.02,152803.0,1317.0,416.642843
2023-05-26 14:00:00+00:00,416.97,419.81,416.88,419.4,284168.0,2299.0,418.833717
2023-05-26 15:00:00+00:00,419.365,419.7,418.29,419.03,210605.0,1965.0,418.900602
2023-05-26 16:00:00+00:00,419.04,419.94,418.99,419.72,184244.0,1815.0,419.632484
2023-05-26 17:00:00+00:00,419.725,420.0,419.15,419.565,146240.0,1516.0,419.620817
2023-05-26 18:00:00+00:00,419.68,420.47,419.065,420.12,140678.0,1715.0,419.880461
2023-05-26 19:00:00+00:00,420.215,420.76,419.8,419.96,466239.0,3584.0,420.244992
2023-05-26 20:00:00+00:00,420.14,420.64,420.09,420.64,8940.0,23.0,420.314045
2023-05-30 13:00:00+00:00,422.03,422.575,421.11,421.34,217833.0,1346.0,421.935183
2023-05-30 14:00:00+00:00,421.28,421.94,420.24,420.68,172949.0,1846.0,420.954346
2023-05-30 15:00:00+00:00,420.645,421.07,419.7,420.73,106551.0,1072.0,420.493793
2023-05-30 16:00:00+00:00,420.7,420.76,419.48,420.47,93618.0,992.0,420.105233
2023-05-30 17:00:00+00:00,420.5,420.54,418.94,418.98,122033.0,1274.0,419.623329
2023-05-30 18:00:00+00:00,418.98,420.95,418.76,420.22,186153.0,1617.0,420.003894
2023-05-30 19:00:00+00:00,420.17,420.59,419.64,420.135,261991.0,2333.0,420.093557
2023-05-30 20:00:00+00:00,420.16,420.33,420.16,420.19,4540.0,10.0,420.254444
2023-05-31 13:00:00+00:00,418.17,419.19,418.1,418.17,113253.0,1000.0,418.471185
2023-05-31 14:00:00+00:00,418.2,418.28,416.365,416.83,337103.0,2665.0,417.154294
2023-05-31 15:00:00+00:00,416.83,417.075,416.23,416.72,147960.0,1551.0,416.637929
2023-05-31 16:00:00+00:00,416.81,417.31,416.48,417.06,96254.0,1110.0,416.905178
2023-05-31 17:00:00+00:00,417.05,418.46,416.93,418.32,164389.0,1366.0,417.583536
2023-05-31 18:00:00+00:00,418.34,418.72,417.62,418.065,213463.0,1696.0,418.255694
2023-05-31 19:00:00+00:00,418.11,419.13,417.585,417.86,497407.0,3376.0,418.128763
2023-05-31 20:00:00+00:00,417.74,418.09,417.52,417.93,14944.0,47.0,417.800222
2023-06-01 13:00:00+00:00,418.205,418.26,416.855,417.19,117512.0,1117.0,417.303955
2023-06-01 14:00:00+00:00,417.24,419.725,417.22,419.44,166690.0,1746.0,418.553648
2023-06-01 15:00:00+00:00,419.38,421.08,419.2,421.045,174692.0,1616.0,420.212748
2023-06-01 16:00:00+00:00,421.065,421.84,421.065,421.655,187225.0,1725.0,421.478125
2023-06-01 17:00:00+00:00,421.76,422.04,421.29,422.04,95671.0,1148.0,421.59563
2023-06-01 18:00:00+00:00,422.06,422.47,421.735,422.44,155777.0,1844.0,422.048699
2023-06-01 19:00:00+00:00,422.45,422.92,420.875,421.79,373008.0,3347.0,421.853878
2023-06-01 20:00:00+00:00,421.73,422.14,421.71,422.14,10014.0,11.0,421.812894
2023-06-02 12:00:00+00:00,423.63,423.63,423.61,423.61,369.0,4.0,423.62
2023-06-02 13:00:00+00:00,424.4,426.35,424.2,424.36,154937.0,1465.0,425.491866
2023-06-02 14:00:00+00:00,424.35,426.84,423.98,426.82,246276.0,2158.0,425.503677
2023-06-02 15:00:00+00:00,426.85,427.69,426.765,427.44,192389.0,1999.0,427.330722
2023-06-02 16:00:00+00:00,427.48,428.125,426.95,428.005,140923.0,1696.0,427.445755
2023-06-02 17:00:00+00:00,427.97,428.36,427.69,428.155,135760.0,1632.0,428.006316
2023-06-02 18:00:00+00:00,428.16,428.43,427.48,428.315,124332.0,1789.0,427.988909
2023-06-02 19:00:00+00:00,428.385,428.73,427.735,427.735,475761.0,4058.0,428.196877
2023-06-02 20:00:00+00:00,427.8,427.98,427.68,427.68,14260.0,53.0,427.874588
2023-06-05 13:00:00+00:00,428.22,429.67,427.93,428.27,94019.0,799.0,428.473047
2023-06-05 14:00:00+00:00,428.41,429.405,427.655,428.57,175288.0,1355.0,428.347213
2023-06-05 15:00:00+00:00,428.56,429.16,428.43,428.915,110616.0,1116.0,428.859962
2023-06-05 16:00:00+00:00,428.99,429.54,428.54,429.53,87453.0,844.0,429.233796
2023-06-05 17:00:00+00:00,429.53,429.61,428.045,428.53,127095.0,1189.0,428.603197
2023-06-05 18:00:00+00:00,428.535,428.535,426.4,427.655,161260.0,1371.0,427.467049
2023-06-05 19:00:00+00:00,427.665,427.755,426.38,427.1,278864.0,2589.0,427.198449
2023-06-05 20:00:00+00:00,427.23,427.35,427.1,427.17,7697.0,35.0,427.221539
2023-06-06 13:00:00+00:00,426.67,426.79,426.035,426.57,117293.0,1111.0,426.384435
2023-06-06 14:00:00+00:00,426.69,428.445,426.51,428.06,203296.0,1799.0,427.546363
2023-06-06 15:00:00+00:00,428.11,428.26,426.91,428.22,133449.0,1304.0,427.891782
2023-06-06 16:00:00+00:00,428.18,428.395,426.77,426.905,96666.0,1278.0,427.595894
2023-06-06 17:00:00+00:00,426.95,427.85,426.57,426.76,108745.0,1330.0,427.123225
2023-06-06 18:00:00+00:00,426.865,427.7,426.57,427.65,129958.0,1521.0,427.078245
2023-06-06 19:00:00+00:00,427.73,428.56,427.505,428.03,322208.0,2913.0,428.092873
2023-06-06 20:00:00+00:00,428.09,428.36,428.09,428.25,20682.0,62.0,428.27179
2023-06-07 13:00:00+00:00,428.68,429.6,428.36,429.25,160527.0,1329.0,429.046835
2023-06-07 14:00:00+00:00,429.29,429.37,427.06,427.65,306394.0,2366.0,428.192317
2023-06-07 15:00:00+00:00,427.63,428.2,426.83,426.895,128923.0,1193.0,427.576425
2023-06-07 16:00:00+00:00,426.895,427.52,426.66,426.875,111259.0,1321.0,427.076906
2023-06-07 17:00:00+00:00,426.845,427.175,426.13,426.71,161025.0,1407.0,426.49908
2023-06-07 18:00:00+00:00,426.71,427.375,426.28,426.97,131545.0,1302.0,426.890208
2023-06-07 19:00:00+00:00,427.04,427.23,426.135,426.57,506018.0,3498.0,426.667492
2023-06-07 20:00:00+00:00,426.52,426.65,426.48,426.58,7200.0,11.0,426.570139
2023-06-08 12:00:00+00:00,426.92,426.92,426.92,426.92,200.0,2.0,426.92
2023-06-08 13:00:00+00:00,426.565,427.07,425.855,426.39,84468.0,941.0,426.550785
2023-06-08 14:00:00+00:00,426.48,428.005,426.33,427.95,148747.0,1513.0,427.278257
2023-06-08 15:00:00+00:00,428.02,428.34,427.795,428.02,129114.0,1332.0,428.074752
2023-06-08 16:00:00+00:00,427.99,429.19,427.73,428.615,108572.0,1116.0,428.610159
2023-06-08 17:00:00+00:00,428.6,428.82,427.75,428.165,108525.0,994.0,428.356381
2023-06-08 18:00:00+00:00,428.24,429.06,428.0,428.95,97526.0,937.0,428.720553
2023-06-08 19:00:00+00:00,429.015,429.57,428.815,429.17,274445.0,2444.0,429.102759
2023-06-08 20:00:00+00:00,428.95,429.0,428.85,428.93,7756.0,13.0,428.950234
2023-06-09 13:00:00+00:00,429.9,431.3,429.9,430.95,122280.0,964.0,430.72327
2023-06-09 14:00:00+00:00,431.02,431.99,430.52,431.13,178562.0,1709.0,431.43965
2023-06-09 15:00:00+00:00,431.15,431.6,429.32,429.44,151733.0,1354.0,430.339291
2023-06-09 16:00:00+00:00,429.43,429.9,428.885,429.75,78272.0,830.0,429.42053
2023-06-09 17:00:00+00:00,429.79,430.57,429.665,430.56,86995.0,867.0,430.156501
2023-06-09 18:00:00+00:00,430.6,430.78,429.875,430.22,111816.0,1170.0,430.30154
2023-06-09 19:00:00+00:00,430.26,430.46,429.605,429.99,246128.0,2014.0,429.89823
2023-06-09 20:00:00+00:00,430.07,430.17,430.05,430.13,4435.0,10.0,430.131127
2023-06-12 13:00:00+00:00,430.925,431.09,430.29,430.91,67135.0,569.0,430.705188
2023-06-12 14:00:00+00:00,430.99,430.99,430.17,430.49,101092.0,928.0,430.513798
2023-06-12 15:00:00+00:00,430.57,431.2,430.34,431.1,91360.0,1059.0,430.805745
2023-06-12 16:00:00+00:00,431.11,431.535,431.01,431.47,84441.0,1238.0,431.254469
2023-06-12 17:00:00+00:00,431.445,431.82,431.17,431.77,86759.0,1017.0,431.448384
2023-06-12 18:00:00+00:00,431.8,432.55,431.62,432.51,80247.0,1028.0,431.909305
2023-06-12 19:00:00+00:00,432.565,433.855,432.46,433.82,351234.0,2986.0,433.27374
2023-06-12 20:00:00+00:00,433.49,434.0,433.44,434.0,10000.0,84.0,433.7922
2023-06-13 13:00:00+00:00,436.2,437.14,435.11,435.72,148110.0,1110.0,436.026182
2023-06-13 14:00:00+00:00,435.74,436.395,434.68,435.955,135394.0,1202.0,435.611658
2023-06-13 15:00:00+00:00,436.005,437.26,435.705,436.045,202529.0,1608.0,436.499733
2023-06-13 16:00:00+00:00,436.035,437.0,435.735,436.99,265093.0,2198.0,436.602858
2023-06-13 17:00:00+00:00,437.005,437.32,436.44,436.86,177969.0,1729.0,436.932648
2023-06-13 18:00:00+00:00,436.84,436.945,435.41,436.055,134895.0,1095.0,435.955266
2023-06-13 19:00:00+00:00,436.105,436.77,436.105,436.67,343001.0,3193.0,436.377612
2023-06-13 20:00:00+00:00,436.53,436.78,436.53,436.78,27761.0,31.0,436.630049
2023-06-14 13:00:00+00:00,437.1,437.65,436.53,437.5,84724.0,786.0,437.125724
2023-06-14 14:00:00+00:00,437.515,438.28,437.375,437.87,112558.0,1062.0,437.882985
2023-06-14 15:00:00+00:00,437.905,439.03,437.76,438.25,126698.0,1298.0,438.517385
2023-06-14 16:00:00+00:00,438.24,438.4,437.645,438.08,74018.0,905.0,438.03715
2023-06-14 17:00:00+00:00,438.085,438.085,436.98,437.345,136962.0,1289.0,437.334614
2023-06-14 18:00:00+00:00,436.93,437.06,433.655,436.27,386787.0,2208.0,435.072138
2023-06-14 19:00:00+00:00,436.51,438.13,435.16,437.14,225888.0,1651.0,436.59683
2023-06-14 20:00:00+00:00,437.18,437.82,437.18,437.82,7200.0,34.0,437.451528
2023-06-15 13:00:00+00:00,436.38,438.84,436.28,438.69,152730.0,1129.0,437.842237
2023-06-15 14:00:00+00:00,438.74,439.68,438.37,439.375,273068.0,1971.0,439.037699
2023-06-15 15:00:00+00:00,439.47,441.13,439.25,440.74,223956.0,1758.0,440.282858
2023-06-15 16:00:00+00:00,440.765,441.16,440.38,440.86,142916.0,1326.0,440.71677
2023-06-15 17:00:00+00:00,440.875,441.88,440.11,441.715,146663.0,1261.0,440.998583
2023-06-15 18:00:00+00:00,441.755,443.88,441.28,443.605,280964.0,2263.0,442.376052
2023-06-15 19:00:00+00:00,443.665,443.815,442.1,442.59,537785.0,3777.0,442.859495
2023-06-15 20:00:00+00:00,442.58,442.58,441.99,442.21,3969.0,17.0,442.26597
2023-06-16 12:00:00+00:00,442.07,442.07,442.07,442.07,200.0,1.0,442.07
2023-06-16 13:00:00+00:00,442.26,443.11,440.845,441.26,137714.0,911.0,442.02049
2023-06-16 14:00:00+00:00,441.28,442.43,440.95,441.53,181172.0,1671.0,441.596113
2023-06-16 15:00:00+00:00,441.535,441.99,440.36,441.22,149299.0,1575.0,440.99435
2023-06-16 16:00:00+00:00,441.25,442.365,440.97,442.14,130739.0,1408.0,441.659038
2023-06-16 17:00:00+00:00,442.18,442.23,440.92,441.345,87818.0,969.0,441.442184
2023-06-16 18:00:00+00:00,441.31,441.41,440.07,440.08,88551.0,912.0,440.738406
2023-06-16 19:00:00+00:00,440.115,440.34,438.98,439.28,322114.0,2616.0,439.732721
2023-06-16 20:00:00+00:00,439.94,440.03,439.65,440.0,11171.0,24.0,439.934233
2023-06-20 13:00:00+00:00,437.43,438.16,437.14,437.26,117677.0,962.0,437.664173
2023-06-20 14:00:00+00:00,437.2,437.39,435.03,435.78,360641.0,2427.0,436.227933
2023-06-20 15:00:00+00:00,435.775,436.41,435.735,436.06,115719.0,1317.0,436.072424
2023-06-20 16:00:00+00:00,436.075,437.97,435.865,437.87,173326.0,1454.0,437.32362
2023-06-20 17:00:00+00:00,437.84,438.36,437.32,437.44,118193.0,1284.0,437.95838
2023-06-20 18:00:00+00:00,437.395,438.0,437.24,437.56,66399.0,1166.0,437.603073
2023-06-20 19:00:00+00:00,437.665,437.985,437.105,437.24,228279.0,2401.0,437.454782
2023-06-20 20:00:00+00:00,437.01,437.08,436.73,437.0,11370.0,48.0,436.977027
2023-06-21 13:00:00+00:00,436.2,436.2,434.87,435.23,125024.0,950.0,435.53651
2023-06-21 14:00:00+00:00,435.38,435.77,434.37,435.24,159477.0,1162.0,435.105607
2023-06-21 15:00:00+00:00,435.395,435.95,434.46,435.09,171514.0,900.0,435.075023
2023-06-21 16:00:00+00:00,435.09,436.15,435.09,435.315,79290.0,505.0,435.677982
2023-06-21 17:00:00+00:00,435.32,435.87,434.96,435.86,116359.0,1227.0,435.349936
2023-06-21 18:00:00+00:00,435.92,436.97,435.775,436.51,150203.0,1432.0,436.428251
2023-06-21 19:00:00+00:00,436.51,436.515,434.64,434.85,369144.0,2522.0,435.385587
2023-06-21 20:00:00+00:00,434.93,435.23,434.87,435.09,7252.0,23.0,435.018308
2023-06-22 13:00:00+00:00,433.99,435.07,433.64,434.72,132835.0,949.0,434.157517
2023-06-22 14:00:00+00:00,434.815,436.01,434.115,434.53,185955.0,1698.0,435.063587
2023-06-22 15:00:00+00:00,434.56,435.82,434.55,435.59,89216.0,1014.0,435.092625
2023-06-22 16:00:00+00:00,435.41,435.66,434.96,435.26,68200.0,705.0,435.240407
2023-06-22 17:00:00+00:00,435.26,435.67,434.43,435.63,71233.0,898.0,435.049013
2023-06-22 18:00:00+00:00,435.69,436.415,435.5,436.35,102069.0,1350.0,435.949743
2023-06-22 19:00:00+00:00,436.405,436.62,435.35,436.57,217090.0,2069.0,436.104607
2023-06-22 20:00:00+00:00,436.48,436.48,436.32,436.42,3100.0,7.0,436.375806
2023-06-23 13:00:00+00:00,432.96,433.585,432.72,433.47,159497.0,1502.0,433.126039
2023-06-23 14:00:00+00:00,433.375,434.24,433.175,433.555,124195.0,1321.0,433.722187
2023-06-23 15:00:00+00:00,433.65,433.965,432.85,433.865,110496.0,1358.0,433.414078
2023-06-23 16:00:00+00:00,433.865,434.78,433.725,434.54,93089.0,1062.0,434.345708
2023-06-23 17:00:00+00:00,434.555,435.05,434.21,434.64,53527.0,678.0,434.707754
2023-06-23 18:00:00+00:00,434.565,434.63,432.9,433.03,221239.0,1799.0,433.560043
2023-06-23 19:00:00+00:00,432.91,433.96,432.5,433.16,396095.0,3093.0,433.291613
2023-06-23 20:00:00+00:00,433.12,433.22,433.01,433.01,2909.0,8.0,433.16197
2023-06-26 13:00:00+00:00,432.64,434.415,432.62,434.28,153639.0,865.0,433.758832
2023-06-26 14:00:00+00:00,434.26,434.55,432.405,433.4,158468.0,1492.0,433.518031
2023-06-26 15:00:00+00:00,433.47,433.475,432.28,433.18,96327.0,1045.0,432.746877
2023-06-26 16:00:00+00:00,433.205,433.22,431.68,432.375,131843.0,1331.0,432.26369
2023-06-26 17:00:00+00:00,432.4,432.68,431.975,432.195,57143.0,986.0,432.35222
2023-06-26 18:00:00+00:00,432.16,432.88,431.77,432.72,100094.0,1190.0,432.266699
2023-06-26 19:00:00+00:00,432.665,432.915,431.205,431.4,311838.0,2742.0,431.944056
2023-06-26 20:00:00+00:00,431.57,431.85,431.57,431.7,15500.0,15.0,431.727097
2023-06-27 13:00:00+00:00,432.39,433.3,432.24,432.74,95179.0,875.0,432.776969
2023-06-27 14:00:00+00:00,432.64,433.42,431.915,433.35,100429.0,1028.0,432.813114
2023-06-27 15:00:00+00:00,433.355,434.32,432.58,434.21,138384.0,1280.0,433.582296
2023-06-27 16:00:00+00:00,434.18,435.34,434.12,435.11,126954.0,1214.0,434.751286
2023-06-27 17:00:00+00:00,435.13,436.25,434.79,436.25,131221.0,1199.0,435.582876
2023-06-27 18:00:00+00:00,436.225,436.62,436.1,436.14,171960.0,1522.0,436.365393
2023-06-27 19:00:00+00:00,436.17,436.8,436.095,436.14,338744.0,3038.0,436.371178
2023-06-27 20:00:00+00:00,435.98,435.98,435.71,435.71,11285.0,17.0,435.834433
2023-06-28 13:00:00+00:00,435.09,435.29,434.41,435.05,116053.0,1097.0,434.869102
2023-06-28 14:00:00+00:00,435.02,436.46,434.46,435.855,184482.0,1325.0,435.65384
2023-06-28 15:00:00+00:00,435.9,436.71,435.49,436.615,120790.0,1089.0,436.079506
2023-06-28 16:00:00+00:00,436.615,437.42,434.6,435.23,115489.0,1002.0,436.198812
2023-06-28 17:00:00+00:00,435.14,435.96,434.74,435.35,112874.0,992.0,435.423545
2023-06-28 18:00:00+00:00,435.4,436.02,435.31,435.48,77200.0,786.0,435.723068
2023-06-28 19:00:00+00:00,435.525,436.34,434.605,436.34,192305.0,1651.0,435.437678
2023-06-28 20:00:00+00:00,436.45,436.84,436.45,436.63,14887.0,71.0,436.710034
2023-06-29 12:00:00+00:00,438.0,438.0,438.0,438.0,100.0,1.0,438.0
2023-06-29 13:00:00+00:00,436.1,436.965,435.62,436.605,70941.0,643.0,436.445006
2023-06-29 14:00:00+00:00,436.73,437.355,435.94,436.42,86208.0,1100.0,436.610143
2023-06-29 15:00:00+00:00,436.415,437.87,436.415,437.68,95962.0,1082.0,437.370462
2023-06-29 16:00:00+00:00,437.745,438.265,437.3,437.67,87104.0,1045.0,437.865267
2023-06-29 17:00:00+00:00,437.585,437.74,436.93,437.075,76722.0,934.0,437.486248
2023-06-29 18:00:00+00:00,437.06,437.39,436.405,437.39,116935.0,1229.0,436.990265
2023-06-29 19:00:00+00:00,437.43,438.16,437.165,438.14,211670.0,2316.0,437.705497
2023-06-29 20:00:00+00:00,438.16,438.28,438.11,438.14,16517.0,58.0,438.180908
2023-06-30 12:00:00+00:00,441.15,441.15,441.15,441.15,100.0,1.0,441.15
2023-06-30 13:00:00+00:00,441.53,442.645,441.18,442.285,139593.0,889.0,442.013176
2023-06-30 14:00:00+00:00,442.39,443.3,442.08,442.67,170573.0,1613.0,442.774539
2023-06-30 15:00:00+00:00,442.715,443.105,442.02,442.44,102300.0,1058.0,442.560657
2023-06-30 16:00:00+00:00,442.445,443.595,442.285,443.5,77959.0,879.0,442.90314
2023-06-30 17:00:00+00:00,443.515,443.94,443.29,443.8,158326.0,1181.0,443.609169
2023-06-30 18:00:00+00:00,443.775,444.1,443.615,443.88,118386.0,1126.0,443.884642
2023-06-30 19:00:00+00:00,443.85,444.22,443.22,443.22,328006.0,2034.0,443.826173
2023-06-30 20:00:00+00:00,443.27,443.27,442.76,442.88,16438.0,29.0,442.993965
2023-07-03 13:00:00+00:00,442.94,443.53,442.65,443.36,51100.0,775.0,443.129776
2023-07-03 14:00:00+00:00,443.58,443.67,443.07,443.21,61992.0,1125.0,443.380687
2023-07-03 15:00:00+00:00,443.225,443.7,443.225,443.62,66883.0,1230.0,443.560432
2023-07-03 16:00:00+00:00,443.615,444.07,443.57,443.89,188701.0,1852.0,443.818994
2023-07-03 17:00:00+00:00,443.87,443.87,443.64,443.77,1200.0,12.0,443.726666
2023-07-05 13:00:00+00:00,441.93,443.31,441.91,443.21,71589.0,858.0,442.74346
2023-07-05 14:00:00+00:00,443.26,443.795,442.955,443.775,94006.0,1226.0,443.493252
2023-07-05 15:00:00+00:00,443.855,443.87,443.21,443.305,84642.0,899.0,443.654034
2023-07-05 16:00:00+00:00,443.275,443.37,442.755,443.16,82336.0,890.0,443.104705
2023-07-05 17:00:00+00:00,443.14,443.38,442.99,443.32,38769.0,626.0,443.197141
2023-07-05 18:00:00+00:00,443.395,443.56,442.31,443.515,108047.0,1236.0,443.022326
2023-07-05 19:00:00+00:00,443.5,443.76,443.115,443.14,184093.0,1790.0,443.507762
2023-07-05 20:00:00+00:00,443.17,443.18,443.05,443.12,8585.0,11.0,443.134511
2023-07-06 13:00:00+00:00,439.4,439.615,438.06,438.275,140385.0,1315.0,438.800593
2023-07-06 14:00:00+00:00,438.2,438.33,437.16,437.17,238250.0,2054.0,437.61831
2023-07-06 15:00:00+00:00,437.24,438.18,437.07,438.1,153709.0,1561.0,437.503349
2023-07-06 16:00:00+00:00,438.16,439.22,438.13,439.19,121178.0,1148.0,438.725427
2023-07-06 17:00:00+00:00,439.19,439.71,439.02,439.71,101441.0,1207.0,439.38661
2023-07-06 18:00:00+00:00,439.735,440.065,439.27,440.065,91233.0,1018.0,439.661807
2023-07-06 19:00:00+00:00,440.07,440.07,439.48,439.69,201258.0,1938.0,439.749994
2023-07-06 20:00:00+00:00,439.69,439.87,439.69,439.72,13753.0,13.0,439.773883
2023-07-07 12:00:00+00:00,439.99,440.01,439.99,440.01,500.0,2.0,439.998
2023-07-07 13:00:00+00:00,438.63,440.19,438.55,440.16,84186.0,928.0,439.457145
2023-07-07 14:00:00+00:00,440.12,440.19,438.84,439.89,98914.0,1260.0,439.716901
2023-07-07 15:00:00+00:00,439.895,440.4,439.7,440.38,85649.0,916.0,440.099695
2023-07-07 16:00:00+00:00,440.385,442.26,440.37,442.25,222220.0,1678.0,441.35224
2023-07-07 17:00:00+00:00,442.26,442.64,441.54,441.8,198161.0,1553.0,442.425623
2023-07-07 18:00:00+00:00,441.8,441.87,441.08,441.2,93278.0,880.0,441.523909
2023-07-07 19:00:00+00:00,441.15,441.25,438.305,438.52,406773.0,3137.0,439.680485
2023-07-07 20:00:00+00:00,438.89,439.07,438.86,438.98,21407.0,49.0,438.994506
2023-07-10 13:00:00+00:00,438.19,439.335,438.06,439.1,82777.0,768.0,438.940756
2023-07-10 14:00:00+00:00,439.055,439.825,438.395,438.55,177676.0,1460.0,439.180227
2023-07-10 15:00:00+00:00,438.58,439.07,438.04,438.44,124616.0,1251.0,438.502766
2023-07-10 16:00:00+00:00,438.4,438.98,437.59,438.88,111947.0,1122.0,438.193566
2023-07-10 17:00:00+00:00,438.87,439.4,438.79,438.97,84218.0,917.0,438.981572
2023-07-10 18:00:00+00:00,438.975,439.42,438.535,439.25,91559.0,958.0,439.046185
2023-07-10 19:00:00+00:00,439.29,439.66,438.65,439.65,223358.0,1880.0,439.126543
2023-07-10 20:00:00+00:00,439.58,439.81,439.56,439.76,9007.0,13.0,439.665456
2023-07-11 13:00:00+00:00,440.455,441.04,439.65,440.375,81913.0,822.0,440.340949
2023-07-11 14:00:00+00:00,440.4,440.77,439.45,440.595,110170.0,1455.0,440.108649
2023-07-11 15:00:00+00:00,440.7,441.48,440.38,441.46,76456.0,1283.0,440.785114
2023-07-11 16:00:00+00:00,441.48,441.68,440.51,441.12,69093.0,1089.0,441.298018
2023-07-11 17:00:00+00:00,441.16,441.31,440.54,441.005,55630.0,989.0,440.860702
2023-07-11 18:00:00+00:00,441.065,441.42,440.31,441.41,59759.0,1066.0,440.814507
2023-07-11 19:00:00+00:00,441.37,442.94,441.1,442.5,274706.0,2862.0,442.060289
2023-07-11 20:00:00+00:00,442.28,442.38,442.25,442.38,30499.0,29.0,442.300391
2023-07-12 13:00:00+00:00,446.42,447.07,445.88,446.93,123540.0,983.0,446.512243
2023-07-12 14:00:00+00:00,446.985,447.465,446.56,446.995,187876.0,1756.0,447.107959
2023-07-12 15:00:00+00:00,446.98,447.085,445.02,445.21,164128.0,1393.0,445.999781
2023-07-12 16:00:00+00:00,445.135,446.2,444.91,445.895,108705.0,1155.0,445.540515
2023-07-12 17:00:00+00:00,445.84,446.45,445.67,446.32,73587.0,857.0,446.192385
2023-07-12 18:00:00+00:00,446.355,446.75,446.02,446.28,113503.0,1094.0,446.454019
2023-07-12 19:00:00+00:00,446.23,446.375,445.165,446.0,238587.0,1937.0,445.821421
2023-07-12 20:00:00+00:00,446.1,446.31,446.1,446.15,14713.0,49.0,446.210841
2023-07-13 13:00:00+00:00,447.76,448.49,447.485,448.38,92600.0,728.0,448.217465
2023-07-13 14:00:00+00:00,448.42,448.46,447.86,448.35,159353.0,1750.0,448.186326
2023-07-13 15:00:00+00:00,448.39,448.51,447.885,448.46,116897.0,1353.0,448.192638
2023-07-13 16:00:00+00:00,448.48,448.91,448.37,448.645,139111.0,1490.0,448.616379
2023-07-13 17:00:00+00:00,448.635,448.84,448.175,448.69,107056.0,1375.0,448.606122
2023-07-13 18:00:00+00:00,448.7,449.28,448.64,449.23,133384.0,1431.0,449.002054
2023-07-13 19:00:00+00:00,449.27,450.375,449.225,449.61,357725.0,2799.0,449.810584
2023-07-13 20:00:00+00:00,449.5,449.5,449.16,449.2,15701.0,47.0,449.385032
2023-07-14 13:00:00+00:00,450.45,451.08,450.37,451.015,75093.0,667.0,450.798759
2023-07-14 14:00:00+00:00,450.96,451.35,449.54,450.155,172102.0,1678.0,450.488294
2023-07-14 15:00:00+00:00,450.155,450.805,450.07,450.485,114129.0,1465.0,450.364528
2023-07-14 16:00:00+00:00,450.48,450.48,449.58,449.8,86277.0,986.0,449.940903
2023-07-14 17:00:00+00:00,449.845,450.105,449.19,449.85,59553.0,868.0,449.68203
2023-07-14 18:00:00+00:00,449.87,450.24,449.225,449.28,71805.0,886.0,449.76227
2023-07-14 19:00:00+00:00,449.24,449.52,448.58,449.33,244652.0,2273.0,448.984351
2023-07-14 20:00:00+00:00,449.0,449.04,448.9,448.9,4000.0,8.0,448.96
2023-07-17 12:00:00+00:00,448.57,448.61,448.57,448.59,900.0,5.0,448.597397
2023-07-17 13:00:00+00:00,449.13,449.79,449.13,449.63,52272.0,538.0,449.462827
2023-07-17 14:00:00+00:00,449.675,450.14,449.63,449.96,119775.0,1232.0,449.89913
2023-07-17 15:00:00+00:00,449.985,450.73,449.795,450.69,117375.0,1137.0,450.325567
2023-07-17 16:00:00+00:00,450.69,450.71,450.045,450.595,63962.0,777.0,450.422338
2023-07-17 17:00:00+00:00,450.57,450.85,450.3,450.805,62873.0,551.0,450.549771
2023-07-17 18:00:00+00:00,450.79,451.12,450.655,450.89,85775.0,839.0,450.880452
2023-07-17 19:00:00+00:00,450.935,451.92,450.61,450.86,250250.0,2046.0,451.22833
2023-07-17 20:00:00+00:00,450.66,450.66,450.36,450.48,3420.0,11.0,450.418161
2023-07-18 13:00:00+00:00,450.53,451.52,450.1,451.52,92770.0,846.0,450.808802
2023-07-18 14:00:00+00:00,451.57,452.29,451.36,452.25,180246.0,1513.0,451.75601
2023-07-18 15:00:00+00:00,452.325,453.33,452.075,453.22,151124.0,1386.0,452.682294
2023-07-18 16:00:00+00:00,453.2,453.26,452.44,452.85,117830.0,1274.0,452.922096
2023-07-18 17:00:00+00:00,452.83,453.49,452.83,453.46,146692.0,1361.0,453.24973
2023-07-18 18:00:00+00:00,453.48,454.43,453.48,454.17,164274.0,1848.0,454.017796
2023-07-18 19:00:00+00:00,454.15,454.845,453.85,454.22,328144.0,2654.0,454.406445
2023-07-18 20:00:00+00:00,454.09,454.09,453.85,453.88,14504.0,37.0,453.957197
2023-07-19 13:00:00+00:00,455.22,456.07,455.22,456.06,101023.0,850.0,455.807483
2023-07-19 14:00:00+00:00,456.065,456.34,454.61,455.3,163599.0,1900.0,455.891581
2023-07-19 15:00:00+00:00,455.305,456.135,455.21,456.0,91204.0,1105.0,455.696028
2023-07-19 16:00:00+00:00,455.975,456.425,454.765,455.345,134414.0,1175.0,455.483349
2023-07-19 17:00:00+00:00,455.37,455.41,454.65,455.05,86846.0,1002.0,455.105099
2023-07-19 18:00:00+00:00,455.08,455.445,454.4,455.375,148137.0,1336.0,454.877
2023-07-19 19:00:00+00:00,455.39,456.06,455.05,455.05,184322.0,1847.0,455.539398
2023-07-19 20:00:00+00:00,455.11,455.14,454.85,455.04,2397.0,21.0,455.03087
2023-07-20 13:00:00+00:00,454.15,455.08,454.15,454.81,96416.0,842.0,454.774913
2023-07-20 14:00:00+00:00,454.89,454.89,452.83,453.665,252462.0,2032.0,453.599758
2023-07-20 15:00:00+00:00,453.675,454.355,453.46,454.05,141060.0,1448.0,453.924759
2023-07-20 16:00:00+00:00,454.06,454.78,453.35,453.5,108649.0,1187.0,453.960273
2023-07-20 17:00:00+00:00,453.48,453.8,453.26,453.455,100921.0,1218.0,453.525463
2023-07-20 18:00:00+00:00,453.38,453.48,452.1,452.48,117455.0,1379.0,452.707549
2023-07-20 19:00:00+00:00,452.495,452.715,451.46,452.26,256189.0,2310.0,452.085139
2023-07-20 20:00:00+00:00,452.39,452.48,452.33,452.43,5400.0,14.0,452.385
2023-07-21 12:00:00+00:00,454.35,454.35,454.35,454.35,111.0,2.0,454.35
2023-07-21 13:00:00+00:00,453.93,454.06,452.635,452.83,109036.0,1063.0,453.320079
2023-07-21 14:00:00+00:00,452.82,453.55,452.235,453.07,172782.0,1483.0,452.968903
2023-07-21 15:00:00+00:00,453.095,454.04,453.095,453.65,90825.0,1107.0,453.619395
2023-07-21 16:00:00+00:00,453.66,453.66,452.64,452.91,85725.0,879.0,453.145178
2023-07-21 17:00:00+00:00,452.93,454.14,452.92,454.055,75705.0,960.0,453.778602
2023-07-21 18:00:00+00:00,454.11,454.115,453.12,453.195,87475.0,1073.0,453.446111
2023-07-21 19:00:00+00:00,453.125,453.23,452.18,452.2,269494.0,2940.0,452.496799
2023-07-21 20:00:00+00:00,452.25,452.27,452.03,452.2,20983.0,50.0,452.191407
2023-07-24 13:00:00+00:00,453.38,454.4,452.75,453.1,94253.0,1111.0,453.578549
2023-07-24 14:00:00+00:00,453.195,454.295,452.93,454.19,121693.0,1230.0,453.849078
2023-07-24 15:00:00+00:00,454.29,454.57,453.77,454.47,82895.0,933.0,454.277645
2023-07-24 16:00:00+00:00,454.44,454.705,454.01,454.29,51592.0,796.0,454.355898
2023-07-24 17:00:00+00:00,454.3,454.82,454.04,454.77,107931.0,944.0,454.447435
2023-07-24 18:00:00+00:00,454.785,455.01,453.86,454.295,84100.0,1140.0,454.509563
2023-07-24 19:00:00+00:00,454.305,454.43,453.43,454.19,190146.0,1693.0,453.918076
2023-07-24 20:00:00+00:00,454.27,454.47,454.2,454.47,12442.0,45.0,454.296859
2023-07-25 13:00:00+00:00,453.94,455.1,453.915,454.78,90560.0,1006.0,454.452146
2023-07-25 14:00:00+00:00,454.85,455.05,454.47,454.625,104610.0,1416.0,454.768882
2023-07-25 15:00:00+00:00,454.6,455.6,454.56,455.38,83116.0,1147.0,455.174284
2023-07-25 16:00:00+00:00,455.36,455.89,455.225,455.89,84943.0,1206.0,455.466293
2023-07-25 17:00:00+00:00,455.88,456.11,455.57,455.815,68870.0,913.0,455.89592
2023-07-25 18:00:00+00:00,455.79,456.71,455.715,455.82,105541.0,1269.0,456.266605
2023-07-25 19:00:00+00:00,455.86,456.245,455.36,455.36,251298.0,2714.0,455.773617
2023-07-25 20:00:00+00:00,455.3,455.3,455.1,455.12,1100.0,7.0,455.199091
2023-07-26 13:00:00+00:00,454.5,455.115,454.445,454.79,62863.0,672.0,454.780614
2023-07-26 14:00:00+00:00,454.81,454.96,454.065,454.16,104085.0,1322.0,454.567568
2023-07-26 15:00:00+00:00,454.15,454.975,453.995,454.94,108774.0,1254.0,454.432591
2023-07-26 16:00:00+00:00,454.935,455.125,454.07,454.19,59888.0,814.0,454.723638
2023-07-26 17:00:00+00:00,454.25,454.47,454.08,454.29,84676.0,1059.0,454.275174
2023-07-26 18:00:00+00:00,454.16,456.9,453.9,455.99,163854.0,1428.0,455.637015
2023-07-26 19:00:00+00:00,456.05,456.2,453.41,455.505,330083.0,2476.0,454.761187
2023-07-26 20:00:00+00:00,455.44,455.72,455.44,455.62,1460.0,5.0,455.575172
2023-07-27 13:00:00+00:00,459.08,459.44,458.7,458.95,138538.0,1091.0,459.097888
2023-07-27 14:00:00+00:00,459.015,459.04,457.28,457.38,190671.0,1924.0,458.214431
2023-07-27 15:00:00+00:00,457.48,457.99,457.065,457.425,125981.0,1396.0,457.54735
2023-07-27 16:00:00+00:00,457.445,458.58,457.405,458.23,107259.0,1110.0,458.095402
2023-07-27 17:00:00+00:00,458.4,458.57,455.74,455.955,168112.0,1551.0,456.58952
2023-07-27 18:00:00+00:00,455.955,456.185,452.765,452.77,368581.0,2798.0,454.022108
2023-07-27 19:00:00+00:00,452.685,453.86,451.58,452.5,337099.0,2742.0,452.585454
2023-07-27 20:00:00+00:00,452.94,452.94,452.94,452.94,500.0,1.0,452.94
2023-07-28 13:00:00+00:00,455.775,456.57,455.205,456.08,132602.0,1298.0,456.05827
2023-07-28 14:00:00+00:00,456.23,456.87,456.0,456.735,227730.0,2092.0,456.549147
2023-07-28 15:00:00+00:00,456.84,457.78,456.59,457.65,153992.0,1606.0,457.365895
2023-07-28 16:00:00+00:00,457.675,457.68,456.95,457.07,104651.0,1087.0,457.285122
2023-07-28 17:00:00+00:00,456.97,456.97,455.12,456.24,147286.0,1556.0,455.978096
2023-07-28 18:00:00+00:00,456.25,457.34,456.155,456.94,146613.0,1774.0,456.707039
2023-07-28 19:00:00+00:00,457.07,457.3,456.395,456.91,353413.0,2961.0,456.863725
2023-07-28 20:00:00+00:00,456.74,456.93,456.74,456.85,13191.0,24.0,456.846733
2023-07-31 13:00:00+00:00,457.41,458.11,456.54,457.0,107571.0,958.0,457.568951
2023-07-31 14:00:00+00:00,457.01,457.82,456.695,457.475,118446.0,1671.0,457.379032
2023-07-31 15:00:00+00:00,457.575,457.83,456.685,456.945,84240.0,1293.0,457.178584
2023-07-31 16:00:00+00:00,456.945,457.23,456.505,456.635,59774.0,1050.0,456.972019
2023-07-31 17:00:00+00:00,456.61,457.155,456.29,456.855,80582.0,1090.0,456.730534
2023-07-31 18:00:00+00:00,456.89,457.18,456.48,457.05,66018.0,915.0,456.838517
2023-07-31 19:00:00+00:00,457.065,457.83,456.07,457.81,278465.0,2258.0,456.797436
2023-07-31 20:00:00+00:00,457.71,458.09,457.67,457.91,22428.0,34.0,457.819704
2023-08-01 13:00:00+00:00,456.32,456.915,456.08,456.77,157546.0,1505.0,456.594794
2023-08-01 14:00:00+00:00,456.8,457.19,455.53,456.285,242315.0,2351.0,456.210175
2023-08-01 15:00:00+00:00,456.39,456.46,455.8,456.145,85718.0,1034.0,456.069628
2023-08-01 16:00:00+00:00,456.17,456.33,455.505,456.33,97335.0,1223.0,455.928123
2023-08-01 17:00:00+00:00,456.4,456.5,455.98,456.43,74946.0,1178.0,456.270173
2023-08-01 18:00:00+00:00,456.44,456.97,456.415,456.71,122365.0,1462.0,456.664174
2023-08-01 19:00:00+00:00,456.71,456.99,456.195,456.44,243660.0,2357.0,456.64653
2023-08-01 20:00:00+00:00,456.31,456.49,456.16,456.46,9574.0,67.0,456.330788
2023-08-02 13:00:00+00:00,453.25,453.495,452.35,452.975,200062.0,1926.0,452.942487
2023-08-02 14:00:00+00:00,452.975,453.055,450.46,450.62,286745.0,2368.0,451.844973
2023-08-02 15:00:00+00:00,450.59,451.67,450.3,450.31,210615.0,2008.0,450.991299
2023-08-02 16:00:00+00:00,450.3,451.075,449.98,450.835,143586.0,1472.0,450.415465
2023-08-02 17:00:00+00:00,450.815,451.43,450.48,450.6,94361.0,1273.0,450.974099
2023-08-02 18:00:00+00:00,450.595,451.05,450.28,450.59,106465.0,1212.0,450.684444
2023-08-02 19:00:00+00:00,450.595,450.9,449.36,450.16,387314.0,3122.0,450.20325
2023-08-02 20:00:00+00:00,450.26,450.41,449.74,449.74,6657.0,12.0,450.056201
2023-08-03 13:00:00+00:00,448.115,448.975,447.65,448.685,121732.0,1030.0,448.310626
2023-08-03 14:00:00+00:00,448.53,449.27,447.395,448.495,200999.0,2125.0,448.193013
2023-08-03 15:00:00+00:00,448.485,449.86,448.425,449.3,109250.0,1281.0,449.245253
2023-08-03 16:00:00+00:00,449.2,450.74,449.14,450.555,95535.0,1175.0,449.986514
2023-08-03 17:00:00+00:00,450.58,450.79,449.47,449.525,121302.0,1379.0,450.325897
2023-08-03 18:00:00+00:00,449.495,450.11,449.29,449.96,118618.0,1415.0,449.666727
2023-08-03 19:00:00+00:00,449.99,450.025,448.81,448.88,214099.0,2097.0,449.28636
2023-08-03 20:00:00+00:00,448.9,450.23,448.9,450.23,1200.0,3.0,449.175
2023-08-04 13:00:00+00:00,450.705,451.86,450.2,450.38,106362.0,866.0,451.130517
2023-08-04 14:00:00+00:00,450.34,451.42,448.82,451.18,204507.0,1574.0,450.204389
2023-08-04 15:00:00+00:00,451.3,451.925,451.14,451.845,178460.0,1941.0,451.614257
2023-08-04 16:00:00+00:00,451.835,452.885,451.54,452.735,191328.0,1835.0,452.271932
2023-08-04 17:00:00+00:00,452.745,452.785,450.63,450.775,205852.0,1883.0,451.777272
2023-08-04 18:00:00+00:00,450.715,450.715,446.79,447.14,293045.0,2671.0,448.383437
2023-08-04 19:00:00+00:00,447.07,447.7,446.285,446.79,456294.0,3222.0,446.699222
2023-08-04 20:00:00+00:00,446.8,447.05,446.77,446.77,17087.0,62.0,446.873006
2023-08-07 13:00:00+00:00,448.69,449.625,448.3,448.46,102254.0,813.0,449.045974
2023-08-07 14:00:00+00:00,448.48,449.9,448.01,449.12,165833.0,1629.0,449.227444
2023-08-07 15:00:00+00:00,449.055,449.605,448.305,449.47,109212.0,1217.0,448.860055
2023-08-07 16:00:00+00:00,449.53,449.81,448.985,449.6,92029.0,1183.0,449.391786
2023-08-07 17:00:00+00:00,449.695,450.2,449.53,450.2,128392.0,1464.0,449.745378
2023-08-07 18:00:00+00:00,450.295,450.485,449.49,449.995,74601.0,1028.0,450.042562
2023-08-07 19:00:00+00:00,450.185,450.86,449.63,450.68,245743.0,2159.0,450.261845
2023-08-07 20:00:00+00:00,450.67,450.96,450.67,450.96,13629.0,19.0,450.857465
2023-08-08 13:00:00+00:00,448.03,448.14,446.085,446.54,177097.0,1553.0,446.966378
2023-08-08 14:00:00+00:00,446.28,446.835,445.43,445.52,132334.0,1505.0,445.98907
2023-08-08 15:00:00+00:00,445.57,446.27,445.3,445.7,132398.0,1215.0,445.837448
2023-08-08 16:00:00+00:00,445.645,446.94,445.645,446.57,123393.0,1254.0,446.359024
2023-08-08 17:00:00+00:00,446.59,447.38,446.56,447.23,99088.0,1199.0,447.039183
2023-08-08 18:00:00+00:00,447.245,448.545,447.005,448.36,91452.0,1166.0,447.677666
2023-08-08 19:00:00+00:00,448.295,449.225,448.165,448.86,217675.0,2293.0,448.777207
2023-08-08 20:00:00+00:00,448.82,448.82,448.64,448.64,3100.0,5.0,448.727742
2023-08-09 13:00:00+00:00,449.03,449.16,448.05,448.42,59705.0,688.0,448.520537
2023-08-09 14:00:00+00:00,448.33,448.805,447.27,447.45,113610.0,1144.0,448.169163
2023-08-09 15:00:00+00:00,447.31,447.68,444.96,445.405,143720.0,1643.0,446.192358
2023-08-09 16:00:00+00:00,445.275,446.64,445.255,446.24,110019.0,1452.0,446.144958
2023-08-09 17:00:00+00:00,446.23,447.835,446.05,447.48,155110.0,1510.0,447.356816
2023-08-09 18:00:00+00:00,447.495,448.88,447.38,448.18,121002.0,1366.0,448.341874
2023-08-09 19:00:00+00:00,448.225,448.255,445.445,445.74,387133.0,3083.0,446.555187
2023-08-09 20:00:00+00:00,446.1,446.38,446.1,446.35,3695.0,23.0,446.281111
2023-08-10 13:00:00+00:00,448.195,451.23,448.01,451.16,142352.0,1435.0,449.941706
2023-08-10 14:00:00+00:00,451.31,451.67,448.8,449.57,251921.0,2191.0,450.556108
2023-08-10 15:00:00+00:00,449.565,449.565,446.95,447.58,138532.0,1325.0,448.247116
2023-08-10 16:00:00+00:00,447.66,447.945,445.965,446.3,235108.0,1354.0,447.078247
2023-08-10 17:00:00+00:00,446.265,446.82,444.73,444.87,129413.0,1343.0,445.917566
2023-08-10 18:00:00+00:00,444.99,447.46,444.84,447.39,136188.0,1433.0,446.422467
2023-08-10 19:00:00+00:00,447.46,447.47,445.05,445.88,282132.0,2404.0,445.994658
2023-08-11 13:00:00+00:00,444.83,444.83,443.455,444.22,76248.0,708.0,444.000916
2023-08-11 14:00:00+00:00,444.52,446.67,444.48,445.235,158754.0,1674.0,445.712085
2023-08-11 15:00:00+00:00,445.315,445.6,444.34,445.305,124679.0,1343.0,444.700023
2023-08-11 16:00:00+00:00,445.345,445.905,444.49,444.7,99566.0,1153.0,445.21265
2023-08-11 17:00:00+00:00,444.69,445.545,444.45,444.995,103855.0,1200.0,444.89696
2023-08-11 18:00:00+00:00,444.92,446.24,444.905,446.07,119327.0,1335.0,445.638226
2023-08-11 19:00:00+00:00,446.02,446.13,445.0,445.36,247872.0,2342.0,445.492748
2023-08-11 20:00:00+00:00,445.68,445.78,445.67,445.78,5839.0,16.0,445.738756
2023-08-14 13:00:00+00:00,444.8,445.25,444.385,445.19,95265.0,900.0,444.957141
2023-08-14 14:00:00+00:00,445.175,447.59,445.015,447.195,150102.0,1513.0,446.412354
2023-08-14 15:00:00+00:00,447.28,447.7,446.595,447.085,75428.0,980.0,447.099024
2023-08-14 16:00:00+00:00,447.155,447.4,446.38,447.195,65138.0,736.0,446.930196
2023-08-14 17:00:00+00:00,447.185,447.645,446.805,446.975,61602.0,831.0,447.260088
2023-08-14 18:00:00+00:00,447.14,447.15,446.355,446.73,86824.0,962.0,446.73357
2023-08-14 19:00:00+00:00,446.74,448.1,446.51,448.1,222427.0,1852.0,447.303227
2023-08-14 20:00:00+00:00,448.09,448.11,448.02,448.02,32992.0,81.0,448.05848
2023-08-15 13:00:00+00:00,446.29,446.605,445.0,445.275,97135.0,1073.0,445.844154
2023-08-15 14:00:00+00:00,445.17,445.19,443.47,443.945,280578.0,2286.0,444.115307
2023-08-15 15:00:00+00:00,443.94,445.17,443.94,445.1,89624.0,1099.0,444.818006
2023-08-15 16:00:00+00:00,445.135,445.35,443.82,444.18,76395.0,959.0,444.408155
2023-08-15 17:00:00+00:00,443.96,444.65,443.69,444.03,79474.0,946.0,444.069838
2023-08-15 18:00:00+00:00,444.07,444.58,443.73,444.25,67575.0,997.0,444.121828
2023-08-15 19:00:00+00:00,444.28,444.36,442.32,442.93,391046.0,3028.0,442.949634
2023-08-15 20:00:00+00:00,443.06,443.06,442.76,442.76,1329.0,3.0,443.02012
2023-08-16 13:00:00+00:00,442.47,444.17,442.38,443.49,93590.0,715.0,443.211143
2023-08-16 14:00:00+00:00,443.515,444.125,443.005,443.925,97436.0,1167.0,443.510299
2023-08-16 15:00:00+00:00,443.98,444.135,442.29,442.53,64184.0,859.0,443.328804
2023-08-16 16:00:00+00:00,442.49,442.75,441.71,441.765,92105.0,1106.0,442.081753
2023-08-16 17:00:00+00:00,441.765,442.615,441.0,442.3,139017.0,1453.0,441.610864
2023-08-16 18:00:00+00:00,442.31,443.085,440.98,441.82,146244.0,1602.0,442.147666
2023-08-16 19:00:00+00:00,441.795,441.795,439.54,439.62,405597.0,3303.0,440.178192
2023-08-16 20:00:00+00:00,439.64,439.9,439.56,439.61,5900.0,57.0,439.633793
2023-08-17 13:00:00+00:00,441.1,441.375,439.875,440.4,107720.0,1002.0,440.633559
2023-08-17 14:00:00+00:00,440.37,440.74,439.395,439.99,128908.0,1380.0,440.15658
2023-08-17 15:00:00+00:00,439.965,440.03,439.0,439.55,134165.0,1590.0,439.481606
2023-08-17 16:00:00+00:00,439.575,440.6,439.07,440.42,84614.0,1116.0,440.042223
2023-08-17 17:00:00+00:00,440.53,440.59,438.51,438.82,117341.0,1279.0,439.343026
2023-08-17 18:00:00+00:00,438.815,438.88,437.07,437.25,148615.0,1551.0,438.046061
2023-08-17 19:00:00+00:00,437.115,437.41,435.75,436.26,417260.0,3197.0,436.60164
2023-08-18 13:00:00+00:00,433.41,435.2,433.07,434.21,156954.0,1080.0,434.360034
2023-08-18 14:00:00+00:00,434.21,435.07,433.5,435.0,199187.0,1767.0,434.265663
2023-08-18 15:00:00+00:00,435.13,436.48,434.74,436.43,148810.0,1559.0,435.623723
2023-08-18 16:00:00+00:00,436.35,436.54,435.635,435.86,102348.0,1336.0,436.170075
2023-08-18 17:00:00+00:00,435.885,436.14,434.77,435.79,117166.0,1376.0,435.549742
2023-08-18 18:00:00+00:00,435.905,436.74,435.51,435.96,126925.0,1277.0,436.237383
2023-08-18 19:00:00+00:00,435.9,437.55,435.375,436.39,334997.0,2138.0,436.443272
2023-08-18 20:00:00+00:00,436.41,436.41,436.0,436.03,3199.0,31.0,436.166
2023-08-21 13:00:00+00:00,437.51,438.71,437.36,438.71,100516.0,811.0,438.03342
2023-08-21 14:00:00+00:00,438.765,438.885,436.42,436.77,183034.0,1431.0,437.44486
2023-08-21 15:00:00+00:00,436.77,437.04,435.33,435.625,131516.0,1250.0,436.189359
2023-08-21 16:00:00+00:00,435.6,437.355,435.53,437.32,120080.0,1250.0,436.667214
2023-08-21 17:00:00+00:00,437.335,438.42,436.985,438.05,145823.0,1349.0,437.810066
2023-08-21 18:00:00+00:00,438.08,439.23,437.96,438.99,130404.0,1223.0,438.633615
2023-08-21 19:00:00+00:00,439.05,440.105,439.05,439.32,366953.0,2781.0,439.564387
2023-08-22 13:00:00+00:00,441.115,441.12,439.625,439.65,93290.0,835.0,440.403052
2023-08-22 14:00:00+00:00,439.64,440.41,438.71,439.785,136238.0,1470.0,439.601776
2023-08-22 15:00:00+00:00,439.815,439.815,438.58,438.7,71582.0,797.0,439.24592
2023-08-22 16:00:00+00:00,438.68,439.33,437.77,438.73,67086.0,869.0,438.580604
2023-08-22 17:00:00+00:00,438.65,438.745,437.665,438.17,56967.0,657.0,438.028194
2023-08-22 18:00:00+00:00,438.13,438.89,437.75,438.38,59950.0,700.0,438.319175
2023-08-22 19:00:00+00:00,438.515,439.48,437.6,438.11,214569.0,1659.0,438.164879
2023-08-23 12:00:00+00:00,438.39,438.39,438.39,438.39,600.0,2.0,438.39
2023-08-23 13:00:00+00:00,439.25,440.61,439.11,440.36,64270.0,704.0,439.923394
2023-08-23 14:00:00+00:00,440.455,441.99,440.24,441.93,191778.0,1600.0,441.118973
2023-08-23 15:00:00+00:00,442.01,442.38,441.54,442.345,126148.0,1168.0,442.016285
2023-08-23 16:00:00+00:00,442.275,442.64,441.94,442.18,75384.0,849.0,442.228326
2023-08-23 17:00:00+00:00,442.19,443.63,442.17,443.54,127374.0,1275.0,443.273792
2023-08-23 18:00:00+00:00,443.495,443.565,442.47,442.73,106791.0,1055.0,442.959489
2023-08-23 19:00:00+00:00,442.675,443.41,442.4,442.98,238484.0,2061.0,442.930826
2023-08-23 20:00:00+00:00,443.03,444.13,443.03,444.13,700.0,5.0,443.52
2023-08-24 13:00:00+00:00,444.85,445.02,443.485,444.92,151652.0,1336.0,444.151507
2023-08-24 14:00:00+00:00,445.045,445.2,441.09,441.125,172542.0,1610.0,442.448836
2023-08-24 15:00:00+00:00,441.125,441.125,439.19,439.215,153832.0,1428.0,440.305549
2023-08-24 16:00:00+00:00,439.12,440.79,439.12,439.885,97541.0,811.0,440.132073
2023-08-24 17:00:00+00:00,440.05,440.08,439.03,439.335,111855.0,948.0,439.468217
2023-08-24 18:00:00+00:00,439.345,439.9,438.53,439.08,99107.0,1023.0,439.071664
2023-08-24 19:00:00+00:00,439.085,439.33,436.855,436.92,661071.0,4136.0,438.088902
2023-08-24 20:00:00+00:00,436.5,436.55,436.5,436.55,1001.0,4.0,436.505
2023-08-25 13:00:00+00:00,438.6,439.47,438.53,439.04,86846.0,896.0,439.039152
2023-08-25 14:00:00+00:00,439.08,441.06,435.165,435.28,223598.0,1849.0,437.104633
2023-08-25 15:00:00+00:00,435.28,438.745,435.01,437.04,185336.0,1542.0,436.869521
2023-08-25 16:00:00+00:00,437.02,439.09,437.02,438.64,108399.0,1080.0,438.441392
2023-08-25 17:00:00+00:00,438.64,439.02,437.37,438.51,112592.0,1119.0,438.1057
2023-08-25 18:00:00+00:00,438.57,440.82,438.45,440.77,220471.0,2020.0,439.951254
2023-08-25 19:00:00+00:00,440.855,441.26,439.55,439.98,244844.0,2053.0,440.464028
2023-08-25 20:00:00+00:00,440.15,440.15,440.15,440.15,300.0,3.0,440.15
2023-08-28 13:00:00+00:00,442.19,443.2,441.8,442.545,74917.0,670.0,442.477634
2023-08-28 14:00:00+00:00,442.655,443.22,441.425,442.05,145625.0,1383.0,442.601326
2023-08-28 15:00:00+00:00,442.04,442.04,440.91,441.5,117100.0,991.0,441.360292
2023-08-28 16:00:00+00:00,441.43,442.61,440.98,442.58,72638.0,925.0,441.703045
2023-08-28 17:00:00+00:00,442.675,443.24,440.875,441.16,131298.0,1530.0,442.477238
2023-08-28 18:00:00+00:00,441.08,441.95,440.89,441.82,116972.0,1167.0,441.272604
2023-08-28 19:00:00+00:00,441.88,443.375,441.39,442.78,190323.0,1676.0,442.398302
2023-08-29 13:00:00+00:00,442.705,444.19,442.485,443.8,78023.0,775.0,443.519386
2023-08-29 14:00:00+00:00,444.09,446.75,444.08,445.795,309989.0,2731.0,445.759404
2023-08-29 15:00:00+00:00,445.795,447.93,445.73,447.61,195977.0,1740.0,447.237991
2023-08-29 16:00:00+00:00,447.63,448.43,447.52,448.025,150734.0,1405.0,447.933346
2023-08-29 17:00:00+00:00,448.03,448.72,447.69,448.06,113859.0,1038.0,448.326175
2023-08-29 18:00:00+00:00,448.07,448.83,447.96,448.48,116247.0,1098.0,448.400971
2023-08-29 19:00:00+00:00,448.51,449.43,448.125,449.19,522950.0,3159.0,448.990273
2023-08-29 20:00:00+00:00,449.24,449.24,449.24,449.24,600.0,2.0,449.24
2023-08-30 13:00:00+00:00,449.51,451.3,449.47,451.19,120501.0,1133.0,450.412471
2023-08-30 14:00:00+00:00,451.19,451.61,448.81,450.56,215469.0,1815.0,450.361748
2023-08-30 15:00:00+00:00,450.625,451.16,449.815,451.06,131869.0,1246.0,450.605038
2023-08-30 16:00:00+00:00,451.035,451.66,450.8,451.415,123380.0,1069.0,451.21471
2023-08-30 17:00:00+00:00,451.39,451.445,450.34,450.79,128835.0,1160.0,451.017696
2023-08-30 18:00:00+00:00,450.725,451.235,450.045,451.13,131847.0,1327.0,450.604563
2023-08-30 19:00:00+00:00,451.21,451.4,450.55,450.96,274301.0,2393.0,450.911109
2023-08-30 20:00:00+00:00,450.99,451.16,450.91,451.11,10500.0,7.0,451.061428
2023-08-31 13:00:00+00:00,451.65,452.52,451.405,452.43,73495.0,879.0,451.969044
2023-08-31 14:00:00+00:00,452.39,452.82,451.82,452.37,150675.0,1904.0,452.407768
2023-08-31 15:00:00+00:00,452.29,452.33,451.49,451.9,100021.0,1465.0,451.906266
2023-08-31 16:00:00+00:00,451.88,452.245,450.37,450.965,132195.0,1657.0,451.221748
2023-08-31 17:00:00+00:00,450.96,451.87,450.8,451.475,143962.0,1631.0,451.414125
2023-08-31 18:00:00+00:00,451.465,452.19,450.795,450.88,244354.0,2255.0,451.299646
2023-08-31 19:00:00+00:00,450.86,451.67,450.18,450.2,376819.0,3733.0,451.100253
2023-08-31 20:00:00+00:00,450.68,450.74,450.38,450.7,10634.0,47.0,450.598366
2023-09-01 12:00:00+00:00,452.82,453.45,452.82,453.45,400.0,4.0,453.24
2023-09-01 13:00:00+00:00,453.17,453.66,451.19,452.325,82569.0,698.0,452.320514
2023-09-01 14:00:00+00:00,452.3,453.02,450.69,450.975,149318.0,1405.0,452.115222
2023-09-01 15:00:00+00:00,450.96,451.23,449.69,449.87,103131.0,978.0,450.533334
2023-09-01 16:00:00+00:00,449.85,450.975,449.72,450.76,78681.0,869.0,450.467705
2023-09-01 17:00:00+00:00,450.79,450.875,450.22,450.68,56741.0,693.0,450.551821
2023-09-01 18:00:00+00:00,450.68,450.78,449.89,450.55,92912.0,970.0,450.327657
2023-09-01 19:00:00+00:00,450.565,451.295,450.4,451.18,220911.0,1753.0,450.904467
2023-09-01 20:00:00+00:00,451.06,451.06,450.96,451.03,17184.0,29.0,451.023642
2023-09-05 13:00:00+00:00,450.68,450.89,449.38,449.61,116982.0,1251.0,450.077533
2023-09-05 14:00:00+00:00,449.44,450.38,449.2,450.105,280603.0,2380.0,449.757397
2023-09-05 15:00:00+00:00,450.185,451.045,449.87,450.21,175995.0,1548.0,450.617901
2023-09-05 16:00:00+00:00,450.185,450.73,450.18,450.3,126317.0,1210.0,450.465591
2023-09-05 17:00:00+00:00,450.325,450.34,449.5,449.86,160109.0,1476.0,449.805951
2023-09-05 18:00:00+00:00,450.04,450.62,449.7,450.62,89616.0,1324.0,450.212827
2023-09-05 19:00:00+00:00,450.605,450.605,449.185,449.26,282584.0,2593.0,449.770728
2023-09-05 20:00:00+00:00,449.27,449.27,449.03,449.1,9996.0,17.0,449.160818
2023-09-06 13:00:00+00:00,448.43,448.49,447.435,447.93,79397.0,822.0,447.947322
2023-09-06 14:00:00+00:00,447.56,447.64,445.6,445.68,250075.0,2065.0,446.458415
2023-09-06 15:00:00+00:00,445.68,445.99,445.18,445.55,249822.0,2055.0,445.667122
2023-09-06 16:00:00+00:00,445.5,445.73,444.03,444.25,230329.0,1994.0,444.925251
2023-09-06 17:00:00+00:00,444.23,445.54,443.825,445.305,167160.0,1434.0,444.747936
2023-09-06 18:00:00+00:00,445.25,446.17,445.19,445.9,247692.0,2206.0,445.758603
2023-09-06 19:00:00+00:00,445.96,446.385,445.335,446.24,361851.0,2902.0,445.979514
2023-09-06 20:00:00+00:00,446.16,446.18,445.93,446.05,22990.0,33.0,446.067657
2023-09-07 13:00:00+00:00,443.06,444.37,442.805,443.44,128717.0,1076.0,443.567373
2023-09-07 14:00:00+00:00,443.39,444.65,442.76,444.03,208198.0,1994.0,443.64265
2023-09-07 15:00:00+00:00,444.09,445.0,443.89,443.98,140483.0,1567.0,444.424251
2023-09-07 16:00:00+00:00,443.95,445.23,443.91,444.46,107663.0,1202.0,444.808746
2023-09-07 17:00:00+00:00,444.46,445.215,444.31,445.06,85420.0,1091.0,444.86273
2023-09-07 18:00:00+00:00,445.105,445.34,444.11,444.99,189259.0,1804.0,444.706092
2023-09-07 19:00:00+00:00,444.975,445.52,444.295,444.88,399020.0,2798.0,444.895326
2023-09-07 20:00:00+00:00,444.76,444.84,444.76,444.83,10400.0,7.0,444.801346
2023-09-08 13:00:00+00:00,444.89,446.08,444.81,445.81,91118.0,822.0,445.762686
2023-09-08 14:00:00+00:00,445.88,447.1,445.76,445.905,206762.0,1831.0,446.542712
2023-09-08 15:00:00+00:00,445.875,446.89,445.795,446.15,116160.0,1198.0,446.430661
2023-09-08 16:00:00+00:00,446.185,446.77,445.615,446.095,92841.0,1028.0,446.181834
2023-09-08 17:00:00+00:00,446.09,446.19,445.53,445.89,101462.0,1115.0,445.814253
2023-09-08 18:00:00+00:00,445.91,446.22,444.88,444.94,174464.0,1627.0,445.265833
2023-09-08 19:00:00+00:00,444.87,445.6,444.53,445.58,278884.0,2693.0,445.006222
2023-09-08 20:00:00+00:00,445.5,445.99,445.43,445.87,17514.0,16.0,445.773305
2023-09-11 13:00:00+00:00,448.21,448.77,446.935,447.04,109804.0,1080.0,447.94271
2023-09-11 14:00:00+00:00,446.985,447.84,446.76,446.95,175470.0,1669.0,447.229717
2023-09-11 15:00:00+00:00,446.96,447.475,446.5,446.9,121411.0,1363.0,446.903589
2023-09-11 16:00:00+00:00,446.91,447.77,446.91,447.69,97669.0,1028.0,447.387325
2023-09-11 17:00:00+00:00,447.72,448.47,447.52,448.38,158113.0,1582.0,448.151154
2023-09-11 18:00:00+00:00,448.395,448.555,448.055,448.4,106824.0,1284.0,448.346803
2023-09-11 19:00:00+00:00,448.405,448.69,448.03,448.54,276875.0,2987.0,448.390668
2023-09-11 20:00:00+00:00,448.51,448.58,448.31,448.31,16601.0,26.0,448.42241
2023-09-12 13:00:00+00:00,446.8,447.81,446.8,447.65,100590.0,826.0,447.261516
2023-09-12 14:00:00+00:00,447.615,447.63,446.275,446.31,161574.0,1714.0,446.894258
2023-09-12 15:00:00+00:00,446.225,447.2,446.12,447.06,121208.0,1318.0,446.68064
2023-09-12 16:00:00+00:00,447.12,447.535,446.99,447.28,108488.0,1098.0,447.28814
2023-09-12 17:00:00+00:00,447.3,448.46,446.915,447.09,179838.0,1407.0,447.812616
2023-09-12 18:00:00+00:00,447.015,447.1,445.97,446.09,184310.0,1517.0,446.627245
2023-09-12 19:00:00+00:00,446.02,446.2,445.39,446.01,414655.0,3448.0,445.831375
2023-09-12 20:00:00+00:00,446.09,446.2,445.96,446.2,11500.0,11.0,446.058087
2023-09-13 12:00:00+00:00,444.38,444.88,444.38,444.88,300.0,4.0,444.63
2023-09-13 13:00:00+00:00,446.1,447.25,446.005,446.965,71387.0,652.0,446.62074
2023-09-13 14:00:00+00:00,446.96,447.2,445.08,447.09,177141.0,1432.0,446.25814
2023-09-13 15:00:00+00:00,447.19,447.595,446.53,447.23,132192.0,1102.0,447.19964
2023-09-13 16:00:00+00:00,447.27,447.53,446.72,447.27,70604.0,1015.0,447.176278
2023-09-13 17:00:00+00:00,447.32,447.68,447.135,447.38,75391.0,722.0,447.459251
2023-09-13 18:00:00+00:00,447.425,447.47,445.56,446.2,163070.0,1540.0,446.646415
2023-09-13 19:00:00+00:00,446.17,446.775,445.325,446.46,331096.0,2715.0,446.160384
2023-09-14 12:00:00+00:00,448.24,448.24,448.24,448.24,223.0,2.0,448.24
2023-09-14 13:00:00+00:00,448.79,449.31,448.09,448.88,101639.0,887.0,448.642225
2023-09-14 14:00:00+00:00,448.97,449.6,447.72,449.475,190010.0,1443.0,448.777996
2023-09-14 15:00:00+00:00,449.505,449.94,449.04,449.89,183382.0,1621.0,449.60802
2023-09-14 16:00:00+00:00,449.89,450.67,449.77,450.62,213887.0,1983.0,450.238037
2023-09-14 17:00:00+00:00,450.555,450.65,450.16,450.21,140257.0,1603.0,450.440308
2023-09-14 18:00:00+00:00,450.11,450.62,449.945,450.58,109804.0,1231.0,450.267133
2023-09-14 19:00:00+00:00,450.6,451.06,450.135,450.4,348882.0,2983.0,450.510087
2023-09-14 20:00:00+00:00,450.31,450.8,450.31,450.8,5888.0,13.0,450.399307
2023-09-15 13:00:00+00:00,447.245,447.42,446.0,446.32,170113.0,1284.0,446.668806
2023-09-15 14:00:00+00:00,446.57,446.92,444.54,444.54,366046.0,2833.0,445.983606
2023-09-15 15:00:00+00:00,444.54,445.3,444.28,445.09,261335.0,2273.0,444.765324
2023-09-15 16:00:00+00:00,445.13,445.36,444.88,445.12,110634.0,1367.0,445.144635
2023-09-15 17:00:00+00:00,445.135,445.135,443.02,443.95,273439.0,2333.0,443.792829
2023-09-15 18:00:00+00:00,443.975,443.975,443.18,443.9,292974.0,2308.0,443.546647
2023-09-15 19:00:00+00:00,443.825,443.99,443.025,443.305,635951.0,4187.0,443.404526
2023-09-15 20:00:00+00:00,443.29,443.73,443.23,443.73,17375.0,15.0,443.401881
2023-09-18 13:00:00+00:00,443.04,443.74,442.57,443.065,60291.0,506.0,443.023559
2023-09-18 14:00:00+00:00,443.045,443.855,442.755,443.655,141247.0,1493.0,443.448478
2023-09-18 15:00:00+00:00,443.685,444.79,443.28,444.62,138546.0,1348.0,444.190336
2023-09-18 16:00:00+00:00,444.66,444.965,444.29,444.46,116042.0,1139.0,444.638073
2023-09-18 17:00:00+00:00,444.485,444.78,444.165,444.32,64389.0,799.0,444.477717
2023-09-18 18:00:00+00:00,444.32,444.5,443.18,443.54,112783.0,1308.0,443.954891
2023-09-18 19:00:00+00:00,443.535,443.73,443.175,443.63,295040.0,2579.0,443.438852
2023-09-18 20:00:00+00:00,443.73,443.74,443.63,443.74,6133.0,10.0,443.670108
2023-09-19 13:00:00+00:00,442.78,443.09,442.15,442.19,65924.0,632.0,442.662674
2023-09-19 14:00:00+00:00,442.2,442.2,440.51,440.6,240250.0,1984.0,441.213294
2023-09-19 15:00:00+00:00,440.52,441.01,440.46,440.82,116877.0,1323.0,440.748177
2023-09-19 16:00:00+00:00,440.83,440.83,439.97,440.61,102520.0,1138.0,440.428074
2023-09-19 17:00:00+00:00,440.615,442.26,440.535,442.15,141053.0,1150.0,441.518611
2023-09-19 18:00:00+00:00,442.155,443.22,441.98,442.175,180932.0,1462.0,442.520017
2023-09-19 19:00:00+00:00,442.105,443.18,441.89,442.62,219638.0,1977.0,442.618172
2023-09-19 20:00:00+00:00,442.9,442.9,442.8,442.83,3200.0,3.0,442.820313
2023-09-20 13:00:00+00:00,443.98,444.4,443.46,444.07,71157.0,711.0,443.995279
2023-09-20 14:00:00+00:00,444.13,444.435,443.42,443.62,88224.0,1118.0,443.80715
2023-09-20 15:00:00+00:00,443.6,443.93,443.17,443.735,96097.0,978.0,443.515544
2023-09-20 16:00:00+00:00,443.72,444.01,443.49,443.975,85865.0,928.0,443.808151
2023-09-20 17:00:00+00:00,443.98,444.005,443.075,443.57,80256.0,1063.0,443.538242
2023-09-20 18:00:00+00:00,442.74,443.73,441.48,441.81,237959.0,1876.0,442.303909
2023-09-20 19:00:00+00:00,441.64,442.2,438.43,438.52,429157.0,2952.0,439.785962
2023-09-20 20:00:00+00:00,438.47,438.47,438.43,438.43,1200.0,3.0,438.449167
2023-09-21 13:00:00+00:00,435.71,435.94,434.15,434.24,148254.0,1267.0,435.0271
2023-09-21 14:00:00+00:00,434.265,435.55,434.01,434.135,282569.0,2319.0,434.733208
2023-09-21 15:00:00+00:00,434.1,434.55,433.66,433.92,198862.0,2045.0,434.048011
2023-09-21 16:00:00+00:00,433.94,434.165,433.45,433.57,195725.0,2151.0,433.75522
2023-09-21 17:00:00+00:00,433.555,434.86,433.5,434.42,170772.0,1913.0,434.440625
2023-09-21 18:00:00+00:00,434.45,434.465,433.07,433.095,256927.0,2064.0,433.607387
2023-09-21 19:00:00+00:00,433.085,433.38,431.25,431.3,502786.0,4277.0,432.170947
2023-09-22 13:00:00+00:00,432.48,432.635,431.68,432.42,136227.0,1102.0,432.183985
2023-09-22 14:00:00+00:00,432.47,433.8,431.97,433.655,234633.0,2046.0,432.938747
2023-09-22 15:00:00+00:00,433.72,434.06,432.9,432.91,111735.0,1168.0,433.424771
2023-09-22 16:00:00+00:00,432.88,433.74,432.69,433.4,78757.0,1148.0,433.240975
2023-09-22 17:00:00+00:00,433.44,433.45,431.21,431.69,149436.0,1334.0,431.982992
2023-09-22 18:00:00+00:00,431.65,431.72,430.565,431.005,122677.0,1188.0,431.040827
2023-09-22 19:00:00+00:00,430.985,433.125,430.01,430.28,358590.0,2791.0,431.129798
2023-09-22 20:00:00+00:00,430.85,430.85,430.85,430.85,835.0,2.0,430.85
2023-09-25 13:00:00+00:00,429.13,430.735,428.745,430.57,92107.0,891.0,429.491562
2023-09-25 14:00:00+00:00,430.59,430.71,429.23,429.23,119660.0,1517.0,429.888544
2023-09-25 15:00:00+00:00,429.27,431.69,429.14,431.255,112684.0,1227.0,430.960611
2023-09-25 16:00:00+00:00,431.255,432.0,430.61,431.04,85526.0,1026.0,431.459854
2023-09-25 17:00:00+00:00,431.015,431.82,430.62,431.47,65282.0,733.0,431.241724
2023-09-25 18:00:00+00:00,431.455,431.705,430.81,430.875,96847.0,1104.0,431.272167
2023-09-25 19:00:00+00:00,430.75,432.25,430.02,432.23,258046.0,2045.0,431.134077
2023-09-25 20:00:00+00:00,432.31,432.31,432.23,432.3,8200.0,7.0,432.280487
2023-09-26 13:00:00+00:00,429.1,429.81,428.54,428.7,122924.0,1119.0,429.080917
2023-09-26 14:00:00+00:00,428.65,428.91,427.03,428.01,283642.0,2324.0,427.931436
2023-09-26 15:00:00+00:00,428.02,428.235,426.63,427.08,156179.0,1540.0,427.26459
2023-09-26 16:00:00+00:00,427.125,427.96,426.87,427.56,128645.0,1320.0,427.481603
2023-09-26 17:00:00+00:00,427.58,427.98,426.02,426.71,158952.0,1531.0,426.768338
2023-09-26 18:00:00+00:00,426.69,426.71,425.48,425.83,183557.0,1820.0,425.955805
2023-09-26 19:00:00+00:00,425.815,426.04,425.035,425.84,496266.0,3907.0,425.603819
2023-09-26 20:00:00+00:00,425.94,426.62,425.93,426.62,3700.0,4.0,426.139189
2023-09-27 13:00:00+00:00,427.08,427.615,426.69,426.88,105500.0,878.0,427.122195
2023-09-27 14:00:00+00:00,426.92,427.095,425.01,425.16,151349.0,1442.0,426.231434
2023-09-27 15:00:00+00:00,425.19,426.11,424.59,424.895,148851.0,1385.0,425.429277
2023-09-27 16:00:00+00:00,424.88,424.88,423.77,424.06,220298.0,1653.0,424.274729
2023-09-27 17:00:00+00:00,424.21,424.66,422.31,423.33,171385.0,1307.0,423.254169
2023-09-27 18:00:00+00:00,423.28,426.29,422.61,425.88,449425.0,2777.0,424.862808
2023-09-27 19:00:00+00:00,425.87,427.53,424.865,425.925,380040.0,3302.0,426.151311
2023-09-27 20:00:00+00:00,425.99,426.22,425.99,426.22,589.0,4.0,426.037097
2023-09-28 12:00:00+00:00,427.43,427.43,427.43,427.43,200.0,2.0,427.43
2023-09-28 13:00:00+00:00,425.56,426.72,424.87,426.7,118175.0,1046.0,425.655168
2023-09-28 14:00:00+00:00,426.89,427.53,425.335,427.305,158433.0,1705.0,426.746142
2023-09-28 15:00:00+00:00,427.34,429.605,426.98,429.45,206882.0,2507.0,428.572213
2023-09-28 16:00:00+00:00,429.45,430.24,428.58,428.875,173528.0,1583.0,429.464335
2023-09-28 17:00:00+00:00,428.91,429.25,427.72,428.08,148259.0,1379.0,428.423834
2023-09-28 18:00:00+00:00,428.19,429.08,427.48,428.31,157722.0,1512.0,428.216902
2023-09-28 19:00:00+00:00,428.415,429.755,427.985,428.51,249375.0,2389.0,428.690745
2023-09-28 20:00:00+00:00,428.33,428.52,428.33,428.52,5967.0,10.0,428.358453
2023-09-29 13:00:00+00:00,431.69,431.82,430.59,431.36,132325.0,1136.0,431.136512
2023-09-29 14:00:00+00:00,431.41,431.74,430.04,430.535,184614.0,1723.0,430.794724
2023-09-29 15:00:00+00:00,430.56,431.35,428.645,429.23,162368.0,1661.0,429.813576
2023-09-29 16:00:00+00:00,429.23,429.73,427.94,428.2,122633.0,1312.0,429.072687
2023-09-29 17:00:00+00:00,428.24,428.24,426.195,426.195,187058.0,2037.0,427.033344
2023-09-29 18:00:00+00:00,426.3,428.22,425.94,428.22,572608.0,2770.0,426.74441
2023-09-29 19:00:00+00:00,428.215,428.87,426.76,427.3,491313.0,2745.0,427.676487
2023-09-29 20:00:00+00:00,427.63,427.63,427.63,427.63,550.0,3.0,427.63
2023-10-02 13:00:00+00:00,426.6,427.69,426.195,426.77,150106.0,1385.0,426.902006
2023-10-02 14:00:00+00:00,426.58,428.075,425.94,426.415,203594.0,1798.0,427.050431
2023-10-02 15:00:00+00:00,426.46,428.58,425.53,425.82,163954.0,1900.0,426.932556
2023-10-02 16:00:00+00:00,425.8,426.05,424.49,424.865,148656.0,1476.0,425.412376
2023-10-02 17:00:00+00:00,424.785,425.99,424.61,425.48,92926.0,1191.0,425.428954
2023-10-02 18:00:00+00:00,425.47,426.71,424.55,425.145,119828.0,1478.0,425.472443
2023-10-02 19:00:00+00:00,425.08,427.36,424.56,427.36,256716.0,2479.0,426.178942
2023-10-02 20:00:00+00:00,427.4,427.4,427.4,427.4,1074.0,6.0,427.4
2023-10-03 13:00:00+00:00,425.2,426.635,425.02,426.26,85928.0,785.0,425.644287
2023-10-03 14:00:00+00:00,426.29,426.29,421.47,421.78,338067.0,2342.0,423.003944
2023-10-03 15:00:00+00:00,421.735,422.11,420.765,421.14,179033.0,1628.0,421.401786
2023-10-03 16:00:00+00:00,421.21,422.55,421.17,422.235,159105.0,1564.0,422.036195
2023-10-03 17:00:00+00:00,422.26,422.81,420.745,420.89,132897.0,1191.0,421.534954
2023-10-03 18:00:00+00:00,420.88,421.5,420.2,421.14,179788.0,1692.0,420.702598
2023-10-03 19:00:00+00:00,421.105,421.68,420.305,421.68,344220.0,2712.0,421.066374
2023-10-04 13:00:00+00:00,422.12,423.37,421.99,422.52,117572.0,1066.0,422.581982
2023-10-04 14:00:00+00:00,422.36,422.81,420.57,421.045,262114.0,1806.0,421.53711
2023-10-04 15:00:00+00:00,420.915,423.92,420.7,423.92,161115.0,1479.0,422.514308
2023-10-04 16:00:00+00:00,423.935,424.36,423.25,423.53,151911.0,1341.0,423.72937
2023-10-04 17:00:00+00:00,423.615,423.69,422.04,422.18,165051.0,1528.0,422.747569
2023-10-04 18:00:00+00:00,422.13,423.3,421.72,423.16,157857.0,1533.0,422.486912
2023-10-04 19:00:00+00:00,423.23,425.405,423.05,424.705,370338.0,2757.0,424.659979
2023-10-04 20:00:00+00:00,424.5,424.5,424.47,424.47,546.0,3.0,424.483516
2023-10-05 13:00:00+00:00,424.42,425.205,423.365,424.09,107605.0,740.0,424.382817
2023-10-05 14:00:00+00:00,424.13,424.13,421.655,421.955,177983.0,1492.0,422.748058
2023-10-05 15:00:00+00:00,421.88,422.58,421.21,422.0,148258.0,1125.0,421.941896
2023-10-05 16:00:00+00:00,422.035,423.375,421.895,422.615,108651.0,1096.0,422.754247
2023-10-05 17:00:00+00:00,422.59,424.19,421.88,424.07,118820.0,970.0,423.403049
2023-10-05 18:00:00+00:00,424.13,425.37,423.93,425.08,180691.0,1243.0,424.609199
2023-10-05 19:00:00+00:00,425.05,425.16,424.2,424.31,188138.0,1640.0,424.621448
2023-10-06 12:00:00+00:00,421.5,421.5,421.5,421.5,300.0,1.0,421.5
2023-10-06 13:00:00+00:00,422.165,422.97,421.01,421.91,103786.0,713.0,421.939832
2023-10-06 14:00:00+00:00,421.84,424.31,420.6,423.83,275362.0,2177.0,422.436614
2023-10-06 15:00:00+00:00,423.84,428.89,423.805,428.81,304105.0,2148.0,426.284495
2023-10-06 16:00:00+00:00,428.945,429.27,427.725,428.21,232356.0,1543.0,428.415553
2023-10-06 17:00:00+00:00,428.265,429.845,428.125,429.73,147228.0,1275.0,429.303466
2023-10-06 18:00:00+00:00,429.75,431.11,429.4,430.69,181330.0,1746.0,430.388789
2023-10-06 19:00:00+00:00,430.675,430.93,429.39,429.44,410952.0,2642.0,430.130772
2023-10-06 20:00:00+00:00,429.51,429.85,429.51,429.85,3801.0,6.0,429.636053
2023-10-09 13:00:00+00:00,427.49,428.98,427.37,428.82,92724.0,895.0,428.071887
2023-10-09 14:00:00+00:00,428.905,429.09,427.04,427.365,112443.0,1143.0,428.045153
2023-10-09 15:00:00+00:00,427.345,429.065,427.305,429.04,105788.0,1069.0,428.285399
2023-10-09 16:00:00+00:00,429.04,429.94,428.55,428.94,96909.0,975.0,429.236628
2023-10-09 17:00:00+00:00,429.0,432.11,428.865,432.11,125195.0,1104.0,430.731997
2023-10-09 18:00:00+00:00,432.14,432.86,431.705,432.58,154115.0,1345.0,432.329638
2023-10-09 19:00:00+00:00,432.58,432.665,431.57,432.24,208163.0,1672.0,431.997568
2023-10-09 20:00:00+00:00,432.29,432.34,432.29,432.34,4538.0,4.0,432.306527
2023-10-10 13:00:00+00:00,433.02,433.53,432.53,433.51,101403.0,747.0,433.034226
2023-10-10 14:00:00+00:00,433.77,435.69,433.77,435.335,227129.0,1956.0,434.840133
2023-10-10 15:00:00+00:00,435.295,437.095,435.14,437.01,196839.0,1724.0,436.343982
2023-10-10 16:00:00+00:00,436.98,437.205,436.58,436.725,135210.0,1631.0,436.886587
2023-10-10 17:00:00+00:00,436.835,436.835,434.685,435.43,169491.0,1553.0,435.367731
2023-10-10 18:00:00+00:00,435.39,435.72,434.315,434.6,129467.0,1372.0,434.985745
2023-10-10 19:00:00+00:00,434.63,435.085,434.33,434.47,510595.0,2517.0,434.659348
2023-10-10 20:00:00+00:00,434.49,434.64,434.37,434.62,14125.0,12.0,434.524508
2023-10-11 13:00:00+00:00,435.68,436.41,435.3,435.48,84515.0,641.0,435.874527
2023-10-11 14:00:00+00:00,435.45,435.615,434.59,435.52,123064.0,1397.0,435.082465
2023-10-11 15:00:00+00:00,435.52,435.82,434.235,434.47,96610.0,1120.0,434.777956
2023-10-11 16:00:00+00:00,434.48,434.48,433.595,434.185,89002.0,905.0,434.066503
2023-10-11 17:00:00+00:00,434.11,434.33,433.18,433.85,96758.0,1050.0,433.644294
2023-10-11 18:00:00+00:00,433.8,435.31,433.8,435.03,113390.0,921.0,434.737014
2023-10-11 19:00:00+00:00,435.03,436.57,434.93,436.33,264433.0,2245.0,435.95447
2023-10-11 20:00:00+00:00,436.38,436.92,436.38,436.89,3712.0,10.0,436.708006
2023-10-12 12:00:00+00:00,437.6,437.6,437.6,437.6,100.0,1.0,437.6
2023-10-12 13:00:00+00:00,436.86,436.96,435.08,435.46,75301.0,710.0,436.118306
2023-10-12 14:00:00+00:00,435.41,436.695,435.0,436.14,115316.0,1139.0,435.846194
2023-10-12 15:00:00+00:00,436.13,436.88,435.645,436.525,74982.0,919.0,436.256582
2023-10-12 16:00:00+00:00,436.565,437.32,436.38,436.47,84275.0,857.0,436.896229
2023-10-12 17:00:00+00:00,436.48,436.49,432.36,432.43,224341.0,1574.0,433.658866
2023-10-12 18:00:00+00:00,432.42,433.34,431.24,432.94,430758.0,2275.0,432.32866
2023-10-12 19:00:00+00:00,433.0,434.25,432.925,433.68,360341.0,2394.0,433.637373
2023-10-12 20:00:00+00:00,433.78,433.78,433.71,433.76,3136.0,5.0,433.747097
2023-10-13 13:00:00+00:00,435.26,436.39,435.135,436.04,100365.0,716.0,435.777168
2023-10-13 14:00:00+00:00,435.705,435.84,432.59,432.795,180295.0,1406.0,434.10373
2023-10-13 15:00:00+00:00,432.77,432.87,431.05,431.325,184750.0,1456.0,432.116257
2023-10-13 16:00:00+00:00,431.26,433.33,431.215,432.04,106430.0,1023.0,432.437318
2023-10-13 17:00:00+00:00,432.05,432.21,429.9,431.375,196474.0,1652.0,430.853403
2023-10-13 18:00:00+00:00,431.385,432.1,430.77,431.56,258847.0,1701.0,431.409823
2023-10-13 19:00:00+00:00,431.65,432.4,430.33,431.625,577527.0,3106.0,431.338625
2023-10-13 20:00:00+00:00,431.37,431.37,431.28,431.28,3204.0,3.0,431.301998
2023-10-16 13:00:00+00:00,433.81,434.74,433.57,434.32,123150.0,1267.0,434.20217
2023-10-16 14:00:00+00:00,434.34,436.81,433.825,436.77,343249.0,2170.0,435.714452
2023-10-16 15:00:00+00:00,436.855,437.115,435.49,435.95,169638.0,1662.0,436.303822
2023-10-16 16:00:00+00:00,435.96,436.23,435.48,435.97,135833.0,1307.0,435.929673
2023-10-16 17:00:00+00:00,436.12,436.85,434.33,436.47,165988.0,1443.0,435.978632
2023-10-16 18:00:00+00:00,436.455,436.72,435.62,436.53,100208.0,1064.0,436.19795
2023-10-16 19:00:00+00:00,436.5,436.95,435.78,436.04,286093.0,2247.0,436.40503
2023-10-16 20:00:00+00:00,436.04,436.33,436.04,436.32,4500.0,6.0,436.257555
2023-10-17 13:00:00+00:00,432.77,433.705,432.48,432.795,129885.0,870.0,433.157487
2023-10-17 14:00:00+00:00,432.66,435.69,432.66,435.1,180326.0,1579.0,434.500402
2023-10-17 15:00:00+00:00,435.17,437.5,434.95,437.265,140381.0,1252.0,436.326001
2023-10-17 16:00:00+00:00,437.205,438.13,436.68,436.815,172197.0,1312.0,437.534271
2023-10-17 17:00:00+00:00,436.84,437.01,434.62,434.89,170129.0,1174.0,436.025357
2023-10-17 18:00:00+00:00,434.86,435.685,434.225,434.63,133108.0,1189.0,435.045587
2023-10-17 19:00:00+00:00,434.58,436.11,434.32,436.11,269081.0,2087.0,435.315568
2023-10-17 20:00:00+00:00,435.98,435.98,435.68,435.69,8498.0,9.0,435.790814
2023-10-18 13:00:00+00:00,434.05,434.73,433.56,434.005,82660.0,680.0,433.971911
2023-10-18 14:00:00+00:00,433.83,435.115,432.23,432.56,230832.0,1755.0,433.367229
2023-10-18 15:00:00+00:00,432.53,433.535,432.245,432.51,134128.0,1127.0,432.812614
2023-10-18 16:00:00+00:00,432.475,433.415,431.4,431.58,121078.0,1208.0,432.173186
2023-10-18 17:00:00+00:00,431.41,433.76,431.1,432.49,174307.0,1254.0,432.476291
2023-10-18 18:00:00+00:00,432.54,433.19,430.88,431.2,111121.0,1145.0,431.958723
2023-10-18 19:00:00+00:00,431.13,431.13,429.09,430.24,503177.0,3330.0,430.199752
2023-10-19 12:00:00+00:00,430.84,430.84,430.84,430.84,100.0,1.0,430.84
2023-10-19 13:00:00+00:00,430.89,431.35,430.185,430.65,59255.0,499.0,430.659271
2023-10-19 14:00:00+00:00,430.72,431.08,428.725,428.95,154831.0,1428.0,429.600044
2023-10-19 15:00:00+00:00,428.95,430.705,428.47,430.01,113377.0,1192.0,429.53837
2023-10-19 16:00:00+00:00,430.005,432.82,427.74,431.06,397651.0,2248.0,430.181452
2023-10-19 17:00:00+00:00,431.215,432.3,429.02,429.49,183579.0,1460.0,430.552334
2023-10-19 18:00:00+00:00,429.45,429.995,426.67,426.95,224024.0,1789.0,428.004401
2023-10-19 19:00:00+00:00,426.935,427.535,425.74,426.43,426004.0,2553.0,426.741749
2023-10-19 20:00:00+00:00,426.05,426.07,425.95,425.95,777.0,5.0,426.044286
2023-10-20 13:00:00+00:00,425.89,426.48,425.14,425.14,83534.0,789.0,425.896523
2023-10-20 14:00:00+00:00,425.02,425.4,422.35,422.41,267251.0,2027.0,423.582844
2023-10-20 15:00:00+00:00,422.38,423.74,421.93,423.37,204057.0,1770.0,422.647946
2023-10-20 16:00:00+00:00,423.405,424.43,422.35,424.26,139120.0,1410.0,423.261732
2023-10-20 17:00:00+00:00,424.275,424.73,423.09,424.205,110289.0,1232.0,423.958797
2023-10-20 18:00:00+00:00,424.205,424.26,422.24,422.62,467826.0,2320.0,422.847921
2023-10-20 19:00:00+00:00,422.65,423.09,421.08,421.25,658071.0,3682.0,421.927001
2023-10-20 20:00:00+00:00,420.88,421.1,420.87,420.87,9800.0,9.0,420.882449
2023-10-23 13:00:00+00:00,419.54,420.67,417.82,420.61,172241.0,1340.0,419.269903
2023-10-23 14:00:00+00:00,420.6,421.61,420.07,421.26,195141.0,1895.0,420.855349
2023-10-23 15:00:00+00:00,421.365,423.01,421.22,422.85,155453.0,1596.0,422.219313
2023-10-23 16:00:00+00:00,422.84,424.34,421.9,424.34,153601.0,1564.0,422.943788
2023-10-23 17:00:00+00:00,424.45,424.45,422.64,422.95,144706.0,1513.0,423.360941
2023-10-23 18:00:00+00:00,422.825,423.29,422.075,422.71,110465.0,1401.0,422.665166
2023-10-23 19:00:00+00:00,422.8,423.05,420.245,420.52,394107.0,3069.0,421.075522
2023-10-23 20:00:00+00:00,421.32,421.32,421.32,421.32,117.0,1.0,421.32
2023-10-24 13:00:00+00:00,422.69,423.89,422.49,423.78,123225.0,835.0,423.12534
2023-10-24 14:00:00+00:00,423.85,424.81,422.61,424.22,118792.0,1316.0,423.932071
2023-10-24 15:00:00+00:00,424.13,424.195,422.58,423.22,110407.0,1027.0,423.294184
2023-10-24 16:00:00+00:00,423.38,423.53,420.74,421.27,159509.0,1310.0,421.849972
2023-10-24 17:00:00+00:00,421.25,422.545,421.075,422.18,114707.0,1202.0,421.889848
2023-10-24 18:00:00+00:00,422.14,423.75,421.99,423.53,100021.0,1245.0,422.944626
2023-10-24 19:00:00+00:00,423.52,424.18,423.26,423.56,384650.0,2621.0,423.900849
2023-10-24 20:00:00+00:00,424.68,424.91,423.63,423.63,3201.0,11.0,424.747173
2023-10-25 13:00:00+00:00,421.91,421.91,419.54,420.15,144921.0,1653.0,420.417384
2023-10-25 14:00:00+00:00,419.84,421.105,419.02,420.15,243467.0,1770.0,419.638324
2023-10-25 15:00:00+00:00,420.13,421.42,419.51,419.51,168171.0,1712.0,420.602845
2023-10-25 16:00:00+00:00,419.47,419.75,418.36,418.53,137118.0,1722.0,419.031975
2023-10-25 17:00:00+00:00,418.55,418.8,417.03,417.73,160690.0,1834.0,417.739504
2023-10-25 18:00:00+00:00,417.785,418.225,417.13,417.68,113434.0,1559.0,417.728161
2023-10-25 19:00:00+00:00,417.71,418.43,417.24,417.62,338301.0,3005.0,417.724016
2023-10-25 20:00:00+00:00,417.75,418.01,417.55,417.55,725.0,6.0,417.710787
2023-10-26 13:00:00+00:00,416.46,417.29,415.26,415.33,135551.0,1063.0,416.366816
2023-10-26 14:00:00+00:00,415.21,416.86,414.37,416.34,245109.0,2019.0,415.286758
2023-10-26 15:00:00+00:00,416.37,416.53,413.89,414.53,155303.0,1449.0,414.787559
2023-10-26 16:00:00+00:00,414.495,414.495,412.15,412.15,198818.0,2039.0,412.78401
2023-10-26 17:00:00+00:00,412.185,413.68,411.71,413.625,220714.0,1631.0,412.673343
2023-10-26 18:00:00+00:00,413.63,415.545,413.37,415.545,476008.0,2675.0,414.413364
2023-10-26 19:00:00+00:00,415.53,415.925,412.3,412.6,827500.0,3796.0,413.825404
2023-10-26 20:00:00+00:00,412.52,413.55,412.52,413.55,1800.0,5.0,413.052778
2023-10-27 13:00:00+00:00,414.385,414.45,412.66,413.11,103630.0,1118.0,413.429795
2023-10-27 14:00:00+00:00,413.26,414.11,411.88,413.515,158374.0,1830.0,413.043472
2023-10-27 15:00:00+00:00,413.565,414.57,412.81,413.43,118350.0,1529.0,413.7496
2023-10-27 16:00:00+00:00,413.405,413.55,411.67,411.76,143408.0,1415.0,412.608906
2023-10-27 17:00:00+00:00,411.735,412.03,410.12,410.35,177962.0,1782.0,410.791532
2023-10-27 18:00:00+00:00,410.38,411.18,409.27,409.53,361677.0,2553.0,410.21538
2023-10-27 19:00:00+00:00,409.52,410.91,409.24,410.76,743779.0,4125.0,410.006676
2023-10-27 20:00:00+00:00,410.95,410.98,410.67,410.68,3169.0,5.0,410.904424
2023-10-30 13:00:00+00:00,413.56,415.34,413.56,414.88,152544.0,1188.0,414.62758
2023-10-30 14:00:00+00:00,414.89,415.02,412.27,412.95,195764.0,1669.0,413.466865
2023-10-30 15:00:00+00:00,413.36,414.05,412.44,413.99,100235.0,1141.0,413.42646
2023-10-30 16:00:00+00:00,413.97,414.245,412.65,413.21,85585.0,1092.0,413.553243
2023-10-30 17:00:00+00:00,413.26,415.72,412.97,415.66,144442.0,1740.0,414.847281
2023-10-30 18:00:00+00:00,415.67,416.28,415.04,415.83,203027.0,2001.0,415.556531
2023-10-30 19:00:00+00:00,415.845,416.67,415.48,415.64,557396.0,3735.0,416.019803
2023-10-30 20:00:00+00:00,415.63,415.63,415.4,415.6,11200.0,8.0,415.486408
2023-10-31 13:00:00+00:00,416.17,416.29,414.32,414.79,79580.0,751.0,415.130447
2023-10-31 14:00:00+00:00,414.75,416.56,414.21,416.275,180789.0,1342.0,415.627642
2023-10-31 15:00:00+00:00,416.38,416.57,415.45,416.42,97445.0,1151.0,415.908531
2023-10-31 16:00:00+00:00,416.44,416.83,415.22,416.72,86030.0,1050.0,416.147928
2023-10-31 17:00:00+00:00,416.73,417.935,416.34,417.86,135784.0,1560.0,417.25559
2023-10-31 18:00:00+00:00,417.85,418.2,417.09,418.11,241673.0,2094.0,417.614132
2023-10-31 19:00:00+00:00,418.16,418.5,417.585,418.18,575678.0,3891.0,418.139738
2023-10-31 20:00:00+00:00,418.2,418.2,417.73,417.73,6199.0,8.0,417.944844
2023-11-01 13:00:00+00:00,419.285,419.85,418.68,419.56,97909.0,946.0,419.234753
2023-11-01 14:00:00+00:00,419.8,421.89,419.23,421.28,212172.0,2169.0,420.88583
2023-11-01 15:00:00+00:00,421.22,421.59,420.23,420.73,159054.0,1542.0,420.77329
2023-11-01 16:00:00+00:00,420.7,420.7,419.32,419.74,168591.0,1370.0,420.119653
2023-11-01 17:00:00+00:00,419.765,420.39,419.39,420.09,145292.0,1432.0,419.875453
2023-11-01 18:00:00+00:00,420.37,421.72,419.09,421.41,251088.0,1925.0,420.246914
2023-11-01 19:00:00+00:00,421.53,423.485,421.48,422.66,487786.0,3466.0,422.789169
2023-11-01 20:00:00+00:00,422.66,422.66,422.66,422.66,100.0,1.0,422.66
2023-11-02 13:00:00+00:00,426.6,428.03,426.6,427.51,122515.0,1022.0,427.439937
2023-11-02 14:00:00+00:00,427.51,429.31,426.78,429.31,207684.0,2151.0,428.136479
2023-11-02 15:00:00+00:00,429.32,429.335,428.23,428.77,127057.0,1598.0,428.956142
2023-11-02 16:00:00+00:00,428.75,429.555,428.45,429.13,143831.0,1544.0,428.993109
2023-11-02 17:00:00+00:00,429.09,430.41,428.94,430.275,176916.0,1933.0,429.786799
2023-11-02 18:00:00+00:00,430.295,430.47,429.77,430.25,140505.0,1864.0,430.171372
2023-11-02 19:00:00+00:00,430.26,430.91,430.09,430.69,449151.0,3815.0,430.591868
2023-11-02 20:00:00+00:00,430.7,430.7,430.46,430.46,2667.0,4.0,430.601065
2023-11-03 13:00:00+00:00,433.07,434.96,433.07,434.8,113786.0,896.0,434.290936
2023-11-03 14:00:00+00:00,434.9,435.38,433.21,434.17,192722.0,1804.0,434.147633
2023-11-03 15:00:00+00:00,434.195,435.185,433.57,434.975,135173.0,1293.0,434.502749
2023-11-03 16:00:00+00:00,435.015,435.84,434.865,435.76,168468.0,1831.0,435.48764
2023-11-03 17:00:00+00:00,435.735,435.89,434.85,435.64,114822.0,1409.0,435.385703
2023-11-03 18:00:00+00:00,435.635,436.17,435.015,436.1,114273.0,1492.0,435.720336
2023-11-03 19:00:00+00:00,436.095,436.29,434.66,434.72,602744.0,4167.0,435.15466
2023-11-03 20:00:00+00:00,434.9,435.12,434.9,435.09,10573.0,15.0,435.075957
2023-11-06 14:00:00+00:00,435.48,436.14,435.07,435.44,85505.0,752.0,435.559014
2023-11-06 15:00:00+00:00,435.54,435.85,434.765,435.42,155888.0,1448.0,435.253824
2023-11-06 16:00:00+00:00,435.44,435.8,435.045,435.55,104044.0,1323.0,435.441839
2023-11-06 17:00:00+00:00,435.57,435.625,434.48,434.99,104674.0,1329.0,435.030614
2023-11-06 18:00:00+00:00,434.98,434.995,433.71,434.295,136068.0,1555.0,434.250423
2023-11-06 19:00:00+00:00,434.295,435.17,433.73,435.08,135233.0,1608.0,434.44741
2023-11-06 20:00:00+00:00,435.08,435.74,434.715,435.69,520629.0,3231.0,435.261643
2023-11-06 21:00:00+00:00,435.72,435.72,435.36,435.36,18458.0,22.0,435.539913
2023-11-07 14:00:00+00:00,435.66,435.71,434.51,435.545,99632.0,863.0,435.022425
2023-11-07 15:00:00+00:00,435.57,437.44,435.395,437.14,194722.0,2013.0,436.473725
2023-11-07 16:00:00+00:00,437.145,437.49,436.68,436.865,131295.0,1642.0,437.067628
2023-11-07 17:00:00+00:00,436.885,436.885,435.9,436.675,105347.0,1401.0,436.399667
2023-11-07 18:00:00+00:00,436.695,437.45,436.59,437.2,142336.0,1931.0,437.155079
2023-11-07 19:00:00+00:00,437.25,437.46,436.83,436.89,97497.0,1472.0,437.203879
2023-11-07 20:00:00+00:00,436.88,437.58,436.22,436.89,359254.0,2671.0,436.953079
2023-11-07 21:00:00+00:00,436.87,436.94,436.8,436.85,9190.0,15.0,436.868472
2023-11-08 14:00:00+00:00,437.5,438.09,437.41,437.72,71180.0,675.0,437.776062
2023-11-08 15:00:00+00:00,437.74,437.74,436.585,436.585,116356.0,1121.0,436.956152
2023-11-08 16:00:00+00:00,436.57,437.14,436.03,436.11,88084.0,939.0,436.582116
2023-11-08 17:00:00+00:00,436.09,436.1,434.895,435.78,106683.0,1769.0,435.565732
2023-11-08 18:00:00+00:00,435.76,436.69,435.61,436.535,104956.0,1119.0,436.393508
2023-11-08 19:00:00+00:00,436.47,437.18,436.46,436.495,82370.0,1040.0,436.850608
2023-11-08 20:00:00+00:00,436.495,437.76,436.495,437.43,360317.0,2234.0,437.308971
2023-11-08 21:00:00+00:00,437.06,437.06,436.83,436.93,7600.0,6.0,436.912237
2023-11-09 14:00:00+00:00,438.38,438.47,437.0,437.87,70358.0,547.0,437.566412
2023-11-09 15:00:00+00:00,437.96,438.15,436.1,437.01,110339.0,1144.0,436.69347
2023-11-09 16:00:00+00:00,436.99,438.08,436.99,437.805,132580.0,1543.0,437.600408
2023-11-09 17:00:00+00:00,437.79,437.87,437.095,437.595,100855.0,1090.0,437.458909
2023-11-09 18:00:00+00:00,437.575,437.58,435.155,435.47,161809.0,1565.0,435.896753
2023-11-09 19:00:00+00:00,435.33,435.33,433.665,433.81,192493.0,1691.0,434.372756
2023-11-09 20:00:00+00:00,433.735,434.31,433.41,433.88,328201.0,2648.0,433.751779
2023-11-09 21:00:00+00:00,433.89,434.02,433.87,434.02,7200.0,5.0,433.940833
2023-11-10 14:00:00+00:00,435.99,436.155,434.92,435.66,79749.0,738.0,435.684409
2023-11-10 15:00:00+00:00,435.43,435.81,434.45,435.4,155877.0,1294.0,435.066377
2023-11-10 16:00:00+00:00,435.38,436.89,435.38,436.77,219554.0,1844.0,436.560208
2023-11-10 17:00:00+00:00,436.795,439.03,436.71,438.785,196779.0,1727.0,438.022915
2023-11-10 18:00:00+00:00,438.765,439.77,438.215,439.53,253034.0,2010.0,439.033973
2023-11-10 19:00:00+00:00,439.505,439.95,439.42,439.66,165880.0,1725.0,439.708809
2023-11-10 20:00:00+00:00,439.65,440.92,439.62,440.72,717213.0,3712.0,440.553389
2023-11-10 21:00:00+00:00,440.81,440.81,440.63,440.63,8456.0,23.0,440.745381
2023-11-13 14:00:00+00:00,439.21,439.58,438.445,438.87,114832.0,879.0,438.886471
2023-11-13 15:00:00+00:00,438.81,439.93,438.55,439.755,162525.0,1498.0,439.18082
2023-11-13 16:00:00+00:00,439.72,441.325,439.56,441.07,174731.0,1691.0,440.385742
2023-11-13 17:00:00+00:00,441.02,441.1,440.22,440.475,111679.0,1272.0,440.664095
2023-11-13 18:00:00+00:00,440.53,441.02,439.905,440.54,128119.0,1316.0,440.454185
2023-11-13 19:00:00+00:00,440.53,441.1,440.4,440.6,124963.0,1500.0,440.743306
2023-11-13 20:00:00+00:00,440.57,440.92,440.1,440.17,290605.0,2779.0,440.46788
2023-11-13 21:00:00+00:00,440.35,440.4,440.29,440.29,12000.0,9.0,440.356583
2023-11-14 14:00:00+00:00,446.35,448.03,446.13,448.02,177784.0,1389.0,447.09027
2023-11-14 15:00:00+00:00,447.98,449.37,447.63,448.97,307681.0,2615.0,448.596674
2023-11-14 16:00:00+00:00,448.98,449.73,448.405,448.47,218083.0,2261.0,449.232558
2023-11-14 17:00:00+00:00,448.39,448.81,447.89,448.73,221113.0,1972.0,448.311146
2023-11-14 18:00:00+00:00,448.7,449.13,448.24,448.25,170029.0,1711.0,448.703318
2023-11-14 19:00:00+00:00,448.24,449.5,447.705,449.46,336265.0,2435.0,448.749545
2023-11-14 20:00:00+00:00,449.43,450.05,448.29,448.66,651753.0,4335.0,449.383692
2023-11-14 21:00:00+00:00,449.02,449.04,448.96,449.03,8254.0,9.0,449.008985
2023-11-15 14:00:00+00:00,450.28,450.735,449.4,449.91,96690.0,753.0,450.080025
2023-11-15 15:00:00+00:00,449.94,451.36,449.78,451.1,284431.0,2094.0,450.780583
2023-11-15 16:00:00+00:00,451.105,451.38,449.6,449.815,202362.0,1864.0,450.463205
2023-11-15 17:00:00+00:00,449.825,450.33,449.54,449.75,172517.0,1557.0,449.966594
2023-11-15 18:00:00+00:00,449.71,450.285,448.82,450.225,173620.0,1537.0,449.570927
2023-11-15 19:00:00+00:00,450.25,450.66,449.61,450.24,187564.0,1864.0,450.241535
2023-11-15 20:00:00+00:00,450.24,450.36,449.23,449.69,473836.0,2787.0,449.770085
2023-11-15 21:00:00+00:00,449.0,449.0,449.0,449.0,2200.0,6.0,449.0
2023-11-16 13:00:00+00:00,449.5,449.5,449.5,449.5,200.0,1.0,449.5
2023-11-16 14:00:00+00:00,449.18,450.465,449.15,450.355,59104.0,671.0,449.756021
2023-11-16 15:00:00+00:00,450.435,450.51,448.765,449.03,172582.0,1511.0,449.560916
2023-11-16 16:00:00+00:00,449.015,449.26,448.18,448.68,160539.0,1696.0,448.661445
2023-11-16 17:00:00+00:00,448.73,449.915,448.68,449.48,126979.0,1410.0,449.275749
2023-11-16 18:00:00+00:00,449.49,449.57,448.6,448.945,127560.0,1497.0,449.182786
2023-11-16 19:00:00+00:00,448.94,449.84,448.85,449.57,128599.0,1244.0,449.286816
2023-11-16 20:00:00+00:00,449.56,450.32,449.36,450.25,571779.0,3247.0,449.999069
2023-11-16 21:00:00+00:00,450.2,450.35,450.17,450.35,13409.0,25.0,450.23743
2023-11-17 14:00:00+00:00,450.23,450.59,449.48,450.13,88261.0,795.0,449.936826
2023-11-17 15:00:00+00:00,450.14,450.36,449.51,450.07,138179.0,1467.0,450.003687
2023-11-17 16:00:00+00:00,450.07,450.23,449.31,450.21,78502.0,1048.0,449.848778
2023-11-17 17:00:00+00:00,450.19,450.69,450.015,450.46,100985.0,1643.0,450.397551
2023-11-17 18:00:00+00:00,450.45,451.1,450.295,451.04,124383.0,1917.0,450.802456
2023-11-17 19:00:00+00:00,451.05,451.395,450.65,450.94,176945.0,1901.0,450.987906
2023-11-17 20:00:00+00:00,450.99,451.375,450.2,450.74,357141.0,2937.0,450.68577
2023-11-17 21:00:00+00:00,450.7,450.75,450.5,450.6,16553.0,14.0,450.623579
2023-11-20 14:00:00+00:00,450.63,452.145,450.57,452.145,103407.0,802.0,451.530148
2023-11-20 15:00:00+00:00,452.17,452.61,451.46,452.61,257220.0,2052.0,452.088153
2023-11-20 16:00:00+00:00,452.62,452.89,452.54,452.77,161057.0,1773.0,452.701677
2023-11-20 17:00:00+00:00,452.76,453.075,452.48,452.665,109800.0,1244.0,452.809042
2023-11-20 18:00:00+00:00,452.63,454.09,452.63,454.005,188557.0,1940.0,453.671984
2023-11-20 19:00:00+00:00,453.98,454.685,453.79,454.58,228009.0,1905.0,454.199414
2023-11-20 20:00:00+00:00,454.55,455.1,453.925,454.26,557788.0,3439.0,454.532482
2023-11-20 21:00:00+00:00,454.04,454.04,453.89,453.91,2351.0,8.0,454.01087
2023-11-21 13:00:00+00:00,453.42,453.42,453.42,453.42,100.0,1.0,453.42
2023-11-21 14:00:00+00:00,453.235,453.315,452.71,452.83,96051.0,812.0,452.983664
2023-11-21 15:00:00+00:00,452.87,453.15,451.97,452.7,182402.0,1734.0,452.542117
2023-11-21 16:00:00+00:00,452.67,452.9,452.24,452.88,149397.0,1218.0,452.555807
2023-11-21 17:00:00+00:00,452.88,453.57,452.765,453.52,125756.0,1484.0,453.159554
2023-11-21 18:00:00+00:00,453.49,453.565,452.66,453.275,109373.0,1369.0,453.118464
2023-11-21 19:00:00+00:00,453.26,453.51,452.83,453.32,128205.0,1275.0,453.137209
2023-11-21 20:00:00+00:00,453.3,453.62,452.93,453.28,312764.0,2482.0,453.261742
2023-11-21 21:00:00+00:00,453.08,453.08,452.77,452.77,1700.0,3.0,452.788235
2023-11-22 14:00:00+00:00,454.995,456.33,454.36,454.97,134069.0,1098.0,455.61393
2023-11-22 15:00:00+00:00,454.93,455.51,453.93,454.51,260445.0,1686.0,454.749486
2023-11-22 16:00:00+00:00,454.53,455.57,454.48,455.51,111282.0,1355.0,455.027212
2023-11-22 17:00:00+00:00,455.53,455.895,454.645,455.1,114394.0,1249.0,455.275813
2023-11-22 18:00:00+00:00,455.12,455.59,455.03,455.26,77198.0,940.0,455.353632
2023-11-22 19:00:00+00:00,455.39,455.61,453.93,454.86,141025.0,1503.0,454.972425
2023-11-22 20:00:00+00:00,454.85,455.37,454.765,455.0,305556.0,2616.0,455.136051
2023-11-22 21:00:00+00:00,454.96,454.96,454.89,454.94,2162.0,4.0,454.921332
2023-11-24 14:00:00+00:00,455.08,455.365,454.75,455.21,74041.0,649.0,455.02312
2023-11-24 15:00:00+00:00,455.27,455.42,454.765,455.11,108008.0,1385.0,455.068907
2023-11-24 16:00:00+00:00,455.13,455.225,454.88,454.93,67026.0,904.0,455.047281
2023-11-24 17:00:00+00:00,454.955,455.325,454.835,455.26,175606.0,1702.0,455.07177
2023-11-24 18:00:00+00:00,455.29,455.37,455.29,455.37,300.0,3.0,455.33
2023-11-27 14:00:00+00:00,454.69,455.235,454.09,454.485,98193.0,908.0,454.441009
2023-11-27 15:00:00+00:00,454.57,455.19,454.26,454.82,142919.0,1547.0,454.789545
2023-11-27 16:00:00+00:00,454.76,455.38,454.25,455.05,91603.0,1241.0,454.705455
2023-11-27 17:00:00+00:00,455.04,455.25,454.795,455.17,107133.0,1300.0,455.072337
2023-11-27 18:00:00+00:00,455.175,455.49,454.97,455.11,118887.0,1443.0,455.221225
2023-11-27 19:00:00+00:00,455.18,455.26,454.125,454.65,111841.0,1414.0,454.783192
2023-11-27 20:00:00+00:00,454.69,455.28,454.37,454.515,330978.0,2420.0,454.728537
2023-11-27 21:00:00+00:00,454.45,454.54,454.45,454.54,7500.0,5.0,454.492
2023-11-28 14:00:00+00:00,454.02,454.2,453.51,453.6,74415.0,741.0,453.750439
2023-11-28 15:00:00+00:00,453.67,455.4,453.63,455.11,190190.0,1794.0,454.345384
2023-11-28 16:00:00+00:00,455.185,456.26,454.93,456.01,214873.0,2050.0,455.760767
2023-11-28 17:00:00+00:00,456.0,456.05,454.69,454.85,135870.0,1516.0,455.35216
2023-11-28 18:00:00+00:00,454.9,454.9,453.79,454.37,136111.0,1465.0,454.360501
2023-11-28 19:00:00+00:00,454.41,454.94,453.99,454.68,93610.0,1160.0,454.426919
2023-11-28 20:00:00+00:00,454.795,455.08,454.04,454.87,213553.0,1918.0,454.683948
2023-11-28 21:00:00+00:00,454.94,455.08,454.93,455.08,6600.0,6.0,455.002879
2023-11-29 14:00:00+00:00,457.08,458.31,457.03,458.115,124787.0,974.0,457.822916
2023-11-29 15:00:00+00:00,458.16,458.24,456.12,456.58,288443.0,2074.0,456.803109
2023-11-29 16:00:00+00:00,456.54,456.74,454.97,455.76,168602.0,1472.0,455.630358
2023-11-29 17:00:00+00:00,455.76,456.38,455.55,456.275,114121.0,1165.0,456.070505
2023-11-29 18:00:00+00:00,456.31,456.42,455.7,456.1,137130.0,1133.0,456.077367
2023-11-29 19:00:00+00:00,456.1,456.33,455.09,455.53,150677.0,1446.0,455.65585
2023-11-29 20:00:00+00:00,455.53,455.57,454.21,454.66,600200.0,3654.0,454.587162
2023-11-30 14:00:00+00:00,455.45,455.7,454.15,455.195,94204.0,897.0,454.865247
2023-11-30 15:00:00+00:00,455.24,455.545,454.05,454.82,139903.0,1409.0,454.792459
2023-11-30 16:00:00+00:00,454.91,455.15,453.78,453.82,151764.0,1543.0,454.375732
2023-11-30 17:00:00+00:00,453.82,454.38,453.48,454.115,118002.0,1627.0,453.922866
2023-11-30 18:00:00+00:00,454.11,454.135,453.385,453.93,102099.0,1202.0,453.791539
2023-11-30 19:00:00+00:00,453.9,455.11,453.9,455.08,174124.0,1585.0,454.547959
2023-11-30 20:00:00+00:00,455.135,456.75,453.845,456.28,781176.0,3802.0,455.827782
2023-11-30 21:00:00+00:00,456.33,456.43,456.18,456.29,40700.0,34.0,456.291572
2023-12-01 14:00:00+00:00,455.68,456.19,455.22,456.1,116205.0,892.0,455.786224
2023-12-01 15:00:00+00:00,456.6,457.06,455.36,456.3,220605.0,1906.0,456.160948
2023-12-01 16:00:00+00:00,456.315,458.75,455.16,458.31,223492.0,1899.0,457.310606
2023-12-01 17:00:00+00:00,458.345,459.63,458.18,459.41,241088.0,2480.0,458.931614
2023-12-01 18:00:00+00:00,459.47,459.47,458.26,458.31,212632.0,2241.0,458.746315
2023-12-01 19:00:00+00:00,458.34,459.08,458.2,459.08,208141.0,2268.0,458.612647
2023-12-01 20:00:00+00:00,459.03,459.32,458.41,458.99,493270.0,3352.0,458.93211
2023-12-01 21:00:00+00:00,458.94,459.2,458.94,459.2,13027.0,15.0,459.133283
2023-12-04 14:00:00+00:00,455.54,456.825,455.54,456.0,156520.0,1173.0,456.321616
2023-12-04 15:00:00+00:00,456.07,456.31,454.395,454.595,318980.0,2832.0,455.081188
2023-12-04 16:00:00+00:00,454.555,456.03,454.44,455.94,212628.0,1976.0,455.048692
2023-12-04 17:00:00+00:00,455.98,456.74,455.775,456.68,222286.0,1874.0,456.254019
2023-12-04 18:00:00+00:00,456.675,456.68,455.77,455.87,189605.0,1725.0,456.231069
2023-12-04 19:00:00+00:00,455.89,456.18,455.5,455.96,161992.0,1622.0,455.911843
2023-12-04 20:00:00+00:00,456.0,456.93,455.69,456.59,345653.0,2829.0,456.414591
2023-12-04 21:00:00+00:00,456.49,456.49,456.26,456.26,5500.0,6.0,456.337273
2023-12-05 14:00:00+00:00,455.22,455.78,454.88,455.44,134538.0,1197.0,455.304556
2023-12-05 15:00:00+00:00,455.4,457.4,455.4,457.4,226235.0,2041.0,456.537374
2023-12-05 16:00:00+00:00,457.4,457.57,455.385,456.045,223093.0,1841.0,456.444665
2023-12-05 17:00:00+00:00,456.055,456.435,455.27,456.255,160659.0,1438.0,455.990905
2023-12-05 18:00:00+00:00,456.23,456.57,455.97,456.185,138898.0,1565.0,456.236766
2023-12-05 19:00:00+00:00,456.22,456.7,455.925,456.66,134452.0,1355.0,456.330044
2023-12-05 20:00:00+00:00,456.625,456.775,456.105,456.58,500109.0,2783.0,456.42324
2023-12-05 21:00:00+00:00,456.61,456.76,456.49,456.49,15297.0,28.0,456.598676
2023-12-06 14:00:00+00:00,458.76,458.82,457.825,458.01,125200.0,919.0,458.127781
2023-12-06 15:00:00+00:00,458.04,458.39,456.78,457.16,203824.0,1806.0,457.516378
2023-12-06 16:00:00+00:00,457.19,457.43,456.02,456.77,206705.0,1769.0,456.742568
2023-12-06 17:00:00+00:00,456.76,456.85,455.82,455.86,133022.0,1547.0,456.422338
2023-12-06 18:00:00+00:00,455.84,456.58,455.68,456.545,101382.0,1382.0,456.191447
2023-12-06 19:00:00+00:00,456.47,456.53,455.83,455.83,149117.0,1163.0,456.179647
2023-12-06 20:00:00+00:00,455.8,455.87,454.365,454.74,541358.0,3392.0,454.952352
2023-12-06 21:00:00+00:00,454.75,454.86,454.65,454.71,32010.0,36.0,454.72682
2023-12-07 13:00:00+00:00,456.29,456.29,456.29,456.29,387.0,4.0,456.29
2023-12-07 14:00:00+00:00,456.59,457.2,456.315,456.58,123820.0,974.0,456.821123
2023-12-07 15:00:00+00:00,456.52,458.13,456.42,457.82,259456.0,2015.0,457.511959
2023-12-07 16:00:00+00:00,457.89,458.115,456.585,458.09,220202.0,1843.0,457.604664
2023-12-07 17:00:00+00:00,458.13,458.43,457.66,458.13,205993.0,1916.0,458.130646
2023-12-07 18:00:00+00:00,458.14,458.55,457.95,458.315,158393.0,1480.0,458.280174
2023-12-07 19:00:00+00:00,458.27,458.88,458.01,458.01,199405.0,1643.0,458.417969
2023-12-07 20:00:00+00:00,457.99,458.49,457.965,458.21,404768.0,2899.0,458.203233
2023-12-07 21:00:00+00:00,457.98,458.09,457.98,458.09,1500.0,3.0,458.040667
2023-12-08 14:00:00+00:00,457.47,458.73,457.23,458.22,114901.0,874.0,458.149573
2023-12-08 15:00:00+00:00,458.47,460.39,458.47,460.02,253873.0,1737.0,459.61732
2023-12-08 16:00:00+00:00,460.08,460.11,457.845,458.2,170923.0,1560.0,458.565526
2023-12-08 17:00:00+00:00,458.26,459.14,457.545,459.03,110888.0,1127.0,458.587839
2023-12-08 18:00:00+00:00,459.05,459.58,458.9,459.48,147727.0,1267.0,459.318318
2023-12-08 19:00:00+00:00,459.52,460.47,459.44,460.35,333723.0,2384.0,459.92801
2023-12-08 20:00:00+00:00,460.36,460.72,459.91,460.15,491616.0,2872.0,460.32016
2023-12-08 21:00:00+00:00,460.08,460.2,459.9,460.2,21515.0,18.0,460.079721
2023-12-11 14:00:00+00:00,459.69,460.415,459.47,460.41,112330.0,1106.0,460.016099
2023-12-11 15:00:00+00:00,460.4,461.16,459.98,460.825,315582.0,2881.0,460.492871
2023-12-11 16:00:00+00:00,460.805,461.04,459.94,460.535,192231.0,2307.0,460.402266
2023-12-11 17:00:00+00:00,460.52,461.01,460.31,460.96,212707.0,2340.0,460.718201
2023-12-11 18:00:00+00:00,460.95,461.74,460.67,461.63,191339.0,2050.0,461.451853
2023-12-11 19:00:00+00:00,461.63,461.84,461.44,461.52,200055.0,2087.0,461.616972
2023-12-11 20:00:00+00:00,461.55,462.16,461.345,461.96,487764.0,3528.0,461.749883
2023-12-11 21:00:00+00:00,462.05,462.07,461.83,462.05,14676.0,26.0,461.950052
2023-12-12 13:00:00+00:00,463.48,463.48,462.5,462.5,300.0,2.0,462.826667
2023-12-12 14:00:00+00:00,461.57,461.69,460.61,461.51,107197.0,1150.0,461.102477
2023-12-12 15:00:00+00:00,461.49,462.68,461.36,462.665,197234.0,1896.0,462.110134
2023-12-12 16:00:00+00:00,462.67,462.825,462.395,462.59,202291.0,2123.0,462.602026
2023-12-12 17:00:00+00:00,462.59,463.1,462.26,462.63,188818.0,2032.0,462.713545
2023-12-12 18:00:00+00:00,462.58,463.27,462.51,463.19,168757.0,1736.0,462.982716
2023-12-12 19:00:00+00:00,463.2,463.605,463.06,463.56,227404.0,2331.0,463.292174
2023-12-12 20:00:00+00:00,463.575,464.2,463.51,464.2,439299.0,3967.0,463.910807
2023-12-12 21:00:00+00:00,464.04,464.44,464.04,464.44,17792.0,28.0,464.309661
2023-12-13 13:00:00+00:00,465.23,465.23,465.23,465.23,100.0,1.0,465.23
2023-12-13 14:00:00+00:00,464.45,464.845,464.305,464.4,131520.0,1025.0,464.513774
2023-12-13 15:00:00+00:00,464.415,465.3,464.3,465.13,226178.0,2229.0,464.834827
2023-12-13 16:00:00+00:00,465.18,465.325,464.63,464.64,202731.0,2097.0,464.95171
2023-12-13 17:00:00+00:00,464.65,464.695,464.345,464.49,201170.0,1929.0,464.535248
2023-12-13 18:00:00+00:00,464.495,464.61,464.12,464.36,209400.0,2191.0,464.296128
2023-12-13 19:00:00+00:00,464.44,470.08,464.44,469.78,418151.0,3026.0,467.556776
2023-12-13 20:00:00+00:00,469.79,470.72,468.155,470.54,718915.0,5054.0,469.690147
2023-12-13 21:00:00+00:00,470.68,470.69,470.35,470.53,11823.0,12.0,470.550339
2023-12-14 14:00:00+00:00,472.555,473.72,472.27,473.09,186802.0,1407.0,473.066953
2023-12-14 15:00:00+00:00,473.13,473.155,471.72,472.57,295085.0,2081.0,472.412524
2023-12-14 16:00:00+00:00,472.6,472.665,471.47,472.54,204349.0,1650.0,472.169192
2023-12-14 17:00:00+00:00,472.59,473.36,472.015,472.015,212103.0,2163.0,472.979352
2023-12-14 18:00:00+00:00,472.01,472.01,469.28,470.175,395739.0,2627.0,470.817912
2023-12-14 19:00:00+00:00,470.165,471.54,470.165,471.54,369397.0,2983.0,471.040252
2023-12-14 20:00:00+00:00,471.53,472.06,471.11,472.03,963421.0,5486.0,471.588465
2023-12-14 21:00:00+00:00,471.73,471.75,471.61,471.64,3069.0,7.0,471.647169
2023-12-15 14:00:00+00:00,469.41,469.81,468.815,469.08,269665.0,1759.0,469.307978
2023-12-15 15:00:00+00:00,469.32,470.53,469.15,470.31,201255.0,1975.0,469.899675
2023-12-15 16:00:00+00:00,470.365,470.48,469.74,470.08,166594.0,1671.0,470.105608
2023-12-15 17:00:00+00:00,470.12,470.4,469.3,469.36,146693.0,1575.0,469.929988
2023-12-15 18:00:00+00:00,469.305,469.93,468.44,468.705,195896.0,2004.0,469.303342
2023-12-15 19:00:00+00:00,468.64,469.285,468.465,468.98,578527.0,3595.0,468.936503
2023-12-15 20:00:00+00:00,468.99,470.66,468.83,469.35,1108610.0,5866.0,469.548485
2023-12-15 21:00:00+00:00,469.33,469.65,469.33,469.65,11045.0,24.0,469.504921
2023-12-18 14:00:00+00:00,470.95,471.41,470.8,471.33,180085.0,1281.0,471.186225
2023-12-18 15:00:00+00:00,471.375,471.855,471.085,471.28,249496.0,2586.0,471.55005
2023-12-18 16:00:00+00:00,471.26,472.17,471.11,471.99,245675.0,2245.0,471.855731
2023-12-18 17:00:00+00:00,472.0,472.63,472.0,472.425,217144.0,2036.0,472.363995
2023-12-18 18:00:00+00:00,472.425,472.605,472.11,472.48,183828.0,1829.0,472.395768
2023-12-18 19:00:00+00:00,472.49,472.94,472.21,472.55,212311.0,1895.0,472.523368
2023-12-18 20:00:00+00:00,472.52,472.795,471.99,472.01,333019.0,3073.0,472.379272
2023-12-18 21:00:00+00:00,471.72,471.73,471.6,471.69,4836.0,12.0,471.667279
2023-12-19 14:00:00+00:00,472.5,473.65,472.475,473.47,145337.0,1063.0,473.088914
2023-12-19 15:00:00+00:00,473.5,474.08,473.085,474.05,210506.0,2256.0,473.778763
2023-12-19 16:00:00+00:00,474.09,474.475,473.88,473.905,157674.0,1747.0,474.217414
2023-12-19 17:00:00+00:00,473.83,474.205,473.65,474.05,145971.0,1280.0,473.925024
2023-12-19 18:00:00+00:00,474.08,474.325,473.66,474.17,137536.0,1507.0,473.986287
2023-12-19 19:00:00+00:00,474.19,474.41,474.0,474.17,162332.0,1803.0,474.232643
2023-12-19 20:00:00+00:00,474.15,474.91,473.83,474.78,286296.0,2740.0,474.324788
2023-12-19 21:00:00+00:00,474.77,474.89,474.4,474.54,17318.0,20.0,474.535413
2023-12-20 14:00:00+00:00,473.89,474.64,473.78,474.63,98633.0,902.0,474.403419
2023-12-20 15:00:00+00:00,474.61,475.58,474.61,475.34,189390.0,1946.0,475.218306
2023-12-20 16:00:00+00:00,475.35,475.45,475.06,475.165,156847.0,1601.0,475.239842
2023-12-20 17:00:00+00:00,475.18,475.89,475.1,475.79,156255.0,1645.0,475.463198
2023-12-20 18:00:00+00:00,475.8,475.8,474.98,475.06,177852.0,1578.0,475.45451
2023-12-20 19:00:00+00:00,475.0,475.09,470.335,470.495,412902.0,2643.0,473.051214
2023-12-20 20:00:00+00:00,470.485,471.14,467.84,468.06,864810.0,5805.0,469.464029
2023-12-20 21:00:00+00:00,467.86,467.86,467.86,467.86,100.0,1.0,467.86
2023-12-21 14:00:00+00:00,471.32,472.21,471.21,471.42,171393.0,1359.0,471.736664
2023-12-21 15:00:00+00:00,471.44,472.44,470.56,471.17,252784.0,2168.0,471.321204
2023-12-21 16:00:00+00:00,471.26,471.68,470.5,470.5,135701.0,1443.0,471.167812
2023-12-21 17:00:00+00:00,470.52,470.52,469.28,469.43,201355.0,1798.0,469.695118
2023-12-21 18:00:00+00:00,469.485,470.56,468.86,470.55,150591.0,1474.0,469.861063
2023-12-21 19:00:00+00:00,470.54,471.05,470.17,470.55,185385.0,2031.0,470.632608
2023-12-21 20:00:00+00:00,470.56,472.97,470.27,472.68,653791.0,3546.0,472.415061
2023-12-21 21:00:00+00:00,472.7,472.87,472.7,472.87,8662.0,8.0,472.791171
2023-12-22 13:00:00+00:00,473.74,473.74,473.74,473.74,400.0,3.0,473.74
2023-12-22 14:00:00+00:00,473.9,475.37,473.845,474.88,193183.0,1415.0,474.917841
2023-12-22 15:00:00+00:00,475.06,475.29,474.16,474.16,211899.0,2276.0,474.87719
2023-12-22 16:00:00+00:00,474.12,474.695,473.61,474.07,161523.0,1702.0,474.203813
2023-12-22 17:00:00+00:00,474.07,474.56,473.69,474.555,137640.0,1481.0,474.141402
2023-12-22 18:00:00+00:00,474.55,474.75,474.24,474.24,157599.0,1647.0,474.531259
2023-12-22 19:00:00+00:00,474.16,474.26,471.73,473.865,214878.0,2006.0,472.935154
2023-12-22 20:00:00+00:00,473.91,474.01,473.03,473.67,363754.0,2920.0,473.570171
2023-12-22 21:00:00+00:00,473.11,473.11,473.11,473.11,200.0,2.0,473.11
2023-12-26 14:00:00+00:00,474.08,474.78,474.0,474.675,103384.0,707.0,474.437322
2023-12-26 15:00:00+00:00,474.685,475.15,474.6,474.89,162164.0,1235.0,474.894966
2023-12-26 16:00:00+00:00,474.91,475.13,474.59,475.08,83452.0,908.0,474.898499
2023-12-26 17:00:00+00:00,475.05,475.39,474.87,475.05,101299.0,1149.0,475.106747
2023-12-26 18:00:00+00:00,475.035,475.46,475.035,475.21,71960.0,1083.0,475.269639
2023-12-26 19:00:00+00:00,475.19,475.77,475.17,475.74,116171.0,1313.0,475.566178
2023-12-26 20:00:00+00:00,475.76,476.52,475.3,475.63,406140.0,2878.0,475.868593
2023-12-26 21:00:00+00:00,475.52,475.71,475.52,475.71,5551.0,11.0,475.670545
2023-12-27 14:00:00+00:00,475.49,476.12,475.3,476.035,81502.0,822.0,475.888544
2023-12-27 15:00:00+00:00,476.03,476.14,475.11,475.44,158108.0,1445.0,475.646623
2023-12-27 16:00:00+00:00,475.39,475.93,475.195,475.77,106492.0,1164.0,475.54106
2023-12-27 17:00:00+00:00,475.76,476.06,475.3,475.55,123683.0,1413.0,475.735975
2023-12-27 18:00:00+00:00,475.54,476.65,475.54,476.04,97796.0,1002.0,476.292356
2023-12-27 19:00:00+00:00,476.01,476.01,474.95,475.5,191829.0,1425.0,475.398957
2023-12-27 20:00:00+00:00,475.51,476.56,475.18,476.56,279578.0,2454.0,475.800834
2023-12-27 21:00:00+00:00,476.46,476.67,476.45,476.45,6000.0,7.0,476.619
2023-12-28 14:00:00+00:00,476.67,477.37,476.65,477.16,60416.0,514.0,477.131496
2023-12-28 15:00:00+00:00,477.19,477.495,476.81,477.07,75625.0,1104.0,477.155502
2023-12-28 16:00:00+00:00,477.06,477.12,476.62,476.865,75568.0,1057.0,476.894187
2023-12-28 17:00:00+00:00,476.835,477.4,476.815,477.24,74013.0,863.0,477.096147
2023-12-28 18:00:00+00:00,477.28,477.515,476.47,477.02,65995.0,865.0,477.053627
2023-12-28 19:00:00+00:00,477.005,477.49,477.005,477.195,104240.0,1344.0,477.281101
2023-12-28 20:00:00+00:00,477.2,477.34,476.26,476.71,645359.0,2620.0,476.619154
2023-12-28 21:00:00+00:00,476.74,476.79,476.69,476.7,3733.0,6.0,476.739639
2023-12-29 14:00:00+00:00,476.43,476.92,476.41,476.76,352255.0,1440.0,476.790245
2023-12-29 15:00:00+00:00,476.77,477.01,475.08,475.44,616710.0,3046.0,476.301369
2023-12-29 16:00:00+00:00,475.46,475.66,473.78,474.2,502872.0,3121.0,474.493985
2023-12-29 17:00:00+00:00,474.195,474.57,473.35,474.49,423362.0,3009.0,473.98499
2023-12-29 18:00:00+00:00,474.49,475.32,474.32,475.05,444760.0,2987.0,474.824358
2023-12-29 19:00:00+00:00,475.05,475.66,474.905,475.575,760556.0,3948.0,475.265221
2023-12-29 20:00:00+00:00,475.57,475.875,474.52,475.36,1689377.0,6698.0,475.437746
2023-12-29 21:00:00+00:00,474.98,475.15,474.94,474.94,2000.0,4.0,475.1
2024-01-02 14:00:00+00:00,472.15,472.78,471.37,472.205,138795.0,1110.0,471.9286
2024-01-02 15:00:00+00:00,472.275,472.68,471.33,471.72,179119.0,1758.0,471.950396
2024-01-02 16:00:00+00:00,471.69,473.26,471.64,473.11,196195.0,1590.0,472.622703
2024-01-02 17:00:00+00:00,473.22,473.64,472.61,472.68,110213.0,1271.0,473.143428
2024-01-02 18:00:00+00:00,472.59,472.96,472.035,472.18,134785.0,1558.0,472.585477
2024-01-02 19:00:00+00:00,472.105,472.225,471.0,471.005,201302.0,1740.0,471.545023
2024-01-02 20:00:00+00:00,470.94,472.66,470.49,472.66,1012584.0,4782.0,471.647999
2024-01-02 21:00:00+00:00,472.65,472.7,472.58,472.58,9943.0,11.0,472.673735
2024-01-03 14:00:00+00:00,470.43,470.51,469.68,469.94,133184.0,1082.0,470.209005
2024-01-03 15:00:00+00:00,469.93,470.84,468.75,469.41,299728.0,1707.0,469.414626
2024-01-03 16:00:00+00:00,469.445,469.91,469.13,469.31,114057.0,1065.0,469.530792
2024-01-03 17:00:00+00:00,469.26,470.39,468.98,470.335,110385.0,1374.0,469.524725
2024-01-03 18:00:00+00:00,470.305,470.765,469.875,470.07,169741.0,1868.0,470.247195
2024-01-03 19:00:00+00:00,470.08,471.175,469.045,470.225,198545.0,1746.0,470.585295
2024-01-03 20:00:00+00:00,470.25,470.25,468.17,468.76,561289.0,3973.0,469.21031
2024-01-03 21:00:00+00:00,468.74,468.74,468.58,468.72,3414.0,7.0,468.655208
2024-01-04 14:00:00+00:00,468.21,469.26,468.14,468.895,86748.0,713.0,468.881817
2024-01-04 15:00:00+00:00,468.78,470.19,468.73,469.85,225224.0,1896.0,469.815742
2024-01-04 16:00:00+00:00,469.87,470.95,469.5,469.69,111154.0,1310.0,470.421662
2024-01-04 17:00:00+00:00,469.71,469.785,468.675,469.11,138748.0,1431.0,469.322377
2024-01-04 18:00:00+00:00,469.1,469.455,468.99,469.165,80068.0,913.0,469.253871
2024-01-04 19:00:00+00:00,469.09,469.32,468.22,468.685,260421.0,2112.0,468.786567
2024-01-04 20:00:00+00:00,468.7,469.04,467.05,467.34,897534.0,4326.0,467.733086
2024-01-04 21:00:00+00:00,467.26,467.26,467.26,467.26,900.0,1.0,467.26
2024-01-05 14:00:00+00:00,467.26,468.58,467.145,468.15,168946.0,1007.0,468.140791
2024-01-05 15:00:00+00:00,468.18,470.39,468.18,470.14,254886.0,1709.0,469.761242
2024-01-05 16:00:00+00:00,470.19,470.41,468.6,468.79,126958.0,1075.0,469.480812
2024-01-05 17:00:00+00:00,468.77,468.785,467.16,467.59,149463.0,1291.0,467.728975
2024-01-05 18:00:00+00:00,467.525,468.64,466.71,468.3,131663.0,1166.0,467.603391
2024-01-05 19:00:00+00:00,468.44,468.95,466.7,466.81,148097.0,1214.0,467.924435
2024-01-05 20:00:00+00:00,466.7,468.27,466.46,467.86,422834.0,2966.0,467.365004
2024-01-05 21:00:00+00:00,467.96,468.04,467.91,467.92,10109.0,46.0,467.940524
2024-01-08 14:00:00+00:00,467.9,469.765,467.9,469.765,121038.0,936.0,469.004282
2024-01-08 15:00:00+00:00,469.79,470.74,469.36,470.315,275179.0,1986.0,470.046357
2024-01-08 16:00:00+00:00,470.4,470.9,470.025,470.87,150632.0,1277.0,470.422951
2024-01-08 17:00:00+00:00,471.045,471.575,470.595,471.47,130973.0,1421.0,471.119339
2024-01-08 18:00:00+00:00,471.47,472.07,471.26,472.02,133583.0,1598.0,471.531385
2024-01-08 19:00:00+00:00,472.08,474.0,471.92,473.74,329140.0,2256.0,473.025008
2024-01-08 20:00:00+00:00,473.75,474.74,473.39,474.53,642851.0,3856.0,474.13983
2024-01-08 21:00:00+00:00,474.43,474.54,474.39,474.39,20412.0,24.0,474.463768
2024-01-09 14:00:00+00:00,471.94,472.17,471.38,472.16,124553.0,1070.0,471.830625
2024-01-09 15:00:00+00:00,472.16,472.95,471.6,472.205,141645.0,1674.0,472.500115
2024-01-09 16:00:00+00:00,472.24,474.22,472.24,474.22,147833.0,1731.0,473.316296
2024-01-09 17:00:00+00:00,474.225,474.465,473.86,474.335,122505.0,1292.0,474.209113
2024-01-09 18:00:00+00:00,474.38,474.895,473.17,474.3,101988.0,960.0,474.015443
2024-01-09 19:00:00+00:00,474.35,474.54,473.39,473.72,91404.0,968.0,473.880683
2024-01-09 20:00:00+00:00,473.81,474.22,473.02,473.85,289002.0,1818.0,473.710743
2024-01-09 21:00:00+00:00,473.93,473.94,473.64,473.81,8075.0,17.0,473.825618
2024-01-10 14:00:00+00:00,474.17,475.34,474.16,474.685,143762.0,938.0,474.80384
2024-01-10 15:00:00+00:00,474.71,475.25,473.87,475.22,112677.0,1615.0,474.68948
2024-01-10 16:00:00+00:00,475.26,475.27,474.435,474.9,102095.0,1362.0,474.893382
2024-01-10 17:00:00+00:00,474.87,475.475,474.605,475.43,103034.0,1447.0,475.121483
2024-01-10 18:00:00+00:00,475.39,475.875,474.855,475.775,89020.0,1179.0,475.452515
2024-01-10 19:00:00+00:00,475.775,477.28,475.685,477.275,150000.0,1640.0,476.596923
2024-01-10 20:00:00+00:00,477.25,477.44,475.31,476.52,367434.0,2989.0,476.407543
2024-01-10 21:00:00+00:00,476.48,476.56,476.46,476.56,4000.0,10.0,476.5295
2024-01-11 14:00:00+00:00,477.55,478.08,475.75,476.33,76624.0,616.0,477.235506
2024-01-11 15:00:00+00:00,476.32,476.32,473.58,474.05,134431.0,1144.0,474.564845
2024-01-11 16:00:00+00:00,474.15,474.235,472.27,472.64,128368.0,1230.0,473.027871
2024-01-11 17:00:00+00:00,472.645,474.345,472.585,473.95,109720.0,1203.0,473.552107
2024-01-11 18:00:00+00:00,473.96,475.81,473.94,475.75,114123.0,1062.0,474.904357
2024-01-11 19:00:00+00:00,475.94,476.965,475.37,476.8,141485.0,1407.0,476.091591
2024-01-11 20:00:00+00:00,476.88,476.88,475.47,476.37,498705.0,2846.0,476.13407
2024-01-11 21:00:00+00:00,476.33,476.33,476.33,476.33,100.0,1.0,476.33
2024-01-12 14:00:00+00:00,477.8,478.58,477.08,477.08,94679.0,964.0,478.078584
2024-01-12 15:00:00+00:00,476.845,477.46,475.24,475.81,179478.0,1773.0,476.290857
2024-01-12 16:00:00+00:00,475.76,476.79,475.42,475.625,91110.0,1303.0,476.155372
2024-01-12 17:00:00+00:00,475.685,476.485,475.4,476.14,108530.0,1404.0,475.948355
2024-01-12 18:00:00+00:00,476.17,477.01,476.17,476.985,112496.0,1546.0,476.611545
2024-01-12 19:00:00+00:00,476.93,477.32,476.17,476.25,109068.0,1379.0,476.819126
2024-01-12 20:00:00+00:00,476.245,476.895,475.8,476.65,339975.0,2604.0,476.516484
2024-01-12 21:00:00+00:00,476.56,476.56,476.56,476.56,300.0,1.0,476.56
2024-01-16 14:00:00+00:00,475.28,475.58,473.48,474.52,143246.0,855.0,474.304964
2024-01-16 15:00:00+00:00,474.52,476.57,474.16,476.2,223788.0,1775.0,475.667287
2024-01-16 16:00:00+00:00,476.27,476.6,474.63,475.25,136889.0,1155.0,475.687448
2024-01-16 17:00:00+00:00,475.13,475.36,473.97,473.97,133825.0,1130.0,474.543406
2024-01-16 18:00:00+00:00,473.95,475.195,473.83,474.07,114382.0,993.0,474.484238
2024-01-16 19:00:00+00:00,474.06,474.365,473.075,474.285,497660.0,2682.0,473.738546
2024-01-16 20:00:00+00:00,474.3,475.06,473.79,474.85,615674.0,3402.0,474.22906
2024-01-16 21:00:00+00:00,475.11,475.11,474.89,474.92,14711.0,29.0,474.985442
2024-01-17 13:00:00+00:00,471.9,471.9,471.9,471.9,100.0,1.0,471.9
2024-01-17 14:00:00+00:00,471.81,471.935,471.1,471.34,138928.0,1317.0,471.395965
2024-01-17 15:00:00+00:00,471.12,472.355,471.08,472.02,175607.0,1674.0,471.833438
2024-01-17 16:00:00+00:00,472.04,472.78,472.04,472.205,141936.0,1554.0,472.551475
2024-01-17 17:00:00+00:00,472.175,472.295,471.14,471.685,136338.0,1547.0,471.652221
2024-01-17 18:00:00+00:00,471.76,471.965,469.875,470.665,125558.0,1419.0,470.578174
2024-01-17 19:00:00+00:00,470.66,471.75,470.53,471.47,172533.0,1797.0,471.213346
2024-01-17 20:00:00+00:00,471.48,472.59,470.67,472.28,332182.0,2674.0,471.744589
2024-01-17 21:00:00+00:00,472.31,472.35,472.09,472.09,5133.0,12.0,472.275932
2024-01-18 14:00:00+00:00,474.11,474.45,473.4,473.785,107645.0,954.0,473.888061
2024-01-18 15:00:00+00:00,473.885,474.865,473.445,474.2,151605.0,1427.0,474.195569
2024-01-18 16:00:00+00:00,474.295,475.02,473.71,474.47,109104.0,1208.0,474.528217
2024-01-18 17:00:00+00:00,474.47,474.55,473.0,473.08,181664.0,1624.0,473.459794
2024-01-18 18:00:00+00:00,473.115,474.11,472.43,474.01,130782.0,1335.0,473.242266
2024-01-18 19:00:00+00:00,474.01,475.94,473.99,475.78,200200.0,1895.0,475.095126
2024-01-18 20:00:00+00:00,475.81,477.02,475.615,476.5,368437.0,3184.0,476.354341
2024-01-18 21:00:00+00:00,476.16,476.2,476.15,476.2,4323.0,6.0,476.16309
2024-01-19 14:00:00+00:00,477.63,477.875,476.96,477.84,98869.0,781.0,477.424077
2024-01-19 15:00:00+00:00,478.16,478.54,477.0,478.29,140564.0,1328.0,477.764634
2024-01-19 16:00:00+00:00,478.295,479.23,478.015,478.87,149873.0,1403.0,478.7267
2024-01-19 17:00:00+00:00,478.905,480.18,478.33,480.18,126459.0,1313.0,479.402573
2024-01-19 18:00:00+00:00,480.23,481.69,479.74,481.66,178862.0,1838.0,480.957355
2024-01-19 19:00:00+00:00,481.67,482.69,481.335,482.22,223002.0,2010.0,481.97093
2024-01-19 20:00:00+00:00,482.22,482.52,481.84,482.48,340993.0,2969.0,482.171439
2024-01-19 21:00:00+00:00,482.47,482.47,482.47,482.47,1100.0,4.0,482.47
2024-01-22 14:00:00+00:00,484.005,485.2,483.91,484.99,135701.0,1149.0,484.633814
2024-01-22 15:00:00+00:00,485.02,485.22,483.32,483.61,217614.0,2101.0,484.395399
2024-01-22 16:00:00+00:00,483.52,484.16,483.1,484.08,113887.0,1440.0,483.809697
2024-01-22 17:00:00+00:00,484.1,484.155,483.27,483.71,108227.0,1238.0,483.795767
2024-01-22 18:00:00+00:00,483.74,483.97,482.825,483.83,82035.0,1161.0,483.458765
2024-01-22 19:00:00+00:00,483.91,484.01,483.03,483.64,99240.0,1151.0,483.520893
2024-01-22 20:00:00+00:00,483.67,484.2,483.33,483.45,245541.0,2511.0,483.726437
2024-01-22 21:00:00+00:00,483.41,483.42,483.37,483.42,7461.0,10.0,483.397622
2024-01-23 14:00:00+00:00,484.02,484.325,483.555,483.97,65145.0,442.0,483.914243
2024-01-23 15:00:00+00:00,483.99,484.21,483.08,483.26,191936.0,1493.0,483.667975
2024-01-23 16:00:00+00:00,483.305,483.66,482.905,483.53,89969.0,1073.0,483.259458
2024-01-23 17:00:00+00:00,483.54,483.87,483.085,483.865,62327.0,779.0,483.429575
2024-01-23 18:00:00+00:00,483.95,484.02,483.57,483.95,89017.0,983.0,483.808926
2024-01-23 19:00:00+00:00,484.025,484.47,483.635,484.335,98108.0,1339.0,484.032277
2024-01-23 20:00:00+00:00,484.335,485.1,484.195,484.82,316046.0,2650.0,484.744424
2024-01-24 14:00:00+00:00,487.81,487.82,486.97,487.11,110138.0,809.0,487.293526
2024-01-24 15:00:00+00:00,487.065,488.58,486.41,487.96,169094.0,1696.0,487.516208
2024-01-24 16:00:00+00:00,488.1,488.38,487.54,488.315,109752.0,1208.0,488.002072
2024-01-24 17:00:00+00:00,488.32,488.77,487.86,488.69,107738.0,1342.0,488.394229
2024-01-24 18:00:00+00:00,488.72,488.72,486.93,487.325,166434.0,1355.0,487.590577
2024-01-24 19:00:00+00:00,487.355,487.38,486.0,486.54,129547.0,1578.0,486.569252
2024-01-24 20:00:00+00:00,486.52,486.84,485.02,485.42,305741.0,2677.0,485.751722
2024-01-24 21:00:00+00:00,485.03,485.03,485.03,485.03,1100.0,4.0,485.03
2024-01-25 14:00:00+00:00,487.48,487.65,486.79,487.26,101960.0,805.0,487.251195
2024-01-25 15:00:00+00:00,487.375,488.295,486.89,487.16,199672.0,1770.0,487.611961
2024-01-25 16:00:00+00:00,487.17,488.1,486.83,487.61,128856.0,1307.0,487.566289
2024-01-25 17:00:00+00:00,487.71,487.735,486.18,486.56,147247.0,1361.0,486.627715
2024-01-25 18:00:00+00:00,486.6,487.29,485.8,485.95,92411.0,1074.0,486.488969
2024-01-25 19:00:00+00:00,485.875,486.66,485.39,486.66,113678.0,1161.0,485.912728
2024-01-25 20:00:00+00:00,486.61,488.04,486.315,488.02,549976.0,2814.0,487.459621
2024-01-25 21:00:00+00:00,487.85,488.03,487.78,488.03,2536.0,10.0,487.814167
2024-01-26 14:00:00+00:00,487.535,488.25,487.25,487.705,66057.0,613.0,487.729528
2024-01-26 15:00:00+00:00,487.68,489.03,487.05,489.03,130886.0,1336.0,488.248226
2024-01-26 16:00:00+00:00,489.02,489.11,488.1,488.74,127557.0,1541.0,488.580614
2024-01-26 17:00:00+00:00,488.76,488.865,486.71,487.07,146984.0,1552.0,487.817182
2024-01-26 18:00:00+00:00,487.0,487.505,486.61,486.98,126754.0,1383.0,487.071916
2024-01-26 19:00:00+00:00,486.99,488.14,486.955,487.975,125133.0,1434.0,487.534935
2024-01-26 20:00:00+00:00,487.995,488.03,487.05,487.47,238578.0,2267.0,487.447213
2024-01-26 21:00:00+00:00,487.19,487.34,487.19,487.21,4348.0,8.0,487.237066
2024-01-29 14:00:00+00:00,487.7,488.14,487.46,488.03,113097.0,823.0,487.855883
2024-01-29 15:00:00+00:00,488.03,488.26,487.18,487.365,101323.0,1261.0,487.713288
2024-01-29 16:00:00+00:00,487.32,488.18,487.17,488.11,93714.0,1236.0,487.733636
2024-01-29 17:00:00+00:00,488.135,488.59,487.905,488.2,122051.0,1435.0,488.185665
2024-01-29 18:00:00+00:00,488.16,488.53,487.855,488.215,52287.0,833.0,488.248447
2024-01-29 19:00:00+00:00,488.17,489.1,488.13,488.89,127653.0,1812.0,488.745149
2024-01-29 20:00:00+00:00,488.9,491.41,488.9,491.25,322513.0,3213.0,490.699721
2024-01-29 21:00:00+00:00,490.78,490.78,490.78,490.78,500.0,1.0,490.78
2024-01-30 14:00:00+00:00,490.67,491.27,490.65,491.23,112145.0,933.0,491.0394
2024-01-30 15:00:00+00:00,490.97,491.06,490.35,490.635,112458.0,1308.0,490.717068
2024-01-30 16:00:00+00:00,490.72,491.46,490.47,491.28,109930.0,1520.0,491.033051
2024-01-30 17:00:00+00:00,491.32,491.45,490.17,490.4,125614.0,1535.0,490.773495
2024-01-30 18:00:00+00:00,490.35,491.04,490.14,490.72,77212.0,1206.0,490.622323
2024-01-30 19:00:00+00:00,490.745,491.485,490.49,491.39,90851.0,1424.0,491.136795
2024-01-30 20:00:00+00:00,491.41,491.59,490.73,490.9,226219.0,2774.0,491.071784
2024-01-30 21:00:00+00:00,490.53,490.76,489.92,489.92,1700.0,7.0,490.556471
2024-01-31 14:00:00+00:00,488.44,489.08,487.54,487.805,156421.0,1027.0,488.186781
2024-01-31 15:00:00+00:00,487.695,487.83,486.39,486.76,182103.0,1598.0,487.154005
2024-01-31 16:00:00+00:00,486.785,487.475,486.355,486.83,119112.0,1094.0,487.022609
2024-01-31 17:00:00+00:00,486.89,487.395,486.595,487.33,85167.0,1027.0,487.077289
2024-01-31 18:00:00+00:00,487.37,487.7,487.03,487.395,113438.0,1139.0,487.355806
2024-01-31 19:00:00+00:00,487.44,488.97,485.65,486.55,373926.0,2434.0,486.791543
2024-01-31 20:00:00+00:00,486.52,486.52,482.955,482.955,881937.0,5285.0,484.104128
2024-02-01 14:00:00+00:00,484.73,485.7,484.63,485.045,147324.0,1269.0,485.161523
2024-02-01 15:00:00+00:00,484.58,486.205,484.08,484.08,236564.0,2218.0,485.512238
2024-02-01 16:00:00+00:00,484.08,485.775,483.8,485.64,158353.0,1518.0,484.824381
2024-02-01 17:00:00+00:00,485.72,488.235,485.67,487.41,160423.0,1613.0,486.976993
2024-02-01 18:00:00+00:00,487.395,487.595,486.27,487.21,91056.0,890.0,487.068138
2024-02-01 19:00:00+00:00,487.35,488.56,487.14,488.495,202037.0,1347.0,487.937804
2024-02-01 20:00:00+00:00,488.58,489.22,488.105,489.22,647577.0,3877.0,488.683484
2024-02-01 21:00:00+00:00,489.2,491.75,489.2,491.75,4800.0,30.0,489.570666
2024-02-02 14:00:00+00:00,489.66,490.94,489.34,490.53,133337.0,1242.0,490.126369
2024-02-02 15:00:00+00:00,490.625,492.41,490.02,492.14,281039.0,2013.0,491.118708
2024-02-02 16:00:00+00:00,492.19,494.03,491.675,493.57,184209.0,1887.0,492.999632
2024-02-02 17:00:00+00:00,493.65,494.64,492.34,493.69,148412.0,1594.0,493.559202
2024-02-02 18:00:00+00:00,493.715,494.54,493.33,494.29,86078.0,931.0,494.030334
2024-02-02 19:00:00+00:00,494.3,495.74,494.3,495.73,126686.0,1367.0,495.212628
2024-02-02 20:00:00+00:00,495.715,496.04,494.29,494.29,307188.0,2851.0,495.194017
2024-02-05 14:00:00+00:00,493.69,493.69,492.885,493.44,105141.0,1026.0,493.26135
2024-02-05 15:00:00+00:00,493.08,493.21,490.32,490.855,229282.0,2116.0,491.348411
2024-02-05 16:00:00+00:00,490.86,492.15,490.74,492.115,113004.0,1742.0,491.586391
2024-02-05 17:00:00+00:00,492.11,493.37,492.075,493.05,148161.0,1607.0,492.759326
2024-02-05 18:00:00+00:00,492.955,493.5,492.585,493.12,91021.0,1071.0,493.0392
2024-02-05 19:00:00+00:00,493.12,494.12,492.89,494.005,106084.0,1274.0,493.64675
2024-02-05 20:00:00+00:00,494.02,494.02,492.555,492.555,204958.0,2189.0,493.22027
2024-02-05 21:00:00+00:00,492.43,492.47,492.33,492.47,5200.0,4.0,492.412692
2024-02-06 14:00:00+00:00,493.52,494.315,493.0,493.0,63925.0,613.0,493.729551
2024-02-06 15:00:00+00:00,493.01,493.16,492.08,492.9,127319.0,1120.0,492.659467
2024-02-06 16:00:00+00:00,492.79,493.42,492.26,492.38,99011.0,1004.0,492.826031
2024-02-06 17:00:00+00:00,492.39,492.94,492.115,492.585,75792.0,873.0,492.524807
2024-02-06 18:00:00+00:00,492.575,493.54,492.47,493.52,93335.0,997.0,493.121909
2024-02-06 19:00:00+00:00,493.535,493.54,492.12,493.13,96679.0,1093.0,492.705382
2024-02-06 20:00:00+00:00,493.17,494.035,492.64,493.99,222206.0,2246.0,493.331395
2024-02-06 21:00:00+00:00,493.8,493.8,493.39,493.39,1000.0,3.0,493.452
2024-02-07 14:00:00+00:00,496.275,496.43,495.38,495.815,116652.0,887.0,495.965647
2024-02-07 15:00:00+00:00,495.88,498.0,495.53,497.265,260699.0,2364.0,497.12927
2024-02-07 16:00:00+00:00,497.305,497.845,496.86,497.63,139047.0,1229.0,497.274584
2024-02-07 17:00:00+00:00,497.63,497.85,496.805,497.565,115347.0,1130.0,497.38196
2024-02-07 18:00:00+00:00,497.565,498.4,497.12,498.06,82413.0,911.0,497.917284
2024-02-07 19:00:00+00:00,498.115,498.35,497.79,498.31,101997.0,1174.0,498.105932
2024-02-07 20:00:00+00:00,498.33,498.53,497.61,498.03,409874.0,3335.0,498.028348
2024-02-07 21:00:00+00:00,497.95,498.0,497.79,498.0,7345.0,13.0,497.917268
2024-02-08 14:00:00+00:00,498.16,498.315,497.675,498.0,79065.0,739.0,497.968913
2024-02-08 15:00:00+00:00,498.06,498.22,497.335,498.2,137055.0,1392.0,497.898976
2024-02-08 16:00:00+00:00,498.195,498.195,497.31,497.82,116432.0,1298.0,497.706205
2024-02-08 17:00:00+00:00,497.83,498.12,497.45,497.57,71777.0,973.0,497.804975
2024-02-08 18:00:00+00:00,497.555,498.34,497.555,498.14,89477.0,1038.0,498.049307
2024-02-08 19:00:00+00:00,498.17,498.315,497.59,498.225,75062.0,1017.0,497.961328
2024-02-08 20:00:00+00:00,498.28,498.69,497.875,498.47,288438.0,2870.0,498.305577
2024-02-08 21:00:00+00:00,498.14,498.32,498.13,498.32,2304.0,22.0,498.26374
2024-02-09 14:00:00+00:00,498.85,499.56,498.53,499.53,86680.0,794.0,499.077
2024-02-09 15:00:00+00:00,499.56,500.02,499.15,499.985,212234.0,1714.0,499.705074
2024-02-09 16:00:00+00:00,499.97,500.21,499.345,499.595,115066.0,1445.0,499.838519
2024-02-09 17:00:00+00:00,499.59,500.48,499.41,500.47,117728.0,1344.0,499.9771
2024-02-09 18:00:00+00:00,500.5,500.94,500.32,500.73,135736.0,1604.0,500.596147
2024-02-09 19:00:00+00:00,500.71,501.65,500.68,501.25,150221.0,1680.0,501.162849
2024-02-09 20:00:00+00:00,501.28,501.33,500.71,501.09,292087.0,3165.0,501.022247
2024-02-09 21:00:00+00:00,501.07,501.14,501.02,501.07,4200.0,6.0,501.078572
2024-02-12 14:00:00+00:00,501.23,501.44,501.2,501.42,58471.0,604.0,501.326087
2024-02-12 15:00:00+00:00,501.44,502.12,501.03,502.07,130504.0,1376.0,501.496735
2024-02-12 16:00:00+00:00,502.095,503.49,501.87,503.28,132396.0,1521.0,502.811883
2024-02-12 17:00:00+00:00,503.305,503.435,502.65,503.22,93785.0,1250.0,503.072312
2024-02-12 18:00:00+00:00,503.18,503.44,501.68,502.145,139820.0,1530.0,502.478345
2024-02-12 19:00:00+00:00,502.06,502.165,500.24,500.435,139216.0,1597.0,501.114931
2024-02-12 20:00:00+00:00,500.75,501.235,500.57,500.99,271305.0,2283.0,500.896539
2024-02-12 21:00:00+00:00,500.24,500.24,500.24,500.24,146.0,1.0,500.24
2024-02-13 14:00:00+00:00,494.13,495.19,493.64,493.77,228956.0,1980.0,494.307258
2024-02-13 15:00:00+00:00,493.81,495.31,493.23,494.55,259382.0,2259.0,494.449326
2024-02-13 16:00:00+00:00,494.61,495.85,494.61,495.08,139022.0,1696.0,495.3851
2024-02-13 17:00:00+00:00,495.0,495.285,494.17,494.355,129359.0,1715.0,494.817691
2024-02-13 18:00:00+00:00,494.295,494.475,493.365,493.495,155420.0,1570.0,493.958457
2024-02-13 19:00:00+00:00,493.48,493.525,491.09,491.385,568181.0,3741.0,492.159467
2024-02-13 20:00:00+00:00,491.345,494.21,490.715,494.16,829909.0,5612.0,492.137784
2024-02-13 21:00:00+00:00,494.08,494.09,493.86,493.86,8960.0,19.0,494.080426
2024-02-14 14:00:00+00:00,496.78,497.25,495.83,496.87,157346.0,1053.0,496.60972
2024-02-14 15:00:00+00:00,497.02,497.99,496.0,496.0,257323.0,2063.0,497.190985
2024-02-14 16:00:00+00:00,495.85,496.33,495.15,495.39,189306.0,1536.0,495.823623
2024-02-14 17:00:00+00:00,495.32,496.33,494.425,496.2,146395.0,1401.0,495.673497
2024-02-14 18:00:00+00:00,496.205,497.13,495.425,496.49,123357.0,1110.0,496.3782
2024-02-14 19:00:00+00:00,496.53,497.1,495.24,496.93,148994.0,1332.0,496.420614
2024-02-14 20:00:00+00:00,496.98,499.065,496.695,498.62,520637.0,3344.0,498.116827
2024-02-14 21:00:00+00:00,498.84,498.84,498.84,498.84,281.0,2.0,498.84
2024-02-15 14:00:00+00:00,499.3,500.34,499.3,499.59,60143.0,773.0,499.877847
2024-02-15 15:00:00+00:00,499.74,500.56,499.37,499.77,143840.0,1536.0,499.907905
2024-02-15 16:00:00+00:00,499.93,500.12,498.8,499.81,120042.0,1507.0,499.422852
2024-02-15 17:00:00+00:00,499.805,500.59,499.67,500.05,121484.0,1677.0,500.262623
2024-02-15 18:00:00+00:00,500.03,501.66,499.96,501.365,119109.0,1522.0,501.13787
2024-02-15 19:00:00+00:00,501.48,502.19,501.03,501.845,144104.0,1751.0,501.631558
2024-02-15 20:00:00+00:00,501.905,502.04,501.15,501.97,294341.0,2919.0,501.623525
2024-02-16 13:00:00+00:00,500.9,500.9,500.9,500.9,300.0,3.0,500.9
2024-02-16 14:00:00+00:00,501.715,501.88,499.36,499.66,97918.0,995.0,500.69297
2024-02-16 15:00:00+00:00,499.52,501.08,498.98,500.82,166826.0,1636.0,500.137246
2024-02-16 16:00:00+00:00,500.965,502.45,500.925,502.22,122540.0,1428.0,501.789182
2024-02-16 17:00:00+00:00,502.2,502.345,501.68,501.84,79204.0,967.0,502.002033
2024-02-16 18:00:00+00:00,501.82,502.37,500.78,502.37,84436.0,1023.0,501.584458
2024-02-16 19:00:00+00:00,502.4,502.85,499.965,500.575,233143.0,1849.0,502.041946
2024-02-16 20:00:00+00:00,500.53,500.73,499.015,499.57,293367.0,2455.0,499.937447
2024-02-20 14:00:00+00:00,497.735,498.36,496.19,496.68,171137.0,1307.0,497.148151
2024-02-20 15:00:00+00:00,496.63,497.03,495.76,497.0,285735.0,2373.0,496.294169
2024-02-20 16:00:00+00:00,497.05,497.3,495.72,495.76,116947.0,1335.0,496.625252
2024-02-20 17:00:00+00:00,495.62,495.7,494.5,495.5,170545.0,1801.0,495.168568
2024-02-20 18:00:00+00:00,495.53,495.97,494.77,495.89,116922.0,1207.0,495.455257
2024-02-20 19:00:00+00:00,495.9,496.74,495.28,496.71,120749.0,1342.0,496.011104
2024-02-20 20:00:00+00:00,496.735,496.86,495.115,496.745,372693.0,2914.0,496.124644
2024-02-21 14:00:00+00:00,495.355,495.67,494.925,495.22,75247.0,788.0,495.280752
2024-02-21 15:00:00+00:00,495.27,496.06,495.06,495.28,89569.0,1003.0,495.558539
2024-02-21 16:00:00+00:00,495.32,496.295,495.275,495.99,57786.0,799.0,495.8442
2024-02-21 17:00:00+00:00,496.045,496.045,494.65,495.55,80633.0,953.0,495.1883
2024-02-21 18:00:00+00:00,495.52,495.72,494.46,495.34,58282.0,755.0,495.211236
2024-02-21 19:00:00+00:00,495.06,496.06,493.92,494.63,125642.0,1307.0,494.827894
2024-02-21 20:00:00+00:00,494.585,497.37,493.57,497.24,378820.0,3061.0,495.405922
2024-02-21 21:00:00+00:00,499.2,499.2,499.2,499.2,13400.0,12.0,499.2
2024-02-22 14:00:00+00:00,504.02,505.38,503.02,504.99,183960.0,1649.0,504.025502
2024-02-22 15:00:00+00:00,505.2,505.67,504.52,504.74,167929.0,1776.0,504.988791
2024-02-22 16:00:00+00:00,504.77,505.87,504.56,505.24,139710.0,1677.0,505.350894
2024-02-22 17:00:00+00:00,505.23,506.505,504.95,506.44,127471.0,1582.0,505.832428
2024-02-22 18:00:00+00:00,506.45,507.26,506.08,507.26,146863.0,1666.0,506.74122
2024-02-22 19:00:00+00:00,507.19,508.485,506.9,507.2,479348.0,3290.0,507.821176
2024-02-22 20:00:00+00:00,507.075,508.3,507.075,507.48,456088.0,3674.0,507.740159
2024-02-22 21:00:00+00:00,507.34,507.38,507.26,507.26,5801.0,7.0,507.331181
2024-02-23 14:00:00+00:00,509.26,510.1,509.12,509.75,144213.0,1202.0,509.771292
2024-02-23 15:00:00+00:00,509.76,509.9,508.45,508.69,115175.0,1494.0,509.356331
2024-02-23 16:00:00+00:00,508.77,508.78,507.1,508.54,167502.0,1745.0,507.923418
2024-02-23 17:00:00+00:00,508.5,508.99,507.825,508.625,105672.0,1437.0,508.491129
2024-02-23 18:00:00+00:00,508.615,509.05,508.39,508.52,78926.0,1185.0,508.720349
2024-02-23 19:00:00+00:00,508.54,508.59,507.66,508.34,152256.0,1486.0,508.153108
2024-02-23 20:00:00+00:00,508.35,508.76,507.77,507.82,387820.0,3260.0,508.330665
2024-02-23 21:00:00+00:00,507.57,507.74,507.57,507.62,10325.0,21.0,507.679029
2024-02-26 14:00:00+00:00,508.29,508.73,507.75,508.2,61061.0,894.0,508.327734
2024-02-26 15:00:00+00:00,508.25,508.48,507.44,507.51,142837.0,1465.0,507.966119
2024-02-26 16:00:00+00:00,507.53,507.87,507.04,507.72,78289.0,1259.0,507.466233
2024-02-26 17:00:00+00:00,507.345,507.9,507.16,507.275,84962.0,1050.0,507.525494
2024-02-26 18:00:00+00:00,507.235,507.585,506.02,506.89,115594.0,1264.0,506.721718
2024-02-26 19:00:00+00:00,506.9,507.37,506.52,506.73,117298.0,1372.0,507.013709
2024-02-26 20:00:00+00:00,506.78,507.305,505.86,505.86,266370.0,2417.0,506.484298
2024-02-26 21:00:00+00:00,505.93,505.98,505.86,505.98,4100.0,5.0,505.886097
2024-02-27 14:00:00+00:00,506.7,506.715,505.56,506.01,54813.0,684.0,506.003939
2024-02-27 15:00:00+00:00,506.09,506.55,505.63,506.105,85706.0,1225.0,506.051058
2024-02-27 16:00:00+00:00,506.165,506.165,505.48,505.9,52360.0,1012.0,505.839294
2024-02-27 17:00:00+00:00,505.93,505.99,505.0,505.05,85470.0,1221.0,505.444888
2024-02-27 18:00:00+00:00,504.97,505.86,504.86,505.735,95251.0,1620.0,505.398269
2024-02-27 19:00:00+00:00,505.84,506.69,505.75,506.645,104448.0,1591.0,506.244088
2024-02-27 20:00:00+00:00,506.685,507.15,506.24,506.95,180374.0,2206.0,506.789537
2024-02-27 21:00:00+00:00,506.91,506.93,506.91,506.93,400.0,3.0,506.915
2024-02-28 14:00:00+00:00,505.355,505.79,504.98,505.26,86985.0,795.0,505.438212
2024-02-28 15:00:00+00:00,505.33,506.495,505.24,506.48,175529.0,1365.0,505.942424
2024-02-28 16:00:00+00:00,506.505,506.855,506.2,506.535,114219.0,1085.0,506.520892
2024-02-28 17:00:00+00:00,506.56,506.63,505.455,505.87,100662.0,1115.0,506.001243
2024-02-28 18:00:00+00:00,505.79,506.74,505.5,506.595,84860.0,1180.0,506.311162
2024-02-28 19:00:00+00:00,506.65,506.69,505.21,505.82,160487.0,1605.0,505.715809
2024-02-28 20:00:00+00:00,505.86,506.27,505.35,506.13,344552.0,3078.0,505.886444
2024-02-28 21:00:00+00:00,505.37,505.37,505.23,505.23,2400.0,4.0,505.335
2024-02-29 14:00:00+00:00,508.065,508.835,508.065,508.475,92614.0,967.0,508.528883
2024-02-29 15:00:00+00:00,508.61,508.73,506.84,507.4,143100.0,1451.0,507.54435
2024-02-29 16:00:00+00:00,507.47,507.715,505.405,506.71,99803.0,1270.0,506.695607
2024-02-29 17:00:00+00:00,506.59,507.43,506.555,507.39,71104.0,875.0,506.970548
2024-02-29 18:00:00+00:00,507.41,507.89,507.375,507.8,83185.0,969.0,507.704062
2024-02-29 19:00:00+00:00,507.8,508.28,507.175,507.74,122703.0,1151.0,507.706633
2024-02-29 20:00:00+00:00,507.795,509.74,507.65,508.15,500683.0,3771.0,508.538891
2024-02-29 21:00:00+00:00,508.46,508.46,508.08,508.08,2129.0,7.0,508.11619
2024-03-01 14:00:00+00:00,508.975,509.52,508.6,508.99,107486.0,1115.0,509.090248
2024-03-01 15:00:00+00:00,509.49,510.815,508.68,510.635,182628.0,2062.0,509.984545
2024-03-01 16:00:00+00:00,510.675,511.38,510.21,511.16,160384.0,1692.0,510.946704
2024-03-01 17:00:00+00:00,511.055,512.055,510.755,511.82,102427.0,1383.0,511.545875
2024-03-01 18:00:00+00:00,511.82,512.63,511.7,512.615,105871.0,1621.0,512.164217
2024-03-01 19:00:00+00:00,512.64,513.27,512.56,513.095,233627.0,2251.0,512.917964
2024-03-01 20:00:00+00:00,513.01,513.14,512.345,512.93,344182.0,3810.0,512.816211
2024-03-01 21:00:00+00:00,512.76,512.76,512.71,512.71,2684.0,5.0,512.726766
2024-03-04 14:00:00+00:00,512.19,512.58,512.0,512.505,117937.0,1172.0,512.322632
2024-03-04 15:00:00+00:00,512.515,512.87,512.07,512.68,184075.0,1613.0,512.515006
2024-03-04 16:00:00+00:00,512.71,512.8,512.16,512.79,150007.0,1485.0,512.513739
2024-03-04 17:00:00+00:00,512.7,513.175,512.49,513.02,108268.0,1170.0,512.896498
2024-03-04 18:00:00+00:00,512.96,513.065,512.37,512.76,106756.0,1197.0,512.768948
2024-03-04 19:00:00+00:00,512.73,514.13,512.62,513.82,158929.0,1236.0,513.32367
2024-03-04 20:00:00+00:00,513.835,514.17,512.2,512.34,356068.0,2703.0,512.780643
2024-03-04 21:00:00+00:00,512.27,512.27,511.84,511.84,14399.0,18.0,512.025046
2024-03-05 14:00:00+00:00,510.225,510.31,509.335,509.65,133503.0,1119.0,509.762942
2024-03-05 15:00:00+00:00,509.75,510.7,507.57,508.12,172427.0,1549.0,508.497402
2024-03-05 16:00:00+00:00,508.075,508.385,506.97,507.69,122802.0,1404.0,507.793644
2024-03-05 17:00:00+00:00,507.81,508.46,507.585,508.09,84907.0,887.0,508.036831
2024-03-05 18:00:00+00:00,508.055,508.14,506.7,506.78,92319.0,918.0,507.43406
2024-03-05 19:00:00+00:00,506.72,507.365,505.585,505.72,233237.0,1502.0,506.188891
2024-03-05 20:00:00+00:00,505.695,507.37,504.92,507.12,729290.0,4402.0,505.831976
2024-03-05 21:00:00+00:00,507.44,507.46,507.44,507.46,800.0,4.0,507.4525
2024-03-06 14:00:00+00:00,510.64,510.83,509.65,509.94,83111.0,911.0,510.163483
2024-03-06 15:00:00+00:00,509.76,510.565,508.47,510.47,112929.0,1542.0,509.706194
2024-03-06 16:00:00+00:00,510.515,511.62,510.515,511.4,133161.0,1275.0,511.047291
2024-03-06 17:00:00+00:00,511.39,512.05,511.07,511.32,88133.0,1388.0,511.621154
2024-03-06 18:00:00+00:00,511.285,511.915,509.19,510.21,95948.0,1309.0,510.67523
2024-03-06 19:00:00+00:00,510.0,510.39,508.65,509.26,134633.0,1125.0,509.597364
2024-03-06 20:00:00+00:00,509.24,510.26,508.6,509.73,166125.0,1827.0,509.54419
2024-03-06 21:00:00+00:00,509.81,509.96,509.81,509.96,500.0,4.0,509.85268
2024-03-07 14:00:00+00:00,512.71,513.62,512.27,513.37,63743.0,736.0,513.033747
2024-03-07 15:00:00+00:00,513.37,514.87,513.06,514.3,110883.0,1402.0,514.065184
2024-03-07 16:00:00+00:00,514.355,514.7,513.81,514.63,113559.0,1356.0,514.209692
2024-03-07 17:00:00+00:00,514.66,514.95,514.06,514.5,76191.0,1021.0,514.536464
2024-03-07 18:00:00+00:00,514.53,515.86,514.33,515.68,91909.0,1148.0,515.230305
2024-03-07 19:00:00+00:00,515.72,515.855,514.8,514.93,102607.0,1138.0,515.390759
2024-03-07 20:00:00+00:00,514.75,515.63,514.155,515.12,198726.0,2119.0,514.991886
2024-03-08 14:00:00+00:00,515.51,517.785,515.49,517.785,53730.0,599.0,516.51304
2024-03-08 15:00:00+00:00,517.78,518.18,516.99,517.505,105281.0,1109.0,517.634768
2024-03-08 16:00:00+00:00,517.375,517.375,513.94,514.11,227073.0,1585.0,515.301231
2024-03-08 17:00:00+00:00,514.0,514.87,512.46,512.56,117716.0,1238.0,513.729084
2024-03-08 18:00:00+00:00,512.42,513.19,511.135,511.71,131616.0,1307.0,511.944584
2024-03-08 19:00:00+00:00,511.69,514.415,511.69,513.86,122071.0,1330.0,513.332463
2024-03-08 20:00:00+00:00,513.855,514.375,511.72,511.72,248771.0,1967.0,512.331044
2024-03-11 13:00:00+00:00,510.395,510.935,509.46,509.46,85558.0,640.0,510.320902
2024-03-11 14:00:00+00:00,509.435,510.705,508.53,510.62,132624.0,1434.0,509.389208
2024-03-11 15:00:00+00:00,510.55,510.875,509.24,510.84,68049.0,930.0,510.034057
2024-03-11 16:00:00+00:00,510.82,511.15,510.04,511.0,109740.0,1071.0,510.875606
2024-03-11 17:00:00+00:00,511.005,511.53,510.26,511.04,61950.0,965.0,510.827425
2024-03-11 18:00:00+00:00,511.1,511.83,510.74,511.61,71646.0,1000.0,511.199981
2024-03-11 19:00:00+00:00,511.6,511.61,510.6,511.26,169866.0,2093.0,511.078629
2024-03-11 20:00:00+00:00,511.46,511.46,511.46,511.46,100.0,1.0,511.46
2024-03-12 12:00:00+00:00,510.78,510.78,510.78,510.78,100.0,1.0,510.78
2024-03-12 13:00:00+00:00,513.43,513.715,510.865,513.45,131114.0,888.0,511.821411
2024-03-12 14:00:00+00:00,513.49,516.48,513.04,515.75,186431.0,1994.0,514.655407
2024-03-12 15:00:00+00:00,516.02,516.505,515.215,515.77,79468.0,1126.0,515.961908
2024-03-12 16:00:00+00:00,515.89,515.89,513.625,514.41,97057.0,1233.0,514.791629
2024-03-12 17:00:00+00:00,514.4,515.78,513.675,515.625,81725.0,875.0,514.778444
2024-03-12 18:00:00+00:00,515.69,517.0,515.53,516.76,203889.0,1527.0,516.35967
2024-03-12 19:00:00+00:00,516.79,517.37,516.43,516.77,311195.0,2477.0,516.877546
2024-03-12 20:00:00+00:00,516.78,516.78,516.78,516.78,2400.0,5.0,516.78
2024-03-13 13:00:00+00:00,517.04,517.055,515.99,516.08,48015.0,651.0,516.344366
2024-03-13 14:00:00+00:00,516.02,516.745,515.71,516.21,153958.0,1508.0,516.310432
2024-03-13 15:00:00+00:00,516.17,516.68,515.84,516.38,47632.0,1062.0,516.267753
2024-03-13 16:00:00+00:00,516.37,516.68,516.09,516.465,46039.0,868.0,516.423163
2024-03-13 17:00:00+00:00,516.44,517.26,516.39,517.21,67772.0,938.0,516.938245
2024-03-13 18:00:00+00:00,517.05,517.155,516.475,516.48,60686.0,932.0,516.849454
2024-03-13 19:00:00+00:00,516.5,516.63,514.52,515.97,277673.0,2804.0,515.877247
2024-03-13 20:00:00+00:00,515.92,515.95,515.92,515.95,1450.0,15.0,515.945385
2024-03-14 12:00:00+00:00,517.11,517.18,517.08,517.18,700.0,3.0,517.127143
2024-03-14 13:00:00+00:00,516.96,517.12,513.99,514.005,83953.0,782.0,515.60048
2024-03-14 14:00:00+00:00,513.825,515.59,513.41,514.59,145868.0,1885.0,514.513299
2024-03-14 15:00:00+00:00,514.69,515.405,514.07,514.955,129549.0,1495.0,514.6299
2024-03-14 16:00:00+00:00,515.04,515.145,513.87,513.91,90723.0,1237.0,514.261926
2024-03-14 17:00:00+00:00,513.95,514.57,512.77,514.52,87388.0,1199.0,513.684765
2024-03-14 18:00:00+00:00,514.58,515.145,513.87,513.89,180953.0,1674.0,514.559037
2024-03-14 19:00:00+00:00,513.81,514.87,511.82,514.86,573632.0,3882.0,513.136007
2024-03-14 20:00:00+00:00,515.14,515.14,514.78,514.78,1600.0,8.0,514.865517
2024-03-15 13:00:00+00:00,511.55,511.57,509.64,509.83,127513.0,1127.0,510.257157
2024-03-15 14:00:00+00:00,509.59,511.665,508.89,511.05,142374.0,1539.0,510.133088
2024-03-15 15:00:00+00:00,511.115,511.15,509.57,509.71,67410.0,1148.0,510.364307
2024-03-15 16:00:00+00:00,509.67,509.88,508.37,508.49,107243.0,1502.0,509.09852
2024-03-15 17:00:00+00:00,508.48,509.905,508.46,509.9,97481.0,1563.0,509.249358
2024-03-15 18:00:00+00:00,509.91,510.5,509.21,510.17,113986.0,1652.0,509.772878
2024-03-15 19:00:00+00:00,510.185,510.5,509.22,509.83,264819.0,3067.0,509.697934
2024-03-15 20:00:00+00:00,509.88,509.88,509.83,509.84,23118.0,48.0,509.830997
2024-03-18 13:00:00+00:00,513.26,514.82,513.26,513.835,83499.0,955.0,514.350688
2024-03-18 14:00:00+00:00,513.97,515.43,513.88,515.115,107354.0,1522.0,514.828113
2024-03-18 15:00:00+00:00,515.195,515.195,513.92,514.26,109672.0,1319.0,514.560207
2024-03-18 16:00:00+00:00,514.19,514.5,513.49,513.56,76243.0,1082.0,513.999115
2024-03-18 17:00:00+00:00,513.465,514.23,513.31,513.81,87236.0,934.0,513.649011
2024-03-18 18:00:00+00:00,513.82,514.4,513.37,513.82,102520.0,1162.0,513.891265
2024-03-18 19:00:00+00:00,513.79,514.13,512.45,512.9,366115.0,2873.0,513.23011
2024-03-18 20:00:00+00:00,513.05,513.05,513.05,513.05,500.0,1.0,513.05
2024-03-19 13:00:00+00:00,512.155,512.155,511.16,511.69,79842.0,850.0,511.571311
2024-03-19 14:00:00+00:00,511.615,512.605,511.235,512.24,97315.0,1235.0,511.862179
2024-03-19 15:00:00+00:00,512.17,513.425,512.165,513.19,58070.0,1006.0,512.747119
2024-03-19 16:00:00+00:00,513.18,515.13,513.02,514.66,87025.0,1328.0,514.287527
2024-03-19 17:00:00+00:00,514.72,515.33,514.37,514.99,67560.0,1095.0,514.902265
2024-03-19 18:00:00+00:00,514.93,515.34,514.51,514.975,79015.0,1160.0,514.961623
2024-03-19 19:00:00+00:00,514.845,515.98,514.255,515.79,223823.0,2542.0,515.312728
2024-03-19 20:00:00+00:00,515.87,515.92,515.67,515.67,4930.0,7.0,515.847688
2024-03-20 13:00:00+00:00,515.765,515.92,515.225,515.53,35003.0,479.0,515.470006
2024-03-20 14:00:00+00:00,515.435,516.44,515.36,515.815,85254.0,1383.0,515.867703
2024-03-20 15:00:00+00:00,515.86,516.295,515.595,515.92,111079.0,1497.0,515.982268
2024-03-20 16:00:00+00:00,515.915,516.14,515.42,516.14,64642.0,1046.0,515.809189
2024-03-20 17:00:00+00:00,516.05,516.065,515.13,515.48,79541.0,1192.0,515.526831
2024-03-20 18:00:00+00:00,515.83,519.51,515.83,518.94,233706.0,1871.0,517.563906
2024-03-20 19:00:00+00:00,519.11,520.565,518.895,520.52,375329.0,3589.0,519.898104
2024-03-20 20:00:00+00:00,521.04,521.15,521.04,521.15,1050.0,5.0,521.139524
2024-03-21 13:00:00+00:00,523.49,524.0,522.775,523.44,101275.0,1176.0,523.230209
2024-03-21 14:00:00+00:00,523.35,523.96,523.19,523.55,124060.0,2199.0,523.579001
2024-03-21 15:00:00+00:00,523.59,523.92,523.05,523.79,98659.0,1594.0,523.567638
2024-03-21 16:00:00+00:00,523.72,524.1,523.43,523.75,94848.0,1723.0,523.771566
2024-03-21 17:00:00+00:00,523.75,523.75,522.76,522.785,58354.0,1409.0,523.302784
2024-03-21 18:00:00+00:00,522.74,523.1,522.06,522.28,106623.0,1612.0,522.700967
2024-03-21 19:00:00+00:00,522.33,523.15,521.94,522.08,231924.0,2751.0,522.580027
2024-03-22 13:00:00+00:00,522.14,522.435,521.51,521.735,51330.0,681.0,521.928711
2024-03-22 14:00:00+00:00,521.8,522.275,521.03,521.08,87324.0,1613.0,521.596322
2024-03-22 15:00:00+00:00,521.05,521.835,521.04,521.67,84173.0,1637.0,521.588795
2024-03-22 16:00:00+00:00,521.695,521.845,520.98,521.84,118294.0,1769.0,521.501681
2024-03-22 17:00:00+00:00,521.87,522.58,521.78,522.54,76511.0,1284.0,522.072814
2024-03-22 18:00:00+00:00,522.505,522.59,521.96,522.18,89080.0,1622.0,522.283564
2024-03-22 19:00:00+00:00,522.15,522.35,521.135,521.4,228943.0,2589.0,521.901436
2024-03-22 20:00:00+00:00,521.12,521.12,521.12,521.12,500.0,1.0,521.12
2024-03-25 13:00:00+00:00,519.785,520.39,519.63,520.31,61505.0,716.0,520.071241
2024-03-25 14:00:00+00:00,520.24,520.85,520.08,520.65,74008.0,1030.0,520.381348
2024-03-25 15:00:00+00:00,520.66,520.845,520.4,520.585,47846.0,914.0,520.66342
2024-03-25 16:00:00+00:00,520.605,520.675,520.255,520.41,124040.0,1342.0,520.456629
2024-03-25 17:00:00+00:00,520.445,520.705,520.19,520.67,75808.0,1306.0,520.469413
2024-03-25 18:00:00+00:00,520.67,520.93,520.595,520.83,102826.0,1446.0,520.785618
2024-03-25 19:00:00+00:00,520.83,520.83,519.67,519.88,221556.0,2652.0,520.178144
2024-03-25 20:00:00+00:00,519.81,520.01,519.8,519.82,10676.0,12.0,519.847956
2024-03-26 13:00:00+00:00,521.14,521.41,520.84,521.24,75130.0,770.0,521.081701
2024-03-26 14:00:00+00:00,521.28,521.56,520.74,521.28,127284.0,1360.0,521.161253
2024-03-26 15:00:00+00:00,521.33,521.455,521.095,521.4,32425.0,741.0,521.270231
2024-03-26 16:00:00+00:00,521.4,521.45,520.805,520.9,58122.0,944.0,521.050594
2024-03-26 17:00:00+00:00,520.87,521.0,520.53,520.64,67730.0,1037.0,520.798498
2024-03-26 18:00:00+00:00,520.65,521.03,520.65,520.88,71577.0,1168.0,520.846462
2024-03-26 19:00:00+00:00,520.77,520.9,518.45,518.72,422621.0,3150.0,519.613657
2024-03-27 13:00:00+00:00,521.72,521.75,520.755,520.915,67236.0,771.0,521.42229
2024-03-27 14:00:00+00:00,520.88,520.95,519.64,519.84,178969.0,1568.0,520.043466
2024-03-27 15:00:00+00:00,519.815,520.155,519.545,519.575,85614.0,1227.0,519.864569
2024-03-27 16:00:00+00:00,519.49,520.47,519.485,520.3,52657.0,795.0,520.03225
2024-03-27 17:00:00+00:00,520.34,520.47,519.75,520.18,55630.0,870.0,520.216744
2024-03-27 18:00:00+00:00,520.165,520.97,520.03,520.305,100622.0,1349.0,520.445104
2024-03-27 19:00:00+00:00,520.31,523.11,519.87,523.08,326355.0,2869.0,522.077001
2024-03-27 20:00:00+00:00,523.07,523.39,523.07,523.27,4600.0,4.0,523.241304
2024-03-28 13:00:00+00:00,523.25,523.665,522.78,523.13,61901.0,748.0,523.235909
2024-03-28 14:00:00+00:00,523.32,523.71,522.935,523.44,195672.0,1776.0,523.240129
2024-03-28 15:00:00+00:00,523.425,523.725,523.16,523.585,99632.0,1549.0,523.466821
2024-03-28 16:00:00+00:00,523.59,523.595,523.1,523.36,83819.0,1118.0,523.275872
2024-03-28 17:00:00+00:00,523.33,523.47,522.94,523.35,70735.0,1111.0,523.207648
2024-03-28 18:00:00+00:00,523.34,524.27,523.04,524.13,135845.0,1389.0,523.459427
2024-03-28 19:00:00+00:00,524.2,524.6,522.95,523.135,363981.0,2242.0,524.111433
2024-03-28 20:00:00+00:00,522.94,523.07,522.94,523.07,5110.0,24.0,523.067431
2024-04-01 13:00:00+00:00,523.71,524.37,523.45,524.08,76731.0,1022.0,524.046792
2024-04-01 14:00:00+00:00,523.74,524.18,522.14,522.33,173077.0,1796.0,523.034755
2024-04-01 15:00:00+00:00,522.32,522.4,521.09,521.1,134619.0,1331.0,521.81797
2024-04-01 16:00:00+00:00,521.06,522.22,521.005,521.9,50985.0,907.0,521.851271
2024-04-01 17:00:00+00:00,521.825,521.9,521.08,521.635,41195.0,824.0,521.565013
2024-04-01 18:00:00+00:00,521.77,522.14,521.55,521.83,53335.0,911.0,521.863656
2024-04-01 19:00:00+00:00,521.81,522.78,521.67,522.21,176223.0,1893.0,522.181737
2024-04-01 20:00:00+00:00,522.21,522.28,522.14,522.17,6254.0,17.0,522.189682
2024-04-02 13:00:00+00:00,518.01,518.445,516.88,517.47,121145.0,1130.0,517.545707
2024-04-02 14:00:00+00:00,517.62,518.0,516.51,516.95,114674.0,1439.0,517.177395
2024-04-02 15:00:00+00:00,516.94,517.865,516.94,517.11,81278.0,1229.0,517.405682
2024-04-02 16:00:00+00:00,517.115,518.0,516.91,517.965,72258.0,1111.0,517.37537
2024-04-02 17:00:00+00:00,518.0,518.12,517.35,517.74,78470.0,1067.0,517.766302
2024-04-02 18:00:00+00:00,517.76,518.12,517.665,517.775,60939.0,1098.0,517.905362
2024-04-02 19:00:00+00:00,517.765,518.965,517.745,518.9,270956.0,2505.0,518.641903
2024-04-02 20:00:00+00:00,518.82,519.02,518.82,519.02,15149.0,17.0,518.950308
2024-04-03 13:00:00+00:00,517.705,518.64,517.67,518.38,56438.0,607.0,518.354749
2024-04-03 14:00:00+00:00,518.74,520.84,518.74,520.695,118632.0,1456.0,520.196294
2024-04-03 15:00:00+00:00,520.74,520.935,520.12,520.22,56298.0,1019.0,520.701189
2024-04-03 16:00:00+00:00,520.165,520.83,519.48,520.345,85940.0,1030.0,520.249623
2024-04-03 17:00:00+00:00,520.34,520.755,520.32,520.56,44930.0,793.0,520.558388
2024-04-03 18:00:00+00:00,520.555,520.795,519.88,519.975,75941.0,1208.0,520.305079
2024-04-03 19:00:00+00:00,519.75,520.02,517.83,519.54,194422.0,2218.0,519.188127
2024-04-03 20:00:00+00:00,519.71,519.79,519.71,519.79,1200.0,2.0,519.763333
2024-04-04 13:00:00+00:00,523.63,523.65,522.61,522.83,77547.0,783.0,523.249062
2024-04-04 14:00:00+00:00,522.88,523.035,522.48,522.725,73821.0,1103.0,522.845248
2024-04-04 15:00:00+00:00,522.785,523.29,522.425,523.26,75752.0,1335.0,522.842383
2024-04-04 16:00:00+00:00,523.26,523.85,523.22,523.34,61426.0,1057.0,523.56285
2024-04-04 17:00:00+00:00,523.385,523.42,521.76,521.825,63717.0,1114.0,522.893649
2024-04-04 18:00:00+00:00,521.83,521.83,515.52,515.865,250778.0,2352.0,517.950002
2024-04-04 19:00:00+00:00,515.51,516.03,512.76,513.12,434733.0,3387.0,513.961255
2024-04-05 13:00:00+00:00,514.07,516.35,514.05,515.92,62431.0,627.0,515.156721
2024-04-05 14:00:00+00:00,515.95,518.05,514.93,518.05,94531.0,954.0,516.154865
2024-04-05 15:00:00+00:00,518.05,519.71,516.515,519.42,117060.0,1127.0,517.931493
2024-04-05 16:00:00+00:00,519.485,520.41,519.14,520.345,93752.0,968.0,519.673891
2024-04-05 17:00:00+00:00,520.37,520.37,517.465,517.745,62545.0,874.0,518.94984
2024-04-05 18:00:00+00:00,517.795,519.25,516.99,517.89,181153.0,1063.0,518.132039
2024-04-05 19:00:00+00:00,517.85,519.265,517.74,518.54,242827.0,1892.0,518.444017
2024-04-08 13:00:00+00:00,519.24,519.345,518.085,518.785,41531.0,564.0,518.75262
2024-04-08 14:00:00+00:00,518.77,520.14,518.22,519.96,70099.0,1045.0,519.37435
2024-04-08 15:00:00+00:00,520.03,520.07,518.41,518.74,64961.0,928.0,519.295922
2024-04-08 16:00:00+00:00,518.7,519.4,517.95,519.37,57722.0,897.0,518.666886
2024-04-08 17:00:00+00:00,519.44,519.455,518.68,519.28,62405.0,767.0,519.043658
2024-04-08 18:00:00+00:00,519.37,519.45,518.7,519.17,40383.0,708.0,519.140313
2024-04-08 19:00:00+00:00,519.31,519.69,518.26,518.65,129398.0,1590.0,518.70555
2024-04-08 20:00:00+00:00,518.88,518.96,518.87,518.91,8552.0,8.0,518.914865
2024-04-09 13:00:00+00:00,520.555,520.675,518.795,518.995,55492.0,468.0,520.034784
2024-04-09 14:00:00+00:00,518.93,519.245,514.355,515.55,209284.0,1359.0,515.832888
2024-04-09 15:00:00+00:00,515.415,517.125,515.25,516.89,67696.0,802.0,516.191313
2024-04-09 16:00:00+00:00,516.98,517.695,516.575,516.795,55503.0,699.0,517.186163
2024-04-09 17:00:00+00:00,516.74,517.63,516.68,516.795,75960.0,834.0,517.110444
2024-04-09 18:00:00+00:00,516.465,517.24,516.29,516.52,65764.0,921.0,516.709461
2024-04-09 19:00:00+00:00,516.43,519.44,515.72,519.34,159293.0,1892.0,518.051797
2024-04-10 12:00:00+00:00,512.98,512.98,512.98,512.98,100.0,1.0,512.98
2024-04-10 13:00:00+00:00,513.43,514.42,512.68,513.9,85681.0,903.0,513.593873
2024-04-10 14:00:00+00:00,513.775,516.135,513.455,514.4,161945.0,1461.0,514.651479
2024-04-10 15:00:00+00:00,514.505,514.505,513.0,513.325,104372.0,1222.0,513.795735
2024-04-10 16:00:00+00:00,513.37,514.3,512.98,514.18,113998.0,1490.0,513.724389
2024-04-10 17:00:00+00:00,514.23,515.025,512.09,513.835,134184.0,1656.0,513.308065
2024-04-10 18:00:00+00:00,513.89,514.55,512.59,512.67,73462.0,1235.0,513.789448
2024-04-10 19:00:00+00:00,512.605,515.045,512.465,514.195,226565.0,2320.0,514.266904
2024-04-10 20:00:00+00:00,513.74,513.74,513.74,513.74,100.0,1.0,513.74
2024-04-11 13:00:00+00:00,515.68,515.825,514.12,514.54,56015.0,476.0,514.834213
2024-04-11 14:00:00+00:00,514.65,514.65,512.13,513.2,102164.0,1074.0,513.186311
2024-04-11 15:00:00+00:00,513.215,515.36,513.21,515.28,85439.0,962.0,514.023637
2024-04-11 16:00:00+00:00,515.4,515.62,514.785,515.29,74286.0,967.0,515.157648
2024-04-11 17:00:00+00:00,515.33,518.11,514.92,517.99,92402.0,1185.0,517.119267
2024-04-11 18:00:00+00:00,517.945,519.48,517.945,518.715,145293.0,1609.0,518.97539
2024-04-11 19:00:00+00:00,518.75,519.35,517.98,518.05,213560.0,2033.0,518.676658
2024-04-11 20:00:00+00:00,518.1,518.1,518.1,518.1,100.0,1.0,518.1
2024-04-12 13:00:00+00:00,513.78,515.75,513.78,515.24,91297.0,882.0,515.008642
2024-04-12 14:00:00+00:00,515.39,515.39,512.095,512.29,137117.0,1441.0,513.764928
2024-04-12 15:00:00+00:00,512.215,513.99,512.215,513.53,76891.0,1142.0,513.213111
2024-04-12 16:00:00+00:00,513.29,513.47,510.49,510.63,137084.0,1544.0,511.319453
2024-04-12 17:00:00+00:00,510.59,511.23,509.335,510.525,175297.0,1896.0,510.204208
2024-04-12 18:00:00+00:00,510.445,511.4,509.66,509.665,118387.0,1404.0,510.496915
2024-04-12 19:00:00+00:00,509.5,510.88,509.16,510.88,315458.0,3133.0,510.12496
2024-04-12 20:00:00+00:00,511.06,511.06,510.85,510.85,2291.0,7.0,510.933854
2024-04-15 12:00:00+00:00,515.06,515.06,515.06,515.06,100.0,1.0,515.06
2024-04-15 13:00:00+00:00,515.21,515.3,514.3,514.85,118056.0,1073.0,514.835925
2024-04-15 14:00:00+00:00,514.89,514.995,511.09,511.09,141710.0,1602.0,512.845114
2024-04-15 15:00:00+00:00,511.18,512.59,510.81,512.315,128040.0,1490.0,511.603822
2024-04-15 16:00:00+00:00,512.25,512.61,509.52,510.1,114149.0,1427.0,510.56975
2024-04-15 17:00:00+00:00,510.06,510.55,505.04,506.25,228383.0,2162.0,507.129083
2024-04-15 18:00:00+00:00,506.27,506.44,504.455,505.185,126580.0,1546.0,505.398574
2024-04-15 19:00:00+00:00,505.05,505.235,503.595,504.52,270013.0,2663.0,504.699089
2024-04-15 20:00:00+00:00,504.4,504.4,504.19,504.19,284.0,3.0,504.295
2024-04-16 13:00:00+00:00,504.82,505.2,502.96,504.415,127115.0,929.0,504.287628
2024-04-16 14:00:00+00:00,504.445,505.21,502.495,503.085,108253.0,1545.0,503.684001
2024-04-16 15:00:00+00:00,503.175,505.325,503.015,504.2,83516.0,1705.0,504.045565
2024-04-16 16:00:00+00:00,503.915,505.03,503.58,504.685,53303.0,1008.0,504.229963
2024-04-16 17:00:00+00:00,504.615,504.985,502.26,504.02,131522.0,1239.0,503.946041
2024-04-16 18:00:00+00:00,503.87,506.49,502.625,505.8,179320.0,2091.0,504.689139
2024-04-16 19:00:00+00:00,505.535,505.83,503.32,503.41,196058.0,2376.0,504.4325
2024-04-16 20:00:00+00:00,503.53,503.53,503.53,503.53,800.0,2.0,503.53
2024-04-17 13:00:00+00:00,506.08,506.2,505.04,505.29,84358.0,904.0,505.692095
2024-04-17 14:00:00+00:00,505.345,505.345,502.22,502.905,120230.0,1507.0,503.715726
2024-04-17 15:00:00+00:00,502.9,503.98,501.03,501.74,95075.0,1161.0,501.976431
2024-04-17 16:00:00+00:00,501.705,501.705,499.12,499.9,170696.0,1847.0,500.195517
2024-04-17 17:00:00+00:00,499.92,502.5,499.74,502.355,120732.0,1292.0,501.443518
2024-04-17 18:00:00+00:00,502.355,504.01,501.32,501.6,71871.0,1126.0,502.381242
2024-04-17 19:00:00+00:00,501.48,501.81,500.46,500.52,170141.0,2136.0,501.060268
2024-04-17 20:00:00+00:00,500.55,500.59,500.55,500.59,273.0,3.0,500.57
2024-04-18 13:00:00+00:00,501.85,502.015,499.76,501.165,118557.0,841.0,500.911095
2024-04-18 14:00:00+00:00,501.31,503.81,500.45,503.385,114257.0,1234.0,502.447646
2024-04-18 15:00:00+00:00,503.415,504.1,502.63,502.88,70279.0,1030.0,503.331489
2024-04-18 16:00:00+00:00,503.025,503.295,500.63,500.71,61307.0,1179.0,501.884158
2024-04-18 17:00:00+00:00,500.76,501.105,498.91,499.61,126868.0,1211.0,499.837226
2024-04-18 18:00:00+00:00,499.545,500.29,498.57,498.98,80780.0,1027.0,499.445638
2024-04-18 19:00:00+00:00,499.03,500.83,498.985,499.42,167301.0,1928.0,499.829134
2024-04-18 20:00:00+00:00,499.9,499.97,499.54,499.54,4990.0,10.0,499.708737
2024-04-19 13:00:00+00:00,499.44,500.45,498.7,499.715,157581.0,775.0,499.654452
2024-04-19 14:00:00+00:00,499.67,500.07,497.64,498.54,158211.0,1039.0,498.775997
2024-04-19 15:00:00+00:00,498.495,498.95,496.995,497.145,95940.0,873.0,497.968726
2024-04-19 16:00:00+00:00,497.26,497.725,495.12,497.09,144413.0,1324.0,496.034602
2024-04-19 17:00:00+00:00,497.25,498.445,496.5,497.35,89328.0,841.0,497.274837
2024-04-19 18:00:00+00:00,497.16,497.16,494.09,494.95,117519.0,1569.0,495.411644
2024-04-19 19:00:00+00:00,494.82,495.685,493.87,495.185,270688.0,3097.0,494.936802
2024-04-19 20:00:00+00:00,494.93,494.96,494.89,494.96,5260.0,7.0,494.937833
2024-04-22 13:00:00+00:00,497.85,498.045,496.74,497.595,81807.0,821.0,497.608099
2024-04-22 14:00:00+00:00,497.655,498.17,495.995,496.2,83758.0,1136.0,497.070606
2024-04-22 15:00:00+00:00,496.025,497.25,495.45,497.2,94617.0,1381.0,496.211874
2024-04-22 16:00:00+00:00,497.42,498.49,497.315,498.3,86790.0,1292.0,497.854156
2024-04-22 17:00:00+00:00,498.39,501.82,498.27,501.43,112808.0,1594.0,499.846228
2024-04-22 18:00:00+00:00,501.48,502.36,500.665,501.34,118314.0,1625.0,501.549284
2024-04-22 19:00:00+00:00,501.23,501.31,498.91,499.54,223955.0,2315.0,499.724911
2024-04-22 20:00:00+00:00,499.05,499.72,499.05,499.72,6300.0,6.0,499.700635
2024-04-23 13:00:00+00:00,501.86,503.66,501.255,503.025,107618.0,912.0,502.246571
2024-04-23 14:00:00+00:00,503.12,505.3,502.81,505.3,126269.0,1322.0,504.226262
2024-04-23 15:00:00+00:00,505.25,505.275,504.09,504.33,91591.0,1070.0,504.640371
2024-04-23 16:00:00+00:00,504.365,505.57,504.235,505.205,53863.0,901.0,505.083652
2024-04-23 17:00:00+00:00,505.185,506.05,504.6,505.98,82439.0,993.0,505.383945
2024-04-23 18:00:00+00:00,505.975,506.05,505.26,505.73,54521.0,1110.0,505.735792
2024-04-23 19:00:00+00:00,505.78,505.78,504.99,505.5,204767.0,2198.0,505.348319
2024-04-23 20:00:00+00:00,505.65,505.65,505.62,505.65,3100.0,15.0,505.648973
2024-04-24 13:00:00+00:00,506.54,507.34,505.955,506.135,72671.0,740.0,506.649846
2024-04-24 14:00:00+00:00,506.24,507.055,505.005,505.26,88075.0,995.0,506.07888
2024-04-24 15:00:00+00:00,505.235,505.34,503.66,503.905,87270.0,1006.0,504.407295
2024-04-24 16:00:00+00:00,503.755,504.4,503.135,504.35,62009.0,801.0,503.73138
2024-04-24 17:00:00+00:00,504.32,506.51,504.11,506.43,71898.0,781.0,505.368746
2024-04-24 18:00:00+00:00,506.34,506.34,504.42,504.42,37719.0,748.0,505.237492
2024-04-24 19:00:00+00:00,504.42,506.17,504.255,505.66,119606.0,1438.0,505.65777
2024-04-24 20:00:00+00:00,505.6,505.6,502.89,502.89,8100.0,12.0,505.166527
2024-04-25 13:00:00+00:00,499.1,499.34,497.875,498.15,164885.0,993.0,498.479184
2024-04-25 14:00:00+00:00,498.17,499.82,497.54,498.42,149054.0,1313.0,498.852222
2024-04-25 15:00:00+00:00,498.43,500.39,498.43,500.37,131856.0,1330.0,499.558967
2024-04-25 16:00:00+00:00,500.21,502.01,499.94,501.77,105121.0,1131.0,501.029796
2024-04-25 17:00:00+00:00,501.92,503.77,500.99,503.505,98213.0,1087.0,502.398021
2024-04-25 18:00:00+00:00,503.52,503.705,501.74,502.36,104604.0,1166.0,502.919332
2024-04-25 19:00:00+00:00,502.49,504.25,502.49,503.53,149376.0,2027.0,503.377824
2024-04-25 20:00:00+00:00,504.47,507.81,504.47,507.81,300.0,3.0,506.583333
2024-04-26 12:00:00+00:00,508.19,508.19,506.56,506.56,400.0,3.0,507.375
2024-04-26 13:00:00+00:00,506.42,508.195,505.75,507.795,82186.0,735.0,506.87394
2024-04-26 14:00:00+00:00,507.97,509.0,507.69,508.72,92618.0,1252.0,508.565318
2024-04-26 15:00:00+00:00,508.815,509.29,507.735,508.61,86576.0,1122.0,508.540746
2024-04-26 16:00:00+00:00,508.605,509.555,508.23,509.555,54928.0,1004.0,508.959117
2024-04-26 17:00:00+00:00,509.545,509.88,509.1,509.4,41718.0,781.0,509.563917
2024-04-26 18:00:00+00:00,509.245,509.44,508.625,509.405,55676.0,958.0,508.986623
2024-04-26 19:00:00+00:00,509.345,509.62,508.195,508.195,156470.0,1703.0,508.757217
2024-04-26 20:00:00+00:00,508.32,508.43,508.26,508.26,13019.0,20.0,508.362223
2024-04-29 13:00:00+00:00,510.26,510.735,509.02,509.565,74741.0,659.0,509.914998
2024-04-29 14:00:00+00:00,509.535,510.56,509.535,509.89,42855.0,664.0,510.049441
2024-04-29 15:00:00+00:00,509.81,509.905,509.06,509.74,26465.0,522.0,509.46847
2024-04-29 16:00:00+00:00,509.675,510.295,509.62,509.925,36993.0,703.0,510.005946
2024-04-29 17:00:00+00:00,509.94,510.5,509.63,510.23,31307.0,520.0,510.254687
2024-04-29 18:00:00+00:00,510.125,510.125,508.66,509.59,43897.0,622.0,509.456954
2024-04-29 19:00:00+00:00,509.14,510.1,507.34,510.07,187752.0,1611.0,508.910394
2024-04-29 20:00:00+00:00,510.33,510.33,510.06,510.06,5920.0,10.0,510.082805
2024-04-30 13:00:00+00:00,508.33,509.495,508.21,509.125,75289.0,785.0,508.897854
2024-04-30 14:00:00+00:00,509.32,509.52,508.11,508.595,52054.0,884.0,508.857367
2024-04-30 15:00:00+00:00,508.63,508.63,506.05,506.595,108881.0,1205.0,506.852294
2024-04-30 16:00:00+00:00,506.57,507.0,504.82,505.335,102772.0,1431.0,505.721917
2024-04-30 17:00:00+00:00,505.28,506.205,504.71,506.12,82942.0,1260.0,505.4626
2024-04-30 18:00:00+00:00,506.105,506.54,504.45,504.83,103368.0,1587.0,505.387329
2024-04-30 19:00:00+00:00,504.795,505.265,502.07,502.26,217712.0,2408.0,503.945005
2024-04-30 20:00:00+00:00,502.1,502.12,501.06,501.64,1540.0,6.0,501.670667
2024-05-01 12:00:00+00:00,500.97,500.97,500.97,500.97,100.0,1.0,500.97
2024-05-01 13:00:00+00:00,501.38,501.795,500.45,500.87,49095.0,490.0,501.017709
2024-05-01 14:00:00+00:00,500.83,501.555,500.09,501.345,69057.0,999.0,500.785554
2024-05-01 15:00:00+00:00,501.265,501.445,500.075,500.385,68437.0,953.0,500.625502
2024-05-01 16:00:00+00:00,500.18,501.07,499.89,500.355,61266.0,1028.0,500.708733
2024-05-01 17:00:00+00:00,500.48,501.345,500.0,501.01,42804.0,942.0,500.758012
2024-05-01 18:00:00+00:00,501.6,507.38,500.82,506.95,306767.0,1919.0,503.466148
2024-05-01 19:00:00+00:00,507.55,508.17,500.08,500.11,354565.0,2279.0,502.600266
2024-05-01 20:00:00+00:00,500.35,500.35,500.35,500.35,1710.0,2.0,500.35
2024-05-02 13:00:00+00:00,504.155,504.57,501.7,502.055,64907.0,716.0,502.77818
2024-05-02 14:00:00+00:00,501.98,502.615,499.6,502.46,60682.0,682.0,501.465869
2024-05-02 15:00:00+00:00,502.435,503.075,501.445,502.76,44106.0,705.0,502.550689
2024-05-02 16:00:00+00:00,502.815,502.815,501.38,502.26,45050.0,744.0,502.11933
2024-05-02 17:00:00+00:00,502.385,504.345,502.375,503.835,50483.0,633.0,503.63404
2024-05-02 18:00:00+00:00,503.835,505.53,503.69,505.455,47906.0,747.0,504.567196
2024-05-02 19:00:00+00:00,505.44,505.86,503.88,505.03,207729.0,1698.0,504.834271
2024-05-02 20:00:00+00:00,504.99,505.01,504.99,505.01,500.0,2.0,505.006
2024-05-03 12:00:00+00:00,510.53,510.53,510.53,510.53,100.0,1.0,510.53
2024-05-03 13:00:00+00:00,511.16,511.9,509.755,511.55,112445.0,1096.0,511.117448
2024-05-03 14:00:00+00:00,512.0,512.54,508.67,509.175,173304.0,1408.0,510.164035
2024-05-03 15:00:00+00:00,509.21,510.815,508.595,510.615,59961.0,897.0,510.019903
2024-05-03 16:00:00+00:00,510.55,511.385,510.435,510.665,77533.0,1103.0,510.866196
2024-05-03 17:00:00+00:00,510.685,511.59,510.685,511.41,51568.0,879.0,511.15734
2024-05-03 18:00:00+00:00,511.34,511.965,511.34,511.545,57624.0,917.0,511.702358
2024-05-03 19:00:00+00:00,511.505,511.82,511.16,511.25,219607.0,2201.0,511.415243
2024-05-06 13:00:00+00:00,513.775,514.34,513.3,514.195,131654.0,1368.0,513.89095
2024-05-06 14:00:00+00:00,514.21,514.635,514.05,514.255,119508.0,1766.0,514.313004
2024-05-06 15:00:00+00:00,514.315,514.505,513.92,514.36,77985.0,1350.0,514.172554
2024-05-06 16:00:00+00:00,514.35,514.68,513.72,514.68,79738.0,1462.0,514.248241
2024-05-06 17:00:00+00:00,514.68,515.02,514.3,514.885,65396.0,1026.0,514.6904
2024-05-06 18:00:00+00:00,514.885,515.76,514.825,515.415,70518.0,1134.0,515.30513
2024-05-06 19:00:00+00:00,515.395,516.59,514.89,516.54,269535.0,3021.0,515.731397
2024-05-06 20:00:00+00:00,516.54,516.54,516.34,516.34,6805.0,8.0,516.451029
2024-05-07 13:00:00+00:00,517.55,517.895,517.17,517.17,58404.0,649.0,517.475582
2024-05-07 14:00:00+00:00,517.23,518.225,517.01,518.08,101865.0,1229.0,517.513121
2024-05-07 15:00:00+00:00,518.175,518.28,517.7,518.06,92756.0,1501.0,518.068525
2024-05-07 16:00:00+00:00,518.055,518.28,517.63,517.875,53407.0,1000.0,518.003188
2024-05-07 17:00:00+00:00,518.015,518.56,516.89,517.0,75212.0,1157.0,517.871761
2024-05-07 18:00:00+00:00,517.06,517.41,516.47,517.0,77648.0,1125.0,516.915929
2024-05-07 19:00:00+00:00,516.965,517.84,516.755,517.255,399184.0,2370.0,517.502253
2024-05-08 13:00:00+00:00,515.625,516.48,515.33,516.48,51846.0,570.0,516.088295
2024-05-08 14:00:00+00:00,516.42,517.675,516.1,517.355,71327.0,639.0,516.980811
2024-05-08 15:00:00+00:00,517.45,517.675,516.675,516.8,39850.0,441.0,517.08342
2024-05-08 16:00:00+00:00,516.8,517.07,516.27,516.6,28167.0,437.0,516.738009
2024-05-08 17:00:00+00:00,516.54,517.045,516.16,517.04,37409.0,538.0,516.503043
2024-05-08 18:00:00+00:00,517.09,517.385,516.94,517.005,32851.0,517.0,517.172755
2024-05-08 19:00:00+00:00,516.945,517.69,516.68,517.2,180232.0,1782.0,517.42908
2024-05-08 20:00:00+00:00,517.2,517.2,517.1,517.1,2356.0,4.0,517.176087
2024-05-09 13:00:00+00:00,517.435,517.78,516.715,517.55,94941.0,629.0,517.228545
2024-05-09 14:00:00+00:00,517.58,519.265,517.52,519.145,124914.0,1248.0,518.33625
2024-05-09 15:00:00+00:00,519.18,519.51,518.39,518.5,64055.0,870.0,519.095223
2024-05-09 16:00:00+00:00,518.465,519.34,518.42,519.215,55170.0,658.0,518.804836
2024-05-09 17:00:00+00:00,519.215,519.61,518.82,519.205,59934.0,785.0,519.316374
2024-05-09 18:00:00+00:00,519.16,520.04,518.945,519.885,56415.0,819.0,519.532114
2024-05-09 19:00:00+00:00,519.845,520.195,519.585,520.16,330985.0,2025.0,519.955934
2024-05-09 20:00:00+00:00,520.16,520.56,520.06,520.56,7422.0,7.0,520.298146
2024-05-10 12:00:00+00:00,521.52,521.52,521.52,521.52,100.0,1.0,521.52
2024-05-10 13:00:00+00:00,521.8,522.62,521.365,522.39,100469.0,1036.0,522.06523
2024-05-10 14:00:00+00:00,522.35,522.35,520.01,520.485,129655.0,1423.0,521.207443
2024-05-10 15:00:00+00:00,520.495,520.625,519.67,520.365,67343.0,1025.0,520.295752
2024-05-10 16:00:00+00:00,520.265,520.765,519.89,520.53,103395.0,1210.0,520.503163
2024-05-10 17:00:00+00:00,520.525,520.82,519.91,520.79,52466.0,829.0,520.353606
2024-05-10 18:00:00+00:00,520.745,520.92,520.12,520.92,57108.0,830.0,520.636404
2024-05-10 19:00:00+00:00,520.74,521.33,520.65,520.81,174968.0,1910.0,521.116041
2024-05-10 20:00:00+00:00,520.67,520.81,520.62,520.78,8601.0,13.0,520.728944
2024-05-13 13:00:00+00:00,522.615,522.615,521.11,521.68,82221.0,730.0,521.726625
2024-05-13 14:00:00+00:00,521.695,521.82,521.13,521.22,77190.0,967.0,521.547373
2024-05-13 15:00:00+00:00,521.27,521.46,520.54,521.05,62625.0,950.0,521.059504
2024-05-13 16:00:00+00:00,521.095,521.37,521.02,521.02,49566.0,985.0,521.219592
2024-05-13 17:00:00+00:00,520.82,520.95,519.77,520.64,46511.0,744.0,520.522844
2024-05-13 18:00:00+00:00,520.565,520.975,520.315,520.9,54083.0,717.0,520.747758
2024-05-13 19:00:00+00:00,520.865,521.13,520.47,520.925,183383.0,1592.0,520.85397
2024-05-13 20:00:00+00:00,521.04,521.04,520.57,520.61,6029.0,16.0,520.833905
2024-05-14 12:00:00+00:00,520.64,520.64,520.64,520.64,200.0,2.0,520.64
2024-05-14 13:00:00+00:00,521.185,521.67,520.93,521.345,81582.0,424.0,521.409914
2024-05-14 14:00:00+00:00,521.26,522.355,520.66,521.765,91745.0,809.0,521.573215
2024-05-14 15:00:00+00:00,521.85,522.11,521.025,521.085,32099.0,556.0,521.627464
2024-05-14 16:00:00+00:00,521.045,521.3,520.68,520.95,90290.0,733.0,520.961185
2024-05-14 17:00:00+00:00,521.0,521.415,520.615,521.275,47198.0,597.0,521.048578
2024-05-14 18:00:00+00:00,521.255,523.51,521.25,523.27,117238.0,1191.0,522.642337
2024-05-14 19:00:00+00:00,523.275,523.83,523.02,523.275,248467.0,2363.0,523.518141
2024-05-14 20:00:00+00:00,523.38,523.38,523.16,523.16,4352.0,4.0,523.291066
2024-05-15 13:00:00+00:00,525.77,526.73,525.22,525.71,69331.0,671.0,525.970214
2024-05-15 14:00:00+00:00,525.725,527.24,525.65,527.15,121050.0,1052.0,526.604135
2024-05-15 15:00:00+00:00,527.21,528.16,527.16,527.89,81027.0,912.0,527.875291
2024-05-15 16:00:00+00:00,527.84,528.59,527.415,528.44,81253.0,946.0,528.047665
2024-05-15 17:00:00+00:00,528.555,528.98,528.34,528.95,61596.0,948.0,528.677698
2024-05-15 18:00:00+00:00,528.92,529.43,528.61,529.0,83116.0,1182.0,528.986156
2024-05-15 19:00:00+00:00,528.98,530.07,528.7,529.8,365797.0,2735.0,529.598646
2024-05-15 20:00:00+00:00,529.16,529.16,528.97,529.09,5840.0,7.0,529.090171
2024-05-16 12:00:00+00:00,530.18,530.18,530.18,530.18,300.0,2.0,530.18
2024-05-16 13:00:00+00:00,529.88,530.3,529.88,530.17,77904.0,383.0,530.094673
2024-05-16 14:00:00+00:00,530.16,531.4,529.6,531.355,68117.0,740.0,530.582027
2024-05-16 15:00:00+00:00,531.44,531.445,530.54,530.94,64637.0,633.0,530.94335
2024-05-16 16:00:00+00:00,530.77,530.77,530.195,530.72,48867.0,552.0,530.535676
2024-05-16 17:00:00+00:00,530.725,530.835,529.35,529.99,68510.0,794.0,530.033261
2024-05-16 18:00:00+00:00,530.055,530.085,529.025,530.08,55173.0,932.0,529.718403
2024-05-16 19:00:00+00:00,530.105,530.195,528.55,528.83,286455.0,2591.0,529.427422
2024-05-16 20:00:00+00:00,528.55,528.55,528.49,528.49,700.0,4.0,528.51
2024-05-17 13:00:00+00:00,528.93,529.125,528.365,528.745,21063.0,218.0,528.80204
2024-05-17 14:00:00+00:00,528.72,529.285,528.39,529.105,92498.0,711.0,529.076362
2024-05-17 15:00:00+00:00,529.03,529.05,528.3,528.82,36264.0,593.0,528.640652
2024-05-17 16:00:00+00:00,528.85,528.91,528.19,528.72,37346.0,640.0,528.638667
2024-05-17 17:00:00+00:00,528.765,528.89,528.51,528.715,81243.0,666.0,528.778402
2024-05-17 18:00:00+00:00,528.645,528.92,527.395,528.79,60780.0,975.0,528.21675
2024-05-17 19:00:00+00:00,528.8,529.51,528.685,529.51,328075.0,1782.0,529.200139
2024-05-17 20:00:00+00:00,529.18,529.29,529.11,529.24,7700.0,11.0,529.192208
2024-05-20 13:00:00+00:00,529.56,531.2,529.51,531.14,60986.0,724.0,530.388844
2024-05-20 14:00:00+00:00,531.15,531.42,530.71,531.245,67524.0,794.0,531.152627
2024-05-20 15:00:00+00:00,531.185,531.56,530.85,530.99,58499.0,932.0,531.147738
2024-05-20 16:00:00+00:00,531.01,531.205,530.66,531.19,36967.0,670.0,530.93932
2024-05-20 17:00:00+00:00,531.2,531.28,530.06,530.255,60253.0,765.0,530.614867
2024-05-20 18:00:00+00:00,530.24,530.44,529.17,529.925,71938.0,837.0,530.012044
2024-05-20 19:00:00+00:00,529.895,530.39,529.52,530.05,319227.0,1520.0,529.888997
2024-05-20 20:00:00+00:00,530.14,530.14,529.73,529.78,44297.0,60.0,529.948104
2024-05-21 13:00:00+00:00,529.31,529.68,529.15,529.51,37535.0,463.0,529.49218
2024-05-21 14:00:00+00:00,529.595,530.59,529.585,530.34,61299.0,863.0,530.114404
2024-05-21 15:00:00+00:00,530.32,530.72,529.83,529.95,66877.0,736.0,530.361565
2024-05-21 16:00:00+00:00,529.97,530.29,529.82,529.885,106727.0,1129.0,530.038409
2024-05-21 17:00:00+00:00,529.93,530.75,529.65,530.745,77891.0,860.0,530.33694
2024-05-21 18:00:00+00:00,530.76,530.78,530.21,530.365,37656.0,660.0,530.468934
2024-05-21 19:00:00+00:00,530.42,531.5,530.305,531.34,238563.0,1589.0,531.160822
2024-05-21 20:00:00+00:00,531.08,531.16,531.06,531.15,4615.0,5.0,531.120477
2024-05-22 13:00:00+00:00,530.71,531.165,530.65,531.15,38880.0,459.0,530.961833
2024-05-22 14:00:00+00:00,531.27,531.27,530.8,531.16,51458.0,565.0,531.047513
2024-05-22 15:00:00+00:00,531.125,531.34,530.27,530.69,43125.0,495.0,531.014129
2024-05-22 16:00:00+00:00,530.695,531.15,530.695,530.845,34921.0,379.0,530.955024
2024-05-22 17:00:00+00:00,530.87,531.235,529.465,529.955,124489.0,789.0,530.065756
2024-05-22 18:00:00+00:00,529.62,529.88,527.6,528.6,86074.0,851.0,528.59688
2024-05-22 19:00:00+00:00,528.53,529.83,528.01,529.8,156703.0,1248.0,528.903592
2024-05-22 20:00:00+00:00,529.62,530.2,529.62,530.2,200.0,2.0,529.91
2024-05-23 13:00:00+00:00,532.96,533.04,529.55,529.92,109424.0,930.0,531.352928
2024-05-23 14:00:00+00:00,529.865,530.98,529.05,529.06,83330.0,839.0,529.845902
2024-05-23 15:00:00+00:00,529.01,531.38,528.995,531.09,147668.0,842.0,530.721626
2024-05-23 16:00:00+00:00,531.085,531.345,529.565,529.59,47307.0,456.0,530.62244
2024-05-23 17:00:00+00:00,529.56,529.835,526.68,526.7,80255.0,695.0,528.592174
2024-05-23 18:00:00+00:00,526.57,526.82,524.865,524.865,160276.0,1281.0,525.796051
2024-05-23 19:00:00+00:00,524.91,526.18,524.78,525.96,207201.0,1841.0,525.598465
2024-05-23 20:00:00+00:00,526.1,526.1,525.98,525.98,1097.0,4.0,526.038341
2024-05-24 13:00:00+00:00,527.87,528.095,526.89,527.33,117879.0,776.0,527.583915
2024-05-24 14:00:00+00:00,527.425,529.12,527.425,529.035,69681.0,714.0,528.271476
2024-05-24 15:00:00+00:00,529.075,530.24,528.91,529.45,83540.0,723.0,529.587505
2024-05-24 16:00:00+00:00,529.45,530.0,529.25,529.255,46857.0,561.0,529.572302
2024-05-24 17:00:00+00:00,529.28,529.84,529.11,529.535,80033.0,476.0,529.512503
2024-05-24 18:00:00+00:00,529.52,530.09,529.07,529.12,73511.0,655.0,529.630704
2024-05-24 19:00:00+00:00,529.055,529.55,528.42,529.46,158882.0,1462.0,529.073234
2024-05-24 20:00:00+00:00,529.63,529.63,529.42,529.47,19147.0,31.0,529.451804
2024-05-28 13:00:00+00:00,530.32,530.51,529.16,529.27,74420.0,532.0,529.87066
2024-05-28 14:00:00+00:00,529.255,530.08,529.02,529.89,75102.0,1043.0,529.533977
2024-05-28 15:00:00+00:00,529.9,530.09,529.415,530.01,47608.0,856.0,529.790445
2024-05-28 16:00:00+00:00,530.04,530.28,529.65,529.735,45087.0,994.0,529.96692
2024-05-28 17:00:00+00:00,529.76,529.885,528.51,528.82,73142.0,1062.0,529.338665
2024-05-28 18:00:00+00:00,528.725,529.345,527.11,528.23,107835.0,1299.0,528.106327
2024-05-28 19:00:00+00:00,528.215,529.9,528.105,529.88,312121.0,2096.0,529.244409
2024-05-28 20:00:00+00:00,530.14,530.14,529.79,529.79,6220.0,27.0,529.820466
2024-05-29 13:00:00+00:00,525.63,526.41,525.435,526.23,77047.0,799.0,525.85405
2024-05-29 14:00:00+00:00,526.19,527.295,525.92,526.98,111083.0,956.0,526.677822
2024-05-29 15:00:00+00:00,526.92,526.98,526.06,526.46,75962.0,745.0,526.393757
2024-05-29 16:00:00+00:00,526.5,527.3,526.02,527.08,92407.0,763.0,526.505419
2024-05-29 17:00:00+00:00,526.89,527.155,526.195,527.155,53050.0,569.0,526.59155
2024-05-29 18:00:00+00:00,527.03,527.11,526.07,526.17,61584.0,877.0,526.528947
2024-05-29 19:00:00+00:00,526.15,527.18,525.57,526.12,273153.0,1952.0,526.082518
2024-05-29 20:00:00+00:00,525.39,525.39,525.39,525.39,663.0,1.0,525.39
2024-05-30 13:00:00+00:00,524.31,524.945,523.925,524.59,67489.0,507.0,524.371564
2024-05-30 14:00:00+00:00,524.48,524.75,523.125,523.43,114537.0,1354.0,523.889559
2024-05-30 15:00:00+00:00,523.42,524.38,523.035,523.71,78298.0,1013.0,523.83114
2024-05-30 16:00:00+00:00,523.715,524.615,523.715,524.575,57807.0,994.0,524.310961
2024-05-30 17:00:00+00:00,524.635,525.2,524.525,524.785,46699.0,705.0,524.853828
2024-05-30 18:00:00+00:00,524.67,524.825,523.64,524.07,60693.0,758.0,524.103517
2024-05-30 19:00:00+00:00,524.09,524.19,521.345,522.65,397195.0,2654.0,522.669007
2024-05-30 20:00:00+00:00,522.42,522.42,522.42,522.42,400.0,1.0,522.42
2024-05-31 13:00:00+00:00,523.63,524.745,523.07,523.145,59831.0,465.0,523.679566
2024-05-31 14:00:00+00:00,523.19,523.205,520.29,520.87,188422.0,1150.0,521.513795
2024-05-31 15:00:00+00:00,520.885,520.9,519.58,519.73,69409.0,656.0,520.137607
2024-05-31 16:00:00+00:00,519.67,519.75,518.44,519.525,109002.0,783.0,519.161669
2024-05-31 17:00:00+00:00,519.53,521.03,519.53,520.795,77925.0,595.0,520.505544
2024-05-31 18:00:00+00:00,520.85,521.775,520.6,521.475,62528.0,685.0,521.105755
2024-05-31 19:00:00+00:00,521.465,527.45,521.035,527.335,841322.0,3175.0,525.918568
2024-05-31 20:00:00+00:00,527.37,527.37,527.37,527.37,600.0,3.0,527.37
2024-06-03 13:00:00+00:00,529.05,529.15,527.4,527.98,96452.0,833.0,528.592811
2024-06-03 14:00:00+00:00,527.92,528.95,525.71,526.025,152632.0,1107.0,527.216629
2024-06-03 15:00:00+00:00,526.03,526.66,525.4,526.02,31023.0,232.0,525.91939
2024-06-03 16:00:00+00:00,526.245,526.245,523.35,523.83,35282.0,298.0,524.189779
2024-06-03 17:00:00+00:00,523.605,525.56,522.695,525.06,30105.0,522.0,524.113031
2024-06-03 18:00:00+00:00,525.23,526.085,524.71,525.755,35705.0,516.0,525.539569
2024-06-03 19:00:00+00:00,525.77,527.8,525.61,527.77,178417.0,1589.0,526.889785
2024-06-03 20:00:00+00:00,527.7,527.82,527.7,527.82,30200.0,46.0,527.802882
2024-06-04 13:00:00+00:00,526.545,526.78,525.805,526.35,70942.0,509.0,526.459818
2024-06-04 14:00:00+00:00,526.64,527.65,525.74,525.96,108366.0,968.0,526.78884
2024-06-04 15:00:00+00:00,525.94,526.53,525.14,525.255,62658.0,661.0,525.907307
2024-06-04 16:00:00+00:00,525.33,526.92,524.97,526.425,74819.0,728.0,525.98099
2024-06-04 17:00:00+00:00,526.465,527.085,525.705,526.835,40303.0,533.0,526.555215
2024-06-04 18:00:00+00:00,526.81,529.125,526.735,528.46,104155.0,1023.0,528.021094
2024-06-04 19:00:00+00:00,528.36,528.545,526.625,528.35,104719.0,1238.0,527.926725
2024-06-05 13:00:00+00:00,530.79,530.79,529.51,529.96,95160.0,982.0,530.254685
2024-06-05 14:00:00+00:00,529.7,531.06,528.84,530.955,167348.0,1259.0,530.129313
2024-06-05 15:00:00+00:00,531.035,532.41,531.01,532.06,90839.0,946.0,531.831998
2024-06-05 16:00:00+00:00,532.025,532.805,531.795,532.655,78591.0,879.0,532.258871
2024-06-05 17:00:00+00:00,532.655,533.23,532.2,533.23,60003.0,836.0,532.753022
2024-06-05 18:00:00+00:00,533.235,533.995,533.035,533.88,103602.0,1262.0,533.650439
2024-06-05 19:00:00+00:00,533.8,534.665,533.33,534.65,235994.0,2413.0,534.142621
2024-06-05 20:00:00+00:00,534.39,534.39,534.17,534.17,10400.0,10.0,534.3275
2024-06-06 13:00:00+00:00,534.9,535.405,534.4,534.4,98337.0,699.0,535.070565
2024-06-06 14:00:00+00:00,534.36,535.18,534.36,534.47,114873.0,929.0,534.764421
2024-06-06 15:00:00+00:00,534.575,534.745,534.085,534.1,79054.0,992.0,534.433976
2024-06-06 16:00:00+00:00,534.15,534.24,533.27,533.435,74993.0,753.0,533.746434
2024-06-06 17:00:00+00:00,533.425,534.45,533.305,534.165,79523.0,795.0,533.993592
2024-06-06 18:00:00+00:00,534.18,534.56,532.7,534.42,86603.0,855.0,533.509217
2024-06-06 19:00:00+00:00,534.405,534.63,534.005,534.63,123932.0,1581.0,534.381908
2024-06-07 13:00:00+00:00,533.3,534.28,532.56,533.895,48756.0,596.0,533.493583
2024-06-07 14:00:00+00:00,534.06,536.39,534.025,535.3,144127.0,1412.0,534.818108
2024-06-07 15:00:00+00:00,535.075,535.395,534.09,535.22,39116.0,579.0,534.830119
2024-06-07 16:00:00+00:00,535.035,536.34,534.84,536.305,54699.0,623.0,535.65482
2024-06-07 17:00:00+00:00,536.3,536.86,535.76,535.88,106768.0,855.0,536.372914
2024-06-07 18:00:00+00:00,535.84,535.85,533.51,535.09,75670.0,867.0,534.550667
2024-06-07 19:00:00+00:00,534.76,535.27,533.75,534.01,155526.0,1370.0,534.295479
2024-06-10 13:00:00+00:00,533.25,533.25,532.615,533.11,45428.0,439.0,532.899952
2024-06-10 14:00:00+00:00,533.105,533.885,533.03,533.74,111547.0,772.0,533.547484
2024-06-10 15:00:00+00:00,533.755,535.03,533.755,534.71,148846.0,1129.0,534.52333
2024-06-10 16:00:00+00:00,534.645,535.125,534.595,534.85,30395.0,479.0,534.788551
2024-06-10 17:00:00+00:00,534.855,535.58,534.245,535.305,54892.0,573.0,534.858609
2024-06-10 18:00:00+00:00,535.305,535.52,534.315,535.03,55541.0,839.0,534.772967
2024-06-10 19:00:00+00:00,535.005,535.94,534.735,535.705,389029.0,2129.0,535.421412
2024-06-11 13:00:00+00:00,534.08,534.08,532.125,532.755,54432.0,760.0,533.132266
2024-06-11 14:00:00+00:00,532.745,534.66,532.59,534.65,72425.0,806.0,533.499907
2024-06-11 15:00:00+00:00,534.735,534.76,533.7,533.87,78491.0,1205.0,534.257486
2024-06-11 16:00:00+00:00,533.725,534.25,533.57,534.13,34421.0,947.0,533.926654
2024-06-11 17:00:00+00:00,533.87,535.24,533.79,535.18,102801.0,1497.0,534.730391
2024-06-11 18:00:00+00:00,535.125,536.6,534.96,536.06,46181.0,1276.0,535.879602
2024-06-11 19:00:00+00:00,536.315,537.01,535.62,537.01,98719.0,1665.0,536.236722
2024-06-12 12:00:00+00:00,541.28,541.34,541.28,541.28,398.0,4.0,541.3
2024-06-12 13:00:00+00:00,541.625,542.92,541.225,542.625,132669.0,1006.0,542.146751
2024-06-12 14:00:00+00:00,542.68,543.945,542.56,542.9,136321.0,1096.0,543.273658
2024-06-12 15:00:00+00:00,543.03,543.395,542.595,542.88,48465.0,741.0,543.004881
2024-06-12 16:00:00+00:00,542.825,543.12,542.48,542.8,47339.0,790.0,542.759726
2024-06-12 17:00:00+00:00,542.82,543.34,542.27,542.61,67219.0,956.0,542.730319
2024-06-12 18:00:00+00:00,541.535,543.05,540.98,542.6,133211.0,1335.0,542.028325
2024-06-12 19:00:00+00:00,542.485,544.03,540.36,541.28,279813.0,2992.0,541.940827
2024-06-12 20:00:00+00:00,541.26,541.36,541.15,541.15,18868.0,75.0,541.332016
2024-06-13 13:00:00+00:00,543.12,543.15,541.8,541.89,90726.0,753.0,542.571526
2024-06-13 14:00:00+00:00,542.12,542.26,540.435,540.56,79001.0,1020.0,541.096559
2024-06-13 15:00:00+00:00,540.57,541.63,540.265,541.2,59773.0,1211.0,541.078744
2024-06-13 16:00:00+00:00,540.945,540.96,539.71,540.71,72491.0,1169.0,540.484113
2024-06-13 17:00:00+00:00,540.74,541.95,540.74,541.67,42022.0,818.0,541.47105
2024-06-13 18:00:00+00:00,541.645,542.58,541.34,542.5,66628.0,938.0,542.125555
2024-06-13 19:00:00+00:00,542.38,543.3,542.21,542.35,196891.0,2074.0,542.767047
2024-06-13 20:00:00+00:00,542.41,542.52,542.41,542.45,23158.0,42.0,542.453587
2024-06-14 12:00:00+00:00,540.15,540.15,540.15,540.15,100.0,1.0,540.15
2024-06-14 13:00:00+00:00,540.89,541.595,540.69,541.48,62836.0,647.0,541.22495
2024-06-14 14:00:00+00:00,541.1,541.26,539.87,541.195,124821.0,1014.0,540.581988
2024-06-14 15:00:00+00:00,541.19,541.75,540.31,541.44,46438.0,619.0,541.060471
2024-06-14 16:00:00+00:00,541.31,541.875,540.935,541.74,70441.0,824.0,541.456837
2024-06-14 17:00:00+00:00,541.91,542.35,541.55,541.775,51673.0,730.0,541.99534
2024-06-14 18:00:00+00:00,541.77,542.32,541.26,542.085,54063.0,880.0,541.692002
2024-06-14 19:00:00+00:00,542.045,542.79,541.92,542.79,197172.0,1544.0,542.339128
2024-06-14 20:00:00+00:00,542.65,542.65,542.65,542.65,100.0,1.0,542.65
2024-06-17 13:00:00+00:00,542.075,542.44,541.61,542.12,41959.0,471.0,542.059463
2024-06-17 14:00:00+00:00,542.105,542.97,541.9,542.84,76327.0,715.0,542.581839
2024-06-17 15:00:00+00:00,542.985,543.96,542.985,543.68,62318.0,766.0,543.60908
2024-06-17 16:00:00+00:00,543.795,545.885,543.755,545.47,73069.0,820.0,544.795107
2024-06-17 17:00:00+00:00,545.58,547.51,545.54,547.41,96089.0,1213.0,546.677925
2024-06-17 18:00:00+00:00,547.41,548.41,547.41,547.705,88463.0,1142.0,547.848259
2024-06-17 19:00:00+00:00,547.77,548.35,546.76,547.05,272092.0,2727.0,547.3001
2024-06-17 20:00:00+00:00,547.02,547.02,547.02,547.02,100.0,1.0,547.02
2024-06-18 13:00:00+00:00,547.14,548.205,547.13,547.485,86474.0,983.0,547.81934
2024-06-18 14:00:00+00:00,547.505,547.89,546.99,547.075,50895.0,985.0,547.565264
2024-06-18 15:00:00+00:00,547.125,547.79,546.755,547.79,36356.0,927.0,547.221265
2024-06-18 16:00:00+00:00,547.775,548.05,547.23,547.905,41552.0,991.0,547.684259
2024-06-18 17:00:00+00:00,547.84,548.54,547.52,548.24,58403.0,1233.0,548.10944
2024-06-18 18:00:00+00:00,548.1,548.125,547.145,548.015,59973.0,1519.0,547.810822
2024-06-18 19:00:00+00:00,548.015,548.5,547.42,548.48,223323.0,2189.0,548.172458
2024-06-18 20:00:00+00:00,548.34,548.51,548.18,548.51,5541.0,24.0,548.324635
2024-06-20 13:00:00+00:00,549.425,550.11,548.83,549.605,56976.0,704.0,549.489147
2024-06-20 14:00:00+00:00,549.6,549.8,548.41,549.23,103467.0,1330.0,549.040505
2024-06-20 15:00:00+00:00,549.24,549.52,548.35,548.36,56760.0,1218.0,548.937901
2024-06-20 16:00:00+00:00,548.325,548.635,546.05,547.18,133455.0,1872.0,547.35284
2024-06-20 17:00:00+00:00,547.185,547.185,545.23,546.97,130196.0,1536.0,546.132081
2024-06-20 18:00:00+00:00,547.0,548.17,547.0,547.22,67003.0,1086.0,547.559612
2024-06-20 19:00:00+00:00,547.14,547.75,545.865,547.03,368619.0,2537.0,547.022066
2024-06-20 20:00:00+00:00,546.68,546.68,546.68,546.68,507.0,2.0,546.68
2024-06-21 13:00:00+00:00,544.36,544.86,543.05,543.82,125041.0,1033.0,544.023059
2024-06-21 14:00:00+00:00,543.975,544.88,543.8,544.785,100861.0,971.0,544.233406
2024-06-21 15:00:00+00:00,544.795,545.53,544.03,545.53,75611.0,1035.0,544.850766
2024-06-21 16:00:00+00:00,545.59,545.63,544.475,544.575,79316.0,1102.0,545.111488
2024-06-21 17:00:00+00:00,544.54,544.82,543.61,543.965,88060.0,1111.0,544.093368
2024-06-21 18:00:00+00:00,543.965,544.74,543.78,544.23,83624.0,1170.0,544.274878
2024-06-21 19:00:00+00:00,544.34,545.21,544.09,544.09,502147.0,3329.0,544.527225
2024-06-24 13:00:00+00:00,544.37,545.8,543.82,545.66,75628.0,730.0,544.466199
2024-06-24 14:00:00+00:00,545.61,546.94,544.82,545.98,211778.0,1334.0,546.177563
2024-06-24 15:00:00+00:00,546.01,546.3,545.56,546.1,61669.0,677.0,546.006988
2024-06-24 16:00:00+00:00,546.145,546.205,544.88,545.035,41189.0,623.0,545.670001
2024-06-24 17:00:00+00:00,545.22,545.25,543.675,543.97,53122.0,791.0,544.337376
2024-06-24 18:00:00+00:00,543.95,544.56,543.435,544.13,60166.0,877.0,543.989157
2024-06-24 19:00:00+00:00,544.315,544.61,542.65,542.71,281488.0,1640.0,543.340803
2024-06-24 20:00:00+00:00,542.74,542.74,542.74,542.74,3990.0,13.0,542.74
2024-06-25 13:00:00+00:00,543.77,543.8,543.13,543.28,45234.0,460.0,543.580934
2024-06-25 14:00:00+00:00,543.43,544.235,543.43,543.675,33995.0,498.0,543.838584
2024-06-25 15:00:00+00:00,543.69,544.46,543.545,544.345,34669.0,781.0,544.054002
2024-06-25 16:00:00+00:00,544.295,544.315,542.705,542.9,28584.0,647.0,543.581243
2024-06-25 17:00:00+00:00,542.85,544.07,542.505,543.965,28375.0,468.0,543.37117
2024-06-25 18:00:00+00:00,543.995,544.845,543.835,544.385,56516.0,602.0,544.332795
2024-06-25 19:00:00+00:00,544.315,545.2,544.24,544.775,185238.0,1327.0,544.821988
2024-06-26 13:00:00+00:00,543.6,544.35,543.21,543.865,31030.0,456.0,543.803858
2024-06-26 14:00:00+00:00,544.105,544.8,543.77,544.18,52649.0,562.0,544.272977
2024-06-26 15:00:00+00:00,544.295,545.37,543.22,545.24,39073.0,417.0,544.260795
2024-06-26 16:00:00+00:00,545.17,545.415,544.365,544.74,34942.0,429.0,544.992371
2024-06-26 17:00:00+00:00,544.73,544.93,544.105,544.93,26857.0,313.0,544.573187
2024-06-26 18:00:00+00:00,544.815,545.115,544.32,544.56,27023.0,455.0,544.692774
2024-06-26 19:00:00+00:00,544.59,546.22,544.19,545.585,125649.0,1396.0,545.421302
2024-06-26 20:00:00+00:00,544.59,545.04,544.59,545.04,400.0,4.0,544.72
2024-06-27 13:00:00+00:00,545.55,546.79,545.34,546.02,20166.0,218.0,545.927519
2024-06-27 14:00:00+00:00,546.16,546.805,545.645,545.75,34839.0,460.0,546.261347
2024-06-27 15:00:00+00:00,545.96,545.96,544.7,545.225,36087.0,591.0,545.401956
2024-06-27 16:00:00+00:00,545.25,546.075,545.12,545.67,40555.0,626.0,545.775866
2024-06-27 17:00:00+00:00,545.69,546.395,545.68,545.83,36210.0,572.0,546.033268
2024-06-27 18:00:00+00:00,545.78,545.78,544.635,545.37,36156.0,688.0,545.033442
2024-06-27 19:00:00+00:00,545.36,546.37,545.2,546.37,168061.0,1314.0,545.849302
2024-06-28 13:00:00+00:00,547.105,548.225,546.71,548.105,91703.0,681.0,547.408294
2024-06-28 14:00:00+00:00,548.08,550.26,548.08,548.635,166102.0,1250.0,549.489321
2024-06-28 15:00:00+00:00,548.375,548.375,547.3,547.715,158642.0,1130.0,547.807864
2024-06-28 16:00:00+00:00,547.705,547.785,545.525,546.35,119094.0,977.0,546.441145
2024-06-28 17:00:00+00:00,546.085,546.975,545.905,546.02,49396.0,680.0,546.397397
2024-06-28 18:00:00+00:00,545.99,546.485,544.98,545.035,68461.0,841.0,545.490245
2024-06-28 19:00:00+00:00,545.095,545.45,543.015,544.11,355719.0,2424.0,544.452334
2024-07-01 13:00:00+00:00,545.54,545.825,544.12,544.71,78878.0,613.0,545.02498
2024-07-01 14:00:00+00:00,545.24,545.44,542.53,543.515,148846.0,913.0,544.038558
2024-07-01 15:00:00+00:00,543.31,544.465,542.96,544.465,50207.0,657.0,543.895526
2024-07-01 16:00:00+00:00,544.34,545.355,544.015,544.99,89841.0,794.0,544.933231
2024-07-01 17:00:00+00:00,545.0,545.24,544.635,544.91,41770.0,557.0,544.990365
2024-07-01 18:00:00+00:00,544.925,545.66,544.48,544.82,94493.0,768.0,545.075371
2024-07-01 19:00:00+00:00,544.78,545.87,543.88,545.2,198813.0,1753.0,545.125358
2024-07-01 20:00:00+00:00,545.33,545.33,545.33,545.33,100.0,1.0,545.33
2024-07-02 13:00:00+00:00,543.74,545.6,543.685,545.205,38912.0,433.0,544.964324
2024-07-02 14:00:00+00:00,545.2,545.895,544.52,545.76,39774.0,625.0,545.394862
2024-07-02 15:00:00+00:00,545.715,546.46,545.52,545.795,31438.0,529.0,546.002474
2024-07-02 16:00:00+00:00,545.61,545.98,545.19,545.98,14828.0,448.0,545.651965
2024-07-02 17:00:00+00:00,545.98,547.47,545.955,547.275,39713.0,686.0,546.86293
2024-07-02 18:00:00+00:00,547.32,547.97,547.32,547.73,39090.0,807.0,547.690607
2024-07-02 19:00:00+00:00,547.64,548.97,547.55,548.97,156451.0,1538.0,548.389261
2024-07-02 20:00:00+00:00,548.42,548.42,548.3,548.3,400.0,4.0,548.33
2024-07-03 13:00:00+00:00,548.6,549.62,548.6,549.55,77709.0,833.0,549.381211
2024-07-03 14:00:00+00:00,549.69,550.03,548.9,549.82,134538.0,1887.0,549.662572
2024-07-03 15:00:00+00:00,549.82,550.43,549.51,550.385,81477.0,1383.0,550.04603
2024-07-03 16:00:00+00:00,550.4,551.825,550.33,551.24,263297.0,2533.0,551.185002
2024-07-03 17:00:00+00:00,551.46,551.46,551.46,551.46,100.0,1.0,551.46
2024-07-05 13:00:00+00:00,551.77,552.5,551.49,552.48,60960.0,840.0,552.124098
2024-07-05 14:00:00+00:00,552.53,552.83,551.28,552.34,44732.0,717.0,552.123947
2024-07-05 15:00:00+00:00,552.42,553.7,552.14,553.535,54443.0,819.0,552.947493
2024-07-05 16:00:00+00:00,553.56,553.72,553.12,553.51,20527.0,410.0,553.436819
2024-07-05 17:00:00+00:00,553.49,554.52,553.32,554.29,30263.0,601.0,553.979051
2024-07-05 18:00:00+00:00,554.35,554.385,553.88,554.34,43671.0,568.0,554.183378
2024-07-05 19:00:00+00:00,554.38,555.045,554.27,554.725,180737.0,1487.0,554.737758
2024-07-05 20:00:00+00:00,554.29,554.29,554.29,554.29,100.0,1.0,554.29
2024-07-08 13:00:00+00:00,555.35,556.23,555.35,555.96,51883.0,778.0,555.884239
2024-07-08 14:00:00+00:00,556.03,556.03,555.0,555.2,67023.0,1101.0,555.397343
2024-07-08 15:00:00+00:00,555.195,555.52,554.765,555.09,71543.0,1009.0,555.18485
2024-07-08 16:00:00+00:00,555.1,555.1,554.3,554.8,39379.0,751.0,554.684258
2024-07-08 17:00:00+00:00,554.79,555.325,554.51,555.2,46398.0,792.0,554.965796
2024-07-08 18:00:00+00:00,555.21,555.285,554.25,555.02,44647.0,861.0,554.946199
2024-07-08 19:00:00+00:00,554.955,555.545,554.515,555.245,182767.0,2066.0,555.006743
2024-07-08 20:00:00+00:00,555.32,555.55,555.32,555.43,9206.0,9.0,555.459022
2024-07-09 13:00:00+00:00,556.355,556.8,556.13,556.68,45798.0,546.0,556.437054
2024-07-09 14:00:00+00:00,556.69,556.89,555.74,556.43,54591.0,812.0,556.333413
2024-07-09 15:00:00+00:00,556.34,556.53,555.765,556.47,32871.0,641.0,556.191934
2024-07-09 16:00:00+00:00,556.51,556.77,556.12,556.595,20931.0,500.0,556.493588
2024-07-09 17:00:00+00:00,556.64,557.125,555.91,556.215,39738.0,568.0,556.426005
2024-07-09 18:00:00+00:00,556.075,556.16,555.66,555.885,51465.0,620.0,555.938759
2024-07-09 19:00:00+00:00,555.835,556.055,555.54,555.87,150596.0,1174.0,555.817091
2024-07-09 20:00:00+00:00,555.81,555.83,555.81,555.81,4500.0,3.0,555.816667
2024-07-10 13:00:00+00:00,557.13,557.33,556.815,557.215,42973.0,548.0,557.12641
2024-07-10 14:00:00+00:00,557.385,557.715,556.94,557.015,53226.0,819.0,557.301767
2024-07-10 15:00:00+00:00,557.005,557.94,556.795,557.89,56541.0,670.0,557.566745
2024-07-10 16:00:00+00:00,557.915,559.33,557.88,559.305,87455.0,814.0,558.782618
2024-07-10 17:00:00+00:00,559.31,559.83,559.16,559.805,34718.0,589.0,559.525464
2024-07-10 18:00:00+00:00,559.775,560.19,559.46,560.08,33761.0,416.0,559.799613
2024-07-10 19:00:00+00:00,560.0,561.665,559.83,561.24,238520.0,1867.0,561.035942
2024-07-10 20:00:00+00:00,561.21,561.21,560.98,561.08,17001.0,17.0,561.058557
2024-07-11 12:00:00+00:00,562.24,562.24,562.24,562.24,1000.0,1.0,562.24
2024-07-11 13:00:00+00:00,561.43,561.94,561.23,561.83,81873.0,995.0,561.582897
2024-07-11 14:00:00+00:00,561.835,562.3,558.43,558.43,170174.0,2024.0,560.163043
2024-07-11 15:00:00+00:00,558.45,559.195,556.45,556.74,117636.0,1541.0,557.449462
2024-07-11 16:00:00+00:00,556.75,557.77,556.05,556.375,92580.0,1306.0,556.713154
2024-07-11 17:00:00+00:00,556.48,557.115,555.85,555.93,69090.0,1142.0,556.474898
2024-07-11 18:00:00+00:00,555.96,557.27,555.85,557.13,62879.0,1023.0,556.766691
2024-07-11 19:00:00+00:00,557.16,557.55,556.42,556.42,307064.0,2320.0,557.010639
2024-07-12 12:00:00+00:00,557.5,557.5,557.5,557.5,300.0,2.0,557.5
2024-07-12 13:00:00+00:00,557.61,559.04,557.17,558.885,63890.0,702.0,557.866717
2024-07-12 14:00:00+00:00,558.865,561.35,558.685,561.195,91762.0,1349.0,560.066663
2024-07-12 15:00:00+00:00,561.15,561.76,560.935,561.015,77294.0,1067.0,561.499126
2024-07-12 16:00:00+00:00,560.625,561.655,560.23,561.65,59216.0,919.0,560.733813
2024-07-12 17:00:00+00:00,561.54,563.64,561.54,563.005,74499.0,985.0,562.614099
2024-07-12 18:00:00+00:00,563.02,563.4,562.615,563.255,53642.0,884.0,563.05886
2024-07-12 19:00:00+00:00,563.23,563.29,558.97,559.91,250979.0,1790.0,560.307828
2024-07-15 13:00:00+00:00,562.18,562.81,561.43,561.93,83854.0,720.0,562.072882
2024-07-15 14:00:00+00:00,562.04,563.725,562.04,563.66,50167.0,639.0,562.815891
2024-07-15 15:00:00+00:00,563.615,564.755,563.155,563.73,63302.0,693.0,563.90012
2024-07-15 16:00:00+00:00,563.715,563.725,562.235,562.55,56667.0,637.0,562.73945
2024-07-15 17:00:00+00:00,562.46,562.5,560.825,561.07,46576.0,547.0,561.699387
2024-07-15 18:00:00+00:00,561.05,562.43,560.75,562.165,40520.0,553.0,561.532646
2024-07-15 19:00:00+00:00,562.185,562.55,559.64,561.52,212952.0,1605.0,561.26188
2024-07-15 20:00:00+00:00,561.53,561.53,561.53,561.53,27533.0,79.0,561.53
2024-07-16 13:00:00+00:00,562.96,563.595,562.78,563.05,47585.0,717.0,563.2527
2024-07-16 14:00:00+00:00,563.23,563.685,562.12,563.24,72501.0,963.0,562.757872
2024-07-16 15:00:00+00:00,563.225,564.47,562.805,563.11,36340.0,623.0,563.570898
2024-07-16 16:00:00+00:00,563.17,563.59,562.29,563.59,28772.0,607.0,562.835374
2024-07-16 17:00:00+00:00,563.4,563.5,562.65,563.27,50930.0,792.0,562.995442
2024-07-16 18:00:00+00:00,563.135,564.455,562.78,564.455,59272.0,747.0,563.584099
2024-07-16 19:00:00+00:00,564.49,565.145,564.03,564.83,207056.0,1852.0,564.545009
2024-07-17 13:00:00+00:00,559.01,560.48,559.01,559.86,123301.0,1143.0,559.811086
2024-07-17 14:00:00+00:00,559.84,559.89,557.94,558.255,137280.0,1484.0,558.782286
2024-07-17 15:00:00+00:00,558.2,558.77,557.81,558.375,108654.0,1346.0,558.275358
2024-07-17 16:00:00+00:00,558.4,558.55,557.07,557.96,117460.0,1442.0,557.542012
2024-07-17 17:00:00+00:00,557.94,557.94,556.62,557.31,74413.0,1122.0,557.361266
2024-07-17 18:00:00+00:00,557.25,558.37,556.91,557.52,111874.0,1217.0,557.711692
2024-07-17 19:00:00+00:00,557.45,558.23,556.97,557.065,308735.0,2383.0,557.440201
2024-07-18 13:00:00+00:00,558.61,558.86,557.705,558.845,93721.0,866.0,558.306897
2024-07-18 14:00:00+00:00,558.705,559.5,555.73,556.83,190231.0,1553.0,557.876962
2024-07-18 15:00:00+00:00,556.82,557.04,552.77,552.95,134234.0,1308.0,554.17242
2024-07-18 16:00:00+00:00,552.97,554.085,552.395,553.93,77252.0,1013.0,553.357531
2024-07-18 17:00:00+00:00,554.3,554.92,553.505,553.68,45716.0,827.0,554.254751
2024-07-18 18:00:00+00:00,553.645,553.645,551.43,552.38,95625.0,1069.0,552.576237
2024-07-18 19:00:00+00:00,552.36,553.82,550.555,552.8,275279.0,2533.0,552.216026
2024-07-18 20:00:00+00:00,552.84,552.84,552.84,552.84,100.0,1.0,552.84
2024-07-19 13:00:00+00:00,552.375,553.99,551.81,552.99,103102.0,823.0,553.168407
2024-07-19 14:00:00+00:00,552.9,553.29,550.69,551.22,81888.0,889.0,551.852863
2024-07-19 15:00:00+00:00,551.235,551.96,549.23,551.01,108829.0,1147.0,550.108024
2024-07-19 16:00:00+00:00,550.98,551.45,548.94,549.34,73565.0,1166.0,550.010526
2024-07-19 17:00:00+00:00,549.28,549.41,547.955,549.37,98168.0,1148.0,548.630929
2024-07-19 18:00:00+00:00,549.235,549.71,548.055,549.1,111789.0,1486.0,549.024349
2024-07-19 19:00:00+00:00,549.11,550.45,548.15,548.94,396951.0,2589.0,548.864619
2024-07-19 20:00:00+00:00,548.99,548.99,548.91,548.99,42742.0,78.0,548.973638
2024-07-22 13:00:00+00:00,552.97,554.375,552.3,552.6,91752.0,905.0,553.302844
2024-07-22 14:00:00+00:00,552.695,554.415,551.375,553.77,91411.0,1014.0,553.097391
2024-07-22 15:00:00+00:00,553.78,554.445,551.17,551.76,108735.0,1000.0,552.097606
2024-07-22 16:00:00+00:00,551.75,553.635,551.35,553.3,23204.0,490.0,552.396289
2024-07-22 17:00:00+00:00,553.6,554.755,553.6,554.515,40519.0,624.0,554.251655
2024-07-22 18:00:00+00:00,554.51,555.26,554.2,554.925,57018.0,768.0,554.824138
2024-07-22 19:00:00+00:00,554.685,555.13,554.21,554.65,158277.0,1356.0,554.738838
2024-07-23 13:00:00+00:00,554.685,555.81,554.19,555.52,79206.0,506.0,555.227574
2024-07-23 14:00:00+00:00,555.64,556.385,554.3,554.91,55743.0,629.0,555.550778
2024-07-23 15:00:00+00:00,554.9,556.605,554.9,556.215,45982.0,540.0,556.158527
2024-07-23 16:00:00+00:00,556.21,556.315,554.22,554.64,43782.0,556.0,555.266394
2024-07-23 17:00:00+00:00,554.61,555.275,554.245,555.1,17366.0,315.0,554.69406
2024-07-23 18:00:00+00:00,555.37,555.53,554.57,555.035,35793.0,397.0,555.130749
2024-07-23 19:00:00+00:00,555.03,555.33,553.295,553.69,91980.0,993.0,554.111919
2024-07-24 12:00:00+00:00,549.31,549.31,549.31,549.31,100.0,1.0,549.31
2024-07-24 13:00:00+00:00,548.8,549.17,546.355,546.77,100079.0,1087.0,547.982056
2024-07-24 14:00:00+00:00,546.72,546.825,545.31,545.7,178986.0,1488.0,545.957832
2024-07-24 15:00:00+00:00,545.685,545.685,544.21,544.57,85198.0,935.0,544.797456
2024-07-24 16:00:00+00:00,544.39,544.87,543.655,543.92,109527.0,1043.0,544.137836
2024-07-24 17:00:00+00:00,543.88,545.025,543.76,543.91,91681.0,947.0,544.550994
2024-07-24 18:00:00+00:00,543.945,544.17,541.82,542.525,113808.0,1143.0,543.07378
2024-07-24 19:00:00+00:00,542.505,542.9,540.445,541.21,426830.0,2266.0,541.379107
2024-07-24 20:00:00+00:00,542.4,542.4,542.4,542.4,9300.0,13.0,542.4
2024-07-25 13:00:00+00:00,541.32,541.48,539.62,539.89,90248.0,1012.0,540.696747
2024-07-25 14:00:00+00:00,539.69,542.82,537.455,542.8,278684.0,2424.0,539.642908
2024-07-25 15:00:00+00:00,542.79,544.6,542.13,543.975,110254.0,1393.0,543.385811
2024-07-25 16:00:00+00:00,543.93,546.63,543.45,546.07,141097.0,1443.0,545.235452
2024-07-25 17:00:00+00:00,546.27,547.445,544.135,544.62,82286.0,1629.0,545.464524
2024-07-25 18:00:00+00:00,544.48,544.52,540.65,540.85,98282.0,946.0,541.795595
2024-07-25 19:00:00+00:00,541.01,543.665,538.15,538.39,202125.0,2072.0,539.803702
2024-07-25 20:00:00+00:00,537.69,537.69,537.69,537.69,9900.0,10.0,537.69
2024-07-26 13:00:00+00:00,542.37,543.11,541.49,542.78,113939.0,866.0,542.222227
2024-07-26 14:00:00+00:00,542.5,544.5,541.68,543.285,92216.0,1024.0,542.642783
2024-07-26 15:00:00+00:00,543.33,544.93,542.93,544.84,36022.0,490.0,543.865864
2024-07-26 16:00:00+00:00,544.995,546.775,544.8,546.73,47619.0,493.0,545.795768
2024-07-26 17:00:00+00:00,546.845,547.18,544.04,544.9,53808.0,733.0,545.561366
2024-07-26 18:00:00+00:00,544.86,545.45,543.51,543.71,45404.0,581.0,544.485171
2024-07-26 19:00:00+00:00,543.52,544.9,542.77,544.345,286013.0,1915.0,544.093524
2024-07-29 13:00:00+00:00,545.89,546.61,544.8,546.61,129735.0,829.0,545.733697
2024-07-29 14:00:00+00:00,546.635,547.01,544.39,544.5,42970.0,738.0,545.553168
2024-07-29 15:00:00+00:00,544.25,545.61,542.96,545.61,53468.0,713.0,543.867564
2024-07-29 16:00:00+00:00,545.66,546.77,545.66,546.31,28303.0,503.0,546.276978
2024-07-29 17:00:00+00:00,546.105,547.05,545.065,545.51,41860.0,702.0,545.81296
2024-07-29 18:00:00+00:00,545.345,545.45,544.47,545.175,36555.0,561.0,544.879755
2024-07-29 19:00:00+00:00,544.91,546.04,544.52,544.91,216208.0,1888.0,545.116091
2024-07-30 13:00:00+00:00,546.25,547.33,545.77,546.245,73918.0,723.0,546.261074
2024-07-30 14:00:00+00:00,546.24,546.38,543.725,543.85,81484.0,1098.0,544.934501
2024-07-30 15:00:00+00:00,543.735,543.795,540.44,540.52,137638.0,1520.0,541.72229
2024-07-30 16:00:00+00:00,540.6,541.25,538.925,538.97,86219.0,1371.0,540.553744
2024-07-30 17:00:00+00:00,538.94,541.46,538.54,541.17,88067.0,1250.0,540.151537
2024-07-30 18:00:00+00:00,541.34,542.62,541.01,541.4,57488.0,1330.0,541.744288
2024-07-30 19:00:00+00:00,541.38,543.57,540.8,541.97,217630.0,2290.0,542.241485
2024-07-30 20:00:00+00:00,539.9,539.9,539.9,539.9,123.0,2.0,539.9
2024-07-31 13:00:00+00:00,549.16,549.24,547.635,548.76,112413.0,984.0,548.487913
2024-07-31 14:00:00+00:00,548.87,551.22,548.62,550.54,105735.0,1302.0,550.231714
2024-07-31 15:00:00+00:00,550.57,551.67,550.36,550.615,60415.0,768.0,550.863627
2024-07-31 16:00:00+00:00,550.66,551.02,550.13,550.16,36635.0,767.0,550.570323
2024-07-31 17:00:00+00:00,550.12,550.955,548.75,550.21,98966.0,1282.0,550.148447
2024-07-31 18:00:00+00:00,550.44,553.43,549.58,552.93,86658.0,920.0,551.728828
2024-07-31 19:00:00+00:00,553.1,553.365,549.27,550.37,489758.0,3145.0,550.90857
2024-07-31 20:00:00+00:00,551.41,551.7,551.37,551.56,1860.0,11.0,551.517742
2024-08-01 13:00:00+00:00,552.59,554.8,552.33,554.03,88777.0,923.0,553.473159
2024-08-01 14:00:00+00:00,553.96,554.155,547.26,547.42,134114.0,1232.0,550.037031
2024-08-01 15:00:00+00:00,547.56,547.68,544.21,544.69,125160.0,1673.0,545.739384
2024-08-01 16:00:00+00:00,544.635,546.38,543.24,543.745,150286.0,1518.0,544.554733
2024-08-01 17:00:00+00:00,543.66,543.83,540.48,542.54,133469.0,1245.0,541.633228
2024-08-01 18:00:00+00:00,542.4,542.855,539.46,539.93,200751.0,1517.0,540.57923
2024-08-01 19:00:00+00:00,539.93,543.46,539.73,543.18,312627.0,2804.0,541.97895
2024-08-02 13:00:00+00:00,535.75,536.92,533.93,534.18,137201.0,1198.0,535.326346
2024-08-02 14:00:00+00:00,534.165,534.89,529.08,529.205,218693.0,1723.0,530.719789
2024-08-02 15:00:00+00:00,529.3,532.705,528.6,532.15,282163.0,2193.0,530.680375
2024-08-02 16:00:00+00:00,532.24,533.42,530.67,531.255,131367.0,1423.0,532.069138
2024-08-02 17:00:00+00:00,531.56,532.02,529.78,530.23,88981.0,1120.0,530.736547
2024-08-02 18:00:00+00:00,530.2,532.35,529.56,530.915,88194.0,1343.0,530.810664
2024-08-02 19:00:00+00:00,531.12,533.16,530.53,532.92,290301.0,2699.0,532.144094
2024-08-05 12:00:00+00:00,510.44,510.99,507.9,510.17,15000.0,144.0,509.522292
2024-08-05 13:00:00+00:00,511.49,517.995,510.305,515.36,325895.0,2512.0,513.751057
2024-08-05 14:00:00+00:00,516.72,520.65,514.68,516.37,190379.0,2244.0,517.466651
2024-08-05 15:00:00+00:00,516.5,521.9,515.395,520.61,197675.0,2705.0,520.156041
2024-08-05 16:00:00+00:00,520.67,523.47,518.755,519.37,94457.0,1371.0,521.348199
2024-08-05 17:00:00+00:00,519.19,520.87,518.32,519.07,72941.0,1016.0,519.628843
2024-08-05 18:00:00+00:00,519.01,519.31,515.65,515.75,163815.0,1406.0,517.366522
2024-08-05 19:00:00+00:00,516.02,517.66,514.945,517.4,421102.0,3287.0,516.182284
2024-08-05 20:00:00+00:00,517.62,519.79,517.62,518.64,2991.0,21.0,519.072064
2024-08-06 12:00:00+00:00,519.65,519.65,519.65,519.65,100.0,1.0,519.65
2024-08-06 13:00:00+00:00,519.56,522.33,517.99,521.74,104359.0,1132.0,519.615763
2024-08-06 14:00:00+00:00,521.53,526.475,521.29,525.395,106114.0,1324.0,523.838528
2024-08-06 15:00:00+00:00,525.14,526.01,522.45,525.82,60312.0,761.0,524.330962
2024-08-06 16:00:00+00:00,525.95,528.04,525.52,527.715,57595.0,694.0,526.636988
2024-08-06 17:00:00+00:00,527.65,528.43,527.11,527.9,66867.0,826.0,527.843859
2024-08-06 18:00:00+00:00,527.96,529.665,526.92,527.63,88517.0,1027.0,528.364613
2024-08-06 19:00:00+00:00,527.48,527.56,521.995,522.07,289378.0,2867.0,523.986209
2024-08-06 20:00:00+00:00,522.55,522.55,522.55,522.55,300.0,1.0,522.55
2024-08-07 13:00:00+00:00,528.54,531.06,527.98,531.06,78597.0,718.0,529.179836
2024-08-07 14:00:00+00:00,531.19,531.565,528.29,530.6,81652.0,964.0,529.999872
2024-08-07 15:00:00+00:00,530.775,531.075,527.26,528.0,61598.0,841.0,529.178172
2024-08-07 16:00:00+00:00,527.96,528.065,524.77,525.015,57557.0,634.0,526.51284
2024-08-07 17:00:00+00:00,524.96,525.35,521.525,521.66,74642.0,837.0,523.636823
2024-08-07 18:00:00+00:00,521.845,522.17,518.9,519.49,128443.0,1162.0,520.17694
2024-08-07 19:00:00+00:00,519.71,521.99,518.06,518.635,285687.0,2018.0,519.616104
2024-08-07 20:00:00+00:00,518.5,518.5,518.5,518.5,100.0,1.0,518.5
2024-08-08 13:00:00+00:00,523.98,524.97,521.895,524.97,92811.0,720.0,523.483063
2024-08-08 14:00:00+00:00,524.78,528.415,524.78,528.22,106238.0,1001.0,527.004174
2024-08-08 15:00:00+00:00,528.17,528.45,526.44,527.725,56132.0,676.0,527.669371
2024-08-08 16:00:00+00:00,527.64,528.97,526.66,527.74,61858.0,797.0,528.103139
2024-08-08 17:00:00+00:00,527.87,530.5,526.76,530.27,66861.0,986.0,529.464558
2024-08-08 18:00:00+00:00,530.21,531.29,529.51,530.16,71713.0,1016.0,530.52193
2024-08-08 19:00:00+00:00,530.12,531.02,528.22,530.61,412615.0,3198.0,530.100824
2024-08-08 20:00:00+00:00,530.83,531.58,530.83,531.56,500.0,4.0,531.256
2024-08-09 12:00:00+00:00,528.63,528.63,528.63,528.63,100.0,1.0,528.63
2024-08-09 13:00:00+00:00,529.815,530.97,528.565,529.29,56425.0,621.0,529.625027
2024-08-09 14:00:00+00:00,529.07,532.08,528.825,531.45,98965.0,791.0,530.463096
2024-08-09 15:00:00+00:00,531.67,532.425,530.15,530.15,30084.0,483.0,531.545824
2024-08-09 16:00:00+00:00,530.38,531.36,529.82,531.36,27274.0,419.0,530.506382
2024-08-09 17:00:00+00:00,531.71,534.45,531.42,532.59,47967.0,674.0,533.351088
2024-08-09 18:00:00+00:00,532.555,532.9,531.485,532.0,43938.0,625.0,532.255801
2024-08-09 19:00:00+00:00,532.56,533.41,531.89,532.92,156705.0,1428.0,532.980388
2024-08-12 13:00:00+00:00,534.32,534.46,531.04,531.48,63532.0,606.0,533.050179
2024-08-12 14:00:00+00:00,531.41,535.3,531.255,535.185,75008.0,753.0,534.292905
2024-08-12 15:00:00+00:00,535.24,535.68,531.97,534.83,85827.0,884.0,533.862258
2024-08-12 16:00:00+00:00,534.76,535.02,532.855,532.87,34989.0,420.0,534.038691
2024-08-12 17:00:00+00:00,532.635,534.185,531.86,532.485,41640.0,573.0,532.940663
2024-08-12 18:00:00+00:00,532.395,533.2,532.335,533.18,36087.0,539.0,532.76542
2024-08-12 19:00:00+00:00,533.17,533.29,531.765,533.29,172434.0,1295.0,532.532231
2024-08-12 20:00:00+00:00,532.86,533.27,532.76,533.27,1457.0,8.0,532.910714
2024-08-13 13:00:00+00:00,536.585,538.42,536.28,537.66,86188.0,874.0,537.21609
2024-08-13 14:00:00+00:00,537.78,538.47,536.34,538.275,100145.0,1026.0,537.436875
2024-08-13 15:00:00+00:00,538.34,539.26,538.18,538.995,74063.0,903.0,538.742812
2024-08-13 16:00:00+00:00,539.03,541.08,538.765,541.03,93298.0,999.0,539.892478
2024-08-13 17:00:00+00:00,541.02,541.02,539.53,540.745,77490.0,1026.0,540.654947
2024-08-13 18:00:00+00:00,540.695,541.46,540.29,541.385,71364.0,859.0,541.038204
2024-08-13 19:00:00+00:00,541.37,542.28,540.625,541.99,318414.0,2420.0,541.55433
2024-08-13 20:00:00+00:00,541.86,542.04,541.59,542.04,37764.0,124.0,542.026526
2024-08-14 13:00:00+00:00,542.95,543.26,541.32,541.445,77961.0,531.0,542.23568
2024-08-14 14:00:00+00:00,541.39,542.41,540.19,542.35,109308.0,983.0,541.537216
2024-08-14 15:00:00+00:00,542.45,544.73,542.33,544.67,77700.0,576.0,543.481868
2024-08-14 16:00:00+00:00,544.53,544.94,541.82,543.14,72566.0,621.0,543.400265
2024-08-14 17:00:00+00:00,542.86,543.555,542.52,543.28,25546.0,352.0,543.16655
2024-08-14 18:00:00+00:00,543.16,544.31,542.85,544.25,30419.0,576.0,543.417267
2024-08-14 19:00:00+00:00,544.22,544.68,542.755,543.78,232531.0,1482.0,543.854352
2024-08-15 12:00:00+00:00,549.03,549.03,549.03,549.03,300.0,1.0,549.03
2024-08-15 13:00:00+00:00,548.99,550.26,548.96,550.18,165766.0,981.0,549.65749
2024-08-15 14:00:00+00:00,550.18,551.24,548.915,550.87,155450.0,1611.0,550.193661
2024-08-15 15:00:00+00:00,550.92,552.12,550.805,551.63,98776.0,1245.0,551.581019
2024-08-15 16:00:00+00:00,551.64,552.705,551.39,551.95,82706.0,979.0,551.994552
2024-08-15 17:00:00+00:00,551.89,552.65,551.49,552.65,58242.0,695.0,552.147047
2024-08-15 18:00:00+00:00,552.64,553.05,552.47,552.92,83975.0,1556.0,552.746876
2024-08-15 19:00:00+00:00,552.87,553.34,551.93,552.97,409338.0,2503.0,552.758
2024-08-16 13:00:00+00:00,551.36,552.615,551.36,552.3,44801.0,529.0,552.167392
2024-08-16 14:00:00+00:00,552.28,553.52,551.645,552.18,94511.0,1360.0,552.775608
2024-08-16 15:00:00+00:00,552.15,553.49,552.05,553.45,83782.0,782.0,552.576926
2024-08-16 16:00:00+00:00,553.26,555.02,553.11,554.92,58444.0,899.0,553.98323
2024-08-16 17:00:00+00:00,554.88,554.91,554.005,554.54,42403.0,473.0,554.538705
2024-08-16 18:00:00+00:00,554.53,554.71,553.91,554.635,34860.0,674.0,554.243316
2024-08-16 19:00:00+00:00,554.54,554.67,553.59,554.22,136051.0,1576.0,554.083255
2024-08-19 13:00:00+00:00,554.75,555.49,554.55,554.92,55241.0,730.0,555.11666
2024-08-19 14:00:00+00:00,555.0,556.645,553.92,556.45,100736.0,1268.0,555.285653
2024-08-19 15:00:00+00:00,556.53,556.91,555.885,556.17,45512.0,839.0,556.522056
2024-08-19 16:00:00+00:00,556.03,557.455,555.97,557.3,45926.0,612.0,556.867166
2024-08-19 17:00:00+00:00,557.24,557.555,556.95,557.555,64584.0,1006.0,557.254732
2024-08-19 18:00:00+00:00,557.51,558.45,557.375,558.18,64661.0,997.0,557.8662
2024-08-19 19:00:00+00:00,558.155,559.55,557.87,559.49,251488.0,2206.0,558.572862
2024-08-19 20:00:00+00:00,559.02,559.11,558.97,559.11,3231.0,11.0,559.074818
2024-08-20 13:00:00+00:00,559.16,560.81,559.16,560.735,68252.0,587.0,559.891373
2024-08-20 14:00:00+00:00,560.72,560.815,558.0,558.38,93515.0,962.0,559.134511
2024-08-20 15:00:00+00:00,558.43,559.29,557.9,559.275,64647.0,734.0,558.362059
2024-08-20 16:00:00+00:00,559.29,559.37,558.055,558.055,60723.0,670.0,558.633842
2024-08-20 17:00:00+00:00,557.95,558.45,557.325,558.275,67043.0,764.0,557.955915
2024-08-20 18:00:00+00:00,558.26,559.705,558.23,559.11,66609.0,665.0,558.991789
2024-08-20 19:00:00+00:00,559.08,559.19,558.42,558.65,141006.0,1452.0,558.669201
2024-08-21 13:00:00+00:00,559.765,560.42,559.36,560.37,59235.0,626.0,559.732822
2024-08-21 14:00:00+00:00,560.47,562.105,558.6,559.35,122735.0,1349.0,560.363723
2024-08-21 15:00:00+00:00,559.16,560.32,558.55,558.9,56873.0,756.0,559.499516
2024-08-21 16:00:00+00:00,558.69,560.22,558.04,560.175,67050.0,684.0,559.140641
2024-08-21 17:00:00+00:00,560.27,560.51,559.895,560.39,53919.0,646.0,560.215315
2024-08-21 18:00:00+00:00,560.46,561.68,560.24,560.745,74452.0,959.0,560.886026
2024-08-21 19:00:00+00:00,560.77,561.03,559.24,560.64,202096.0,1879.0,560.374595
2024-08-21 20:00:00+00:00,560.7,560.81,560.7,560.81,400.0,4.0,560.7575
2024-08-22 13:00:00+00:00,562.56,563.14,561.685,562.31,112568.0,840.0,562.575106
2024-08-22 14:00:00+00:00,562.4,562.4,560.25,560.56,87251.0,1119.0,561.084855
2024-08-22 15:00:00+00:00,560.65,561.2,557.17,557.92,78653.0,872.0,558.967136
2024-08-22 16:00:00+00:00,557.76,560.06,557.305,557.54,59644.0,731.0,558.856921
2024-08-22 17:00:00+00:00,557.48,558.285,555.27,555.5,58811.0,740.0,556.931298
2024-08-22 18:00:00+00:00,555.48,557.295,555.3,556.07,61949.0,723.0,556.318839
2024-08-22 19:00:00+00:00,556.28,557.1,555.0,556.26,387704.0,2108.0,555.781284
2024-08-22 20:00:00+00:00,556.22,556.52,556.22,556.52,800.0,3.0,556.3325
2024-08-23 13:00:00+00:00,559.59,559.78,558.88,559.73,65278.0,544.0,559.413019
2024-08-23 14:00:00+00:00,560.49,563.09,558.43,560.53,169403.0,1589.0,560.930616
2024-08-23 15:00:00+00:00,560.1,562.48,559.62,560.03,75636.0,794.0,561.035047
2024-08-23 16:00:00+00:00,560.125,560.125,557.36,559.25,73149.0,854.0,558.871945
2024-08-23 17:00:00+00:00,559.32,560.99,559.01,560.415,49684.0,597.0,560.220425
2024-08-23 18:00:00+00:00,560.32,561.125,560.25,560.71,55796.0,716.0,560.78505
2024-08-23 19:00:00+00:00,560.72,562.65,560.28,562.09,208055.0,1911.0,561.836006
2024-08-23 20:00:00+00:00,562.04,562.04,562.04,562.04,200.0,1.0,562.04
2024-08-26 13:00:00+00:00,563.43,563.9,562.72,562.99,108818.0,1104.0,563.260156
2024-08-26 14:00:00+00:00,563.045,563.15,560.22,561.215,99653.0,1471.0,561.492176
2024-08-26 15:00:00+00:00,561.15,561.32,559.79,559.95,72643.0,1234.0,560.631649
2024-08-26 16:00:00+00:00,559.75,561.64,559.75,561.52,60450.0,1122.0,560.934282
2024-08-26 17:00:00+00:00,561.49,561.69,559.21,559.48,60596.0,1053.0,560.272134
2024-08-26 18:00:00+00:00,559.37,560.89,559.06,560.86,59150.0,1084.0,560.047074
2024-08-26 19:00:00+00:00,560.71,560.88,559.85,560.78,249681.0,2173.0,560.46216
2024-08-27 13:00:00+00:00,559.46,560.21,558.33,559.85,74422.0,651.0,559.688472
2024-08-27 14:00:00+00:00,559.94,561.645,559.65,561.63,117725.0,1316.0,560.481157
2024-08-27 15:00:00+00:00,561.65,562.04,559.95,560.66,51460.0,851.0,561.094598
2024-08-27 16:00:00+00:00,560.63,561.14,560.04,560.78,19010.0,462.0,560.715897
2024-08-27 17:00:00+00:00,560.805,562.01,560.805,561.98,23744.0,544.0,561.480804
2024-08-27 18:00:00+00:00,561.9,562.0,561.38,561.6,31783.0,800.0,561.753199
2024-08-27 19:00:00+00:00,561.58,561.85,561.17,561.565,151143.0,1565.0,561.575707
2024-08-28 13:00:00+00:00,561.195,561.62,560.61,561.05,31376.0,544.0,561.190636
2024-08-28 14:00:00+00:00,560.965,561.31,559.58,559.75,63198.0,1993.0,560.657056
2024-08-28 15:00:00+00:00,559.6,559.63,557.71,558.49,203376.0,2363.0,558.408484
2024-08-28 16:00:00+00:00,558.42,558.63,556.91,558.565,60376.0,978.0,558.032345
2024-08-28 17:00:00+00:00,558.555,558.83,555.235,555.3,47325.0,849.0,557.413734
2024-08-28 18:00:00+00:00,555.445,558.13,555.09,558.05,54868.0,1018.0,555.988223
2024-08-28 19:00:00+00:00,558.17,559.35,557.2,558.35,161853.0,1847.0,558.456258
2024-08-29 13:00:00+00:00,560.29,561.23,559.42,561.14,96898.0,765.0,560.129404
2024-08-29 14:00:00+00:00,561.26,562.8,560.28,562.045,90360.0,873.0,561.73806
2024-08-29 15:00:00+00:00,562.235,563.16,561.48,562.49,61431.0,698.0,562.272909
2024-08-29 16:00:00+00:00,562.445,563.65,562.445,563.14,50160.0,701.0,563.134338
2024-08-29 17:00:00+00:00,563.11,563.11,561.98,562.83,49108.0,681.0,562.476558
2024-08-29 18:00:00+00:00,562.7,562.7,557.21,558.48,90893.0,879.0,559.819085
2024-08-29 19:00:00+00:00,558.425,559.94,557.54,558.31,212346.0,1685.0,558.436721
2024-08-29 20:00:00+00:00,558.73,559.3,558.6,559.3,20977.0,37.0,559.255481
2024-08-30 13:00:00+00:00,560.64,561.915,560.41,561.735,78473.0,631.0,561.190503
2024-08-30 14:00:00+00:00,561.81,562.24,559.99,560.04,78142.0,853.0,561.539564
2024-08-30 15:00:00+00:00,559.955,560.46,558.17,559.095,258614.0,1297.0,558.847189
2024-08-30 16:00:00+00:00,558.57,559.66,557.185,559.105,83411.0,933.0,558.66688
2024-08-30 17:00:00+00:00,559.15,559.77,558.72,558.83,25170.0,439.0,559.185224
2024-08-30 18:00:00+00:00,558.78,560.925,558.61,560.635,102185.0,797.0,559.90103
2024-08-30 19:00:00+00:00,560.64,564.19,560.29,563.57,316175.0,2162.0,562.783534
2024-08-30 20:00:00+00:00,563.56,563.56,563.56,563.56,300.0,3.0,563.56
2024-09-03 12:00:00+00:00,560.83,560.83,560.83,560.83,100.0,1.0,560.83
2024-09-03 13:00:00+00:00,560.475,560.75,558.215,559.11,67639.0,956.0,559.572772
2024-09-03 14:00:00+00:00,559.09,559.09,555.18,555.33,154872.0,1640.0,556.835155
2024-09-03 15:00:00+00:00,555.35,556.97,555.21,555.625,73542.0,1125.0,556.245002
2024-09-03 16:00:00+00:00,555.62,556.44,554.77,554.88,55430.0,1146.0,555.516921
2024-09-03 17:00:00+00:00,554.935,555.81,554.33,554.35,58210.0,1249.0,555.052608
2024-09-03 18:00:00+00:00,554.26,554.3,552.48,552.65,99565.0,1495.0,553.237511
2024-09-03 19:00:00+00:00,552.79,553.04,549.54,552.16,301920.0,3338.0,551.504383
2024-09-03 20:00:00+00:00,552.16,552.16,552.16,552.16,300.0,1.0,552.16
2024-09-04 13:00:00+00:00,550.06,552.54,550.04,552.52,161802.0,1465.0,551.31843
2024-09-04 14:00:00+00:00,551.89,553.94,550.08,553.94,193013.0,2195.0,552.347305
2024-09-04 15:00:00+00:00,554.13,554.43,551.41,551.82,81071.0,2481.0,552.964236
2024-09-04 16:00:00+00:00,551.805,553.04,551.105,552.38,52985.0,1467.0,552.008419
2024-09-04 17:00:00+00:00,552.3,552.3,550.7,550.93,53089.0,1524.0,551.419227
2024-09-04 18:00:00+00:00,550.87,551.74,550.05,550.05,66718.0,1312.0,550.759551
2024-09-04 19:00:00+00:00,550.0,551.88,549.47,550.83,245501.0,2303.0,550.982707
2024-09-05 13:00:00+00:00,551.0,552.05,550.71,551.99,100952.0,1148.0,551.559745
2024-09-05 14:00:00+00:00,552.205,553.75,550.41,550.41,110869.0,2127.0,552.397848
2024-09-05 15:00:00+00:00,550.44,550.48,547.42,547.54,85488.0,1790.0,548.631846
2024-09-05 16:00:00+00:00,547.65,549.25,547.13,548.69,72352.0,1649.0,548.187695
2024-09-05 17:00:00+00:00,548.725,550.62,547.81,550.62,51398.0,1248.0,549.170951
2024-09-05 18:00:00+00:00,550.75,551.085,549.89,550.19,70482.0,1249.0,550.487782
2024-09-05 19:00:00+00:00,550.1,550.23,548.15,549.44,188314.0,2066.0,548.970595
2024-09-06 13:00:00+00:00,549.95,551.57,547.87,547.92,125591.0,1092.0,549.952765
2024-09-06 14:00:00+00:00,547.84,548.13,541.6,542.16,200416.0,2034.0,544.300898
2024-09-06 15:00:00+00:00,542.23,545.505,540.285,540.69,189262.0,2349.0,542.311661
2024-09-06 16:00:00+00:00,540.6,541.16,539.7,540.13,86244.0,2021.0,540.328954
2024-09-06 17:00:00+00:00,540.16,541.975,539.95,540.66,76382.0,1975.0,540.798712
2024-09-06 18:00:00+00:00,540.77,540.82,539.465,540.41,70552.0,1137.0,539.993245
2024-09-06 19:00:00+00:00,540.52,541.86,539.7,540.46,347999.0,2825.0,540.498837
2024-09-06 20:00:00+00:00,539.9,539.9,539.9,539.9,200.0,1.0,539.9
2024-09-09 13:00:00+00:00,544.68,545.49,544.1,545.28,97305.0,1424.0,544.71582
2024-09-09 14:00:00+00:00,545.325,546.35,543.36,543.36,119851.0,2125.0,544.899466
2024-09-09 15:00:00+00:00,543.335,545.94,542.71,545.885,74403.0,1384.0,544.536937
2024-09-09 16:00:00+00:00,545.945,547.65,545.835,547.52,85697.0,1376.0,546.936745
2024-09-09 17:00:00+00:00,547.585,547.71,545.575,545.71,53674.0,1169.0,546.954873
2024-09-09 18:00:00+00:00,545.73,545.75,544.325,545.115,56185.0,1180.0,545.179757
2024-09-09 19:00:00+00:00,544.99,546.47,544.55,546.44,175759.0,2247.0,545.623153
2024-09-10 13:00:00+00:00,548.365,548.645,547.67,547.895,68991.0,1116.0,548.241892
2024-09-10 14:00:00+00:00,547.89,548.08,545.6,546.465,112729.0,1621.0,546.545134
2024-09-10 15:00:00+00:00,546.37,547.7,544.15,544.18,82925.0,1331.0,546.486723
2024-09-10 16:00:00+00:00,544.105,545.82,543.47,545.14,78449.0,1234.0,544.419531
2024-09-10 17:00:00+00:00,545.135,547.14,545.045,546.97,107549.0,1141.0,546.513853
2024-09-10 18:00:00+00:00,547.1,548.36,547.1,548.23,84785.0,1258.0,547.97078
2024-09-10 19:00:00+00:00,548.2,549.15,548.05,548.76,202238.0,2565.0,548.61226
2024-09-10 20:00:00+00:00,548.82,548.83,548.48,548.63,80529.0,175.0,548.662025
2024-09-11 13:00:00+00:00,549.17,549.17,544.59,544.59,86557.0,1047.0,546.203119
2024-09-11 14:00:00+00:00,544.22,544.74,539.99,541.2,220642.0,1984.0,541.118688
2024-09-11 15:00:00+00:00,540.955,545.1,540.58,544.47,143985.0,1723.0,542.990403
2024-09-11 16:00:00+00:00,544.495,547.53,544.29,547.36,206510.0,1492.0,545.553236
2024-09-11 17:00:00+00:00,547.43,550.79,547.43,550.0,125232.0,1396.0,549.225237
2024-09-11 18:00:00+00:00,549.91,552.65,549.75,551.67,122507.0,1626.0,550.838212
2024-09-11 19:00:00+00:00,551.53,555.36,551.26,554.23,325206.0,2841.0,553.599842
2024-09-11 20:00:00+00:00,554.25,554.79,554.25,554.79,527.0,3.0,554.475437
2024-09-12 13:00:00+00:00,555.085,555.29,552.81,553.8,109162.0,787.0,554.453256
2024-09-12 14:00:00+00:00,553.76,556.24,553.31,554.495,112009.0,1638.0,555.122035
2024-09-12 15:00:00+00:00,554.37,556.58,554.2,554.235,79443.0,1119.0,555.13595
2024-09-12 16:00:00+00:00,554.525,557.24,554.44,557.1,66225.0,1182.0,555.639447
2024-09-12 17:00:00+00:00,557.11,559.345,557.01,559.105,118470.0,1448.0,557.97956
2024-09-12 18:00:00+00:00,559.145,559.36,556.59,558.7,116089.0,1814.0,558.465364
2024-09-12 19:00:00+00:00,558.58,559.21,558.12,559.06,338792.0,2586.0,558.725983
2024-09-13 13:00:00+00:00,559.71,561.24,559.46,560.98,137046.0,1265.0,560.227096
2024-09-13 14:00:00+00:00,561.045,562.55,560.16,561.84,148391.0,1720.0,561.483944
2024-09-13 15:00:00+00:00,561.85,562.78,561.53,562.6,91899.0,1190.0,562.078039
2024-09-13 16:00:00+00:00,562.65,562.905,561.34,562.19,87372.0,1200.0,561.968869
2024-09-13 17:00:00+00:00,562.17,563.01,562.15,562.54,73831.0,992.0,562.655758
2024-09-13 18:00:00+00:00,562.58,562.945,561.13,561.375,68007.0,956.0,561.854335
2024-09-13 19:00:00+00:00,561.21,562.33,561.06,561.89,142413.0,1740.0,561.799745
2024-09-13 20:00:00+00:00,561.68,561.88,561.53,561.8,5673.0,12.0,561.732198
2024-09-16 13:00:00+00:00,561.55,562.89,560.845,562.435,60753.0,665.0,561.555766
2024-09-16 14:00:00+00:00,562.81,562.81,559.94,560.7,86143.0,1264.0,561.643531
2024-09-16 15:00:00+00:00,560.6,561.53,560.26,561.28,39057.0,1193.0,560.948062
2024-09-16 16:00:00+00:00,561.09,561.59,560.34,561.55,61448.0,1291.0,561.129281
2024-09-16 17:00:00+00:00,561.52,562.54,561.2,562.52,46058.0,902.0,561.91877
2024-09-16 18:00:00+00:00,562.51,562.69,561.865,562.66,51552.0,1105.0,562.30645
2024-09-16 19:00:00+00:00,562.65,563.09,561.97,562.87,136969.0,1919.0,562.666277
2024-09-16 20:00:00+00:00,562.46,562.48,562.46,562.48,200.0,2.0,562.47
2024-09-17 13:00:00+00:00,565.11,565.55,564.22,564.48,70707.0,632.0,564.932172
2024-09-17 14:00:00+00:00,564.51,566.5,564.315,565.1,139159.0,1469.0,565.831268
2024-09-17 15:00:00+00:00,565.11,565.93,564.805,564.96,67574.0,989.0,565.262944
2024-09-17 16:00:00+00:00,564.97,565.19,561.06,561.79,98650.0,1259.0,563.108517
2024-09-17 17:00:00+00:00,561.9,563.07,560.795,562.63,71351.0,1029.0,562.262042
2024-09-17 18:00:00+00:00,562.585,563.12,561.38,562.04,63221.0,1153.0,562.542937
2024-09-17 19:00:00+00:00,562.05,563.15,561.37,563.15,244740.0,2638.0,562.525641
2024-09-18 13:00:00+00:00,563.71,563.925,562.66,562.935,25284.0,436.0,563.041188
2024-09-18 14:00:00+00:00,563.01,563.35,562.275,562.8,53928.0,776.0,562.89164
2024-09-18 15:00:00+00:00,562.81,563.07,561.62,561.63,31951.0,593.0,562.286775
2024-09-18 16:00:00+00:00,561.47,563.71,561.395,563.71,31727.0,502.0,563.02325
2024-09-18 17:00:00+00:00,563.625,564.265,562.85,563.15,57136.0,920.0,563.331125
2024-09-18 18:00:00+00:00,562.46,568.63,562.2,563.81,239003.0,3111.0,565.529005
2024-09-18 19:00:00+00:00,563.75,565.8,560.88,561.39,211918.0,2565.0,562.44209
2024-09-19 13:00:00+00:00,571.04,571.05,568.125,569.52,125092.0,1290.0,569.388402
2024-09-19 14:00:00+00:00,569.78,571.85,569.41,569.91,187606.0,1814.0,570.504794
2024-09-19 15:00:00+00:00,569.94,571.145,569.47,570.39,95831.0,1347.0,570.616923
2024-09-19 16:00:00+00:00,570.345,572.035,570.345,571.49,97988.0,1040.0,571.391976
2024-09-19 17:00:00+00:00,571.5,572.835,571.325,572.49,92746.0,1235.0,572.084408
2024-09-19 18:00:00+00:00,572.485,572.72,570.9,571.92,126238.0,1506.0,571.906536
2024-09-19 19:00:00+00:00,572.01,572.025,570.395,570.99,302806.0,2517.0,571.032275
2024-09-19 20:00:00+00:00,570.62,570.73,570.45,570.45,11425.0,21.0,570.663966
2024-09-20 12:00:00+00:00,568.85,568.85,568.85,568.85,100.0,1.0,568.85
2024-09-20 13:00:00+00:00,567.86,568.395,566.95,567.085,126071.0,991.0,567.816245
2024-09-20 14:00:00+00:00,567.18,567.745,566.33,566.415,178625.0,1661.0,567.149517
2024-09-20 15:00:00+00:00,566.31,567.35,565.23,566.915,123394.0,1456.0,566.421658
2024-09-20 16:00:00+00:00,566.905,568.48,566.795,568.12,105326.0,1291.0,567.677619
2024-09-20 17:00:00+00:00,568.14,568.64,567.91,568.065,110774.0,1528.0,568.310836
2024-09-20 18:00:00+00:00,568.07,568.12,566.16,567.49,222306.0,1625.0,566.874736
2024-09-20 19:00:00+00:00,567.485,569.29,567.16,568.03,262842.0,2845.0,568.115882
2024-09-20 20:00:00+00:00,568.25,568.25,567.42,567.42,21877.0,52.0,568.242252
2024-09-23 12:00:00+00:00,568.9,568.9,568.9,568.9,100.0,1.0,568.9
2024-09-23 13:00:00+00:00,569.27,569.395,568.27,568.785,59570.0,718.0,568.917388
2024-09-23 14:00:00+00:00,568.79,570.29,568.42,569.9,69881.0,1182.0,569.538306
2024-09-23 15:00:00+00:00,569.865,570.07,568.82,569.59,48660.0,829.0,569.667173
2024-09-23 16:00:00+00:00,569.41,569.64,568.38,568.62,64837.0,1074.0,568.909919
2024-09-23 17:00:00+00:00,568.64,569.33,568.1,569.3,51798.0,858.0,568.914025
2024-09-23 18:00:00+00:00,569.27,569.54,568.93,569.475,40011.0,772.0,569.299538
2024-09-23 19:00:00+00:00,569.435,569.91,569.105,569.6,164125.0,1843.0,569.583142
2024-09-23 20:00:00+00:00,569.56,569.73,569.47,569.47,3695.0,15.0,569.63168
2024-09-24 13:00:00+00:00,570.48,570.48,569.25,569.32,100205.0,885.0,569.840284
2024-09-24 14:00:00+00:00,569.21,569.62,567.64,569.515,103627.0,1459.0,568.547484
2024-09-24 15:00:00+00:00,569.495,571.02,569.32,570.6,71898.0,1147.0,569.936611
2024-09-24 16:00:00+00:00,570.74,571.2,570.28,570.455,60545.0,857.0,570.79514
2024-09-24 17:00:00+00:00,570.44,571.0,570.36,570.46,44035.0,827.0,570.715262
2024-09-24 18:00:00+00:00,570.47,570.6,569.43,570.29,39955.0,799.0,570.364041
2024-09-24 19:00:00+00:00,570.44,571.34,570.4,571.24,265482.0,2008.0,570.867993
2024-09-24 20:00:00+00:00,571.21,571.21,570.87,571.02,11188.0,18.0,570.945554
2024-09-25 13:00:00+00:00,571.145,571.765,570.925,571.53,37751.0,382.0,571.41621
2024-09-25 14:00:00+00:00,571.58,571.89,570.67,571.255,50962.0,729.0,571.335101
2024-09-25 15:00:00+00:00,571.21,571.37,570.36,570.74,59779.0,878.0,570.805524
2024-09-25 16:00:00+00:00,570.71,570.8,569.95,569.99,64595.0,815.0,570.379432
2024-09-25 17:00:00+00:00,569.97,570.32,568.99,570.32,98218.0,1169.0,569.705021
2024-09-25 18:00:00+00:00,570.28,570.355,569.04,570.07,62120.0,778.0,569.971256
2024-09-25 19:00:00+00:00,569.95,570.23,569.34,569.985,160200.0,2064.0,569.773058
2024-09-25 20:00:00+00:00,570.1,570.31,570.04,570.31,22820.0,16.0,570.087931
2024-09-26 13:00:00+00:00,574.58,574.69,573.18,573.54,101070.0,903.0,573.689518
2024-09-26 14:00:00+00:00,573.54,574.075,571.06,571.23,78259.0,1176.0,572.604625
2024-09-26 15:00:00+00:00,571.08,572.53,570.925,572.53,63725.0,864.0,571.533091
2024-09-26 16:00:00+00:00,572.41,572.41,570.915,571.075,61690.0,1063.0,571.438739
2024-09-26 17:00:00+00:00,570.97,571.76,569.935,571.5,45898.0,875.0,571.092461
2024-09-26 18:00:00+00:00,571.55,572.66,571.55,572.27,51781.0,867.0,572.099723
2024-09-26 19:00:00+00:00,572.22,572.75,571.845,572.17,236454.0,2021.0,572.351837
2024-09-26 20:00:00+00:00,572.5,572.5,572.3,572.3,1200.0,6.0,572.316667
2024-09-27 13:00:00+00:00,573.5,573.51,572.75,573.085,74972.0,899.0,573.048425
2024-09-27 14:00:00+00:00,573.1,574.2,572.68,573.825,106782.0,1561.0,573.47397
2024-09-27 15:00:00+00:00,573.645,573.7,572.43,572.43,39240.0,777.0,573.041929
2024-09-27 16:00:00+00:00,572.435,572.51,571.88,572.175,34582.0,736.0,572.174666
2024-09-27 17:00:00+00:00,572.265,572.7,571.53,572.38,49217.0,761.0,572.011119
2024-09-27 18:00:00+00:00,572.42,572.625,570.59,572.18,73023.0,995.0,571.646479
2024-09-27 19:00:00+00:00,572.19,572.32,571.32,571.4,242644.0,2064.0,571.641868
2024-09-27 20:00:00+00:00,571.3,571.3,571.16,571.16,11229.0,15.0,571.191818
2024-09-30 13:00:00+00:00,570.505,571.46,570.505,570.64,41568.0,488.0,571.019335
2024-09-30 14:00:00+00:00,570.525,571.57,570.28,571.29,93847.0,1204.0,570.963378
2024-09-30 15:00:00+00:00,571.26,571.81,570.825,571.565,53476.0,1053.0,571.495946
2024-09-30 16:00:00+00:00,571.575,572.22,571.56,571.63,43952.0,762.0,571.851333
2024-09-30 17:00:00+00:00,571.475,571.69,570.91,571.58,74242.0,1053.0,571.313886
2024-09-30 18:00:00+00:00,571.585,571.6,568.23,570.58,109167.0,1475.0,569.977934
2024-09-30 19:00:00+00:00,570.43,574.38,569.94,574.045,383294.0,3197.0,573.072901
2024-09-30 20:00:00+00:00,573.55,573.77,573.36,573.36,16133.0,44.0,573.709475
2024-10-01 13:00:00+00:00,573.435,573.435,568.59,569.61,150581.0,1338.0,570.380867
2024-10-01 14:00:00+00:00,568.895,570.17,566.62,568.0,192069.0,1951.0,567.95911
2024-10-01 15:00:00+00:00,568.05,569.44,566.03,568.41,133457.0,1413.0,567.641395
2024-10-01 16:00:00+00:00,568.27,569.55,566.58,568.25,102948.0,1164.0,568.234376
2024-10-01 17:00:00+00:00,568.34,569.285,566.28,569.21,223968.0,1639.0,567.136654
2024-10-01 18:00:00+00:00,569.295,570.85,569.295,570.39,77653.0,1087.0,570.193186
2024-10-01 19:00:00+00:00,570.43,570.44,568.44,568.61,168120.0,1648.0,568.991427
2024-10-01 20:00:00+00:00,568.73,568.73,568.73,568.73,300.0,2.0,568.73
2024-10-02 12:00:00+00:00,568.21,568.21,568.21,568.21,100.0,1.0,568.21
2024-10-02 13:00:00+00:00,567.51,567.72,565.27,567.03,78253.0,606.0,566.722158
2024-10-02 14:00:00+00:00,567.07,569.595,566.91,568.29,83049.0,851.0,568.056725
2024-10-02 15:00:00+00:00,568.235,569.88,568.11,569.47,40212.0,591.0,569.272293
2024-10-02 16:00:00+00:00,569.51,569.77,567.87,567.87,27518.0,367.0,569.217872
2024-10-02 17:00:00+00:00,567.865,569.105,567.65,569.105,45159.0,655.0,568.164877
2024-10-02 18:00:00+00:00,569.15,569.29,567.84,568.905,33952.0,418.0,568.760782
2024-10-02 19:00:00+00:00,568.865,569.44,568.725,568.83,85417.0,1144.0,569.075785
2024-10-02 20:00:00+00:00,569.0,569.77,569.0,569.77,400.0,4.0,569.35
2024-10-03 12:00:00+00:00,568.01,568.01,568.01,568.01,200.0,2.0,568.01
2024-10-03 13:00:00+00:00,567.38,568.18,566.885,567.84,66359.0,857.0,567.400296
2024-10-03 14:00:00+00:00,568.17,569.78,566.35,566.655,170598.0,2328.0,568.245809
2024-10-03 15:00:00+00:00,566.655,568.87,566.26,568.46,57711.0,918.0,567.655061
2024-10-03 16:00:00+00:00,568.49,569.14,565.87,566.39,59384.0,1062.0,567.506147
2024-10-03 17:00:00+00:00,566.28,567.38,565.49,567.02,93563.0,1202.0,566.591387
2024-10-03 18:00:00+00:00,567.16,567.39,566.55,566.75,64583.0,828.0,567.025213
2024-10-03 19:00:00+00:00,566.475,568.24,566.055,567.76,232297.0,2178.0,567.215307
2024-10-03 20:00:00+00:00,567.85,567.86,567.82,567.82,5080.0,14.0,567.821575
2024-10-04 12:00:00+00:00,571.43,571.43,571.42,571.43,700.0,5.0,571.428489
2024-10-04 13:00:00+00:00,572.67,572.675,569.89,569.97,90422.0,1086.0,571.730109
2024-10-04 14:00:00+00:00,570.14,571.1,568.2,570.11,137266.0,1488.0,569.55507
2024-10-04 15:00:00+00:00,570.1,570.7,568.31,570.47,66631.0,1006.0,569.514017
2024-10-04 16:00:00+00:00,570.5,571.49,569.52,571.0,72807.0,945.0,570.57566
2024-10-04 17:00:00+00:00,571.05,571.545,569.61,570.185,81261.0,1050.0,570.932125
2024-10-04 18:00:00+00:00,570.27,571.495,569.73,571.495,56210.0,751.0,570.659253
2024-10-04 19:00:00+00:00,571.37,573.36,571.185,572.935,171875.0,1908.0,572.486127
2024-10-07 13:00:00+00:00,571.26,571.615,570.53,570.7,91430.0,793.0,571.078797
2024-10-07 14:00:00+00:00,570.72,571.91,570.67,571.295,64483.0,962.0,571.375467
2024-10-07 15:00:00+00:00,571.22,571.74,570.67,571.2,49027.0,866.0,571.343486
2024-10-07 16:00:00+00:00,571.15,571.15,570.39,570.62,31547.0,644.0,570.755027
2024-10-07 17:00:00+00:00,570.64,570.98,569.86,570.43,51026.0,708.0,570.427016
2024-10-07 18:00:00+00:00,570.43,570.43,566.72,566.72,97195.0,1239.0,568.46768
2024-10-07 19:00:00+00:00,566.83,568.65,566.69,567.8,235287.0,2256.0,567.56567
2024-10-07 20:00:00+00:00,568.02,568.02,568.02,568.02,100.0,1.0,568.02
2024-10-08 13:00:00+00:00,570.41,570.82,569.55,570.71,100271.0,811.0,570.063596
2024-10-08 14:00:00+00:00,570.9,572.44,570.435,571.8,139718.0,1409.0,571.498078
2024-10-08 15:00:00+00:00,571.86,572.325,571.285,572.23,57963.0,968.0,571.875194
2024-10-08 16:00:00+00:00,572.13,572.27,571.4,571.86,64996.0,969.0,571.896682
2024-10-08 17:00:00+00:00,571.97,571.97,570.67,571.76,55874.0,831.0,571.243182
2024-10-08 18:00:00+00:00,571.75,572.88,571.7,572.78,35859.0,664.0,572.249104
2024-10-08 19:00:00+00:00,572.69,573.78,572.38,573.19,198197.0,2246.0,573.21317
2024-10-08 20:00:00+00:00,572.9,572.9,572.9,572.9,200.0,2.0,572.9
2024-10-09 13:00:00+00:00,573.16,573.77,572.6,573.5,57599.0,592.0,573.22891
2024-10-09 14:00:00+00:00,573.53,574.92,573.52,574.9,78914.0,1080.0,574.160577
2024-10-09 15:00:00+00:00,574.96,577.06,574.95,576.89,82425.0,1210.0,575.97236
2024-10-09 16:00:00+00:00,576.905,576.905,575.7,575.945,62845.0,895.0,576.343573
2024-10-09 17:00:00+00:00,575.875,576.62,575.02,575.76,41459.0,637.0,576.108054
2024-10-09 18:00:00+00:00,575.67,576.49,575.49,576.11,54832.0,770.0,576.110723
2024-10-09 19:00:00+00:00,576.085,577.69,575.94,577.07,184848.0,1718.0,577.228764
2024-10-09 20:00:00+00:00,576.5,576.5,576.5,576.5,106.0,1.0,576.5
2024-10-10 12:00:00+00:00,575.78,575.85,575.78,575.85,240.0,3.0,575.815
2024-10-10 13:00:00+00:00,575.72,576.23,574.685,575.4,88302.0,664.0,575.45402
2024-10-10 14:00:00+00:00,575.45,576.57,575.17,575.355,117899.0,1199.0,576.17732
2024-10-10 15:00:00+00:00,575.36,576.97,575.145,576.955,56365.0,711.0,576.093107
2024-10-10 16:00:00+00:00,576.93,577.54,575.81,576.245,54120.0,605.0,576.679676
2024-10-10 17:00:00+00:00,576.155,576.67,575.0,576.23,75418.0,984.0,576.031958
2024-10-10 18:00:00+00:00,576.195,576.195,574.51,575.32,73838.0,1054.0,575.340843
2024-10-10 19:00:00+00:00,575.36,576.525,574.855,576.2,148477.0,1511.0,575.869131
2024-10-10 20:00:00+00:00,576.0,576.41,575.97,576.41,6349.0,14.0,576.007939
2024-10-11 13:00:00+00:00,575.955,577.49,575.955,577.29,71055.0,613.0,576.855763
2024-10-11 14:00:00+00:00,577.23,580.07,577.06,579.085,94243.0,1299.0,579.090669
2024-10-11 15:00:00+00:00,579.125,579.66,579.03,579.635,44613.0,513.0,579.359472
2024-10-11 16:00:00+00:00,579.635,579.635,578.09,578.82,54434.0,745.0,578.781781
2024-10-11 17:00:00+00:00,578.89,579.35,578.405,579.145,39818.0,702.0,578.845455
2024-10-11 18:00:00+00:00,579.14,579.86,578.79,579.67,53241.0,873.0,579.45848
2024-10-11 19:00:00+00:00,579.6,580.3,579.49,579.6,157426.0,1906.0,579.88812
2024-10-11 20:00:00+00:00,579.57,579.58,579.2,579.2,4053.0,9.0,579.394988
2024-10-14 13:00:00+00:00,581.215,583.22,580.73,583.22,55315.0,593.0,582.00376
2024-10-14 14:00:00+00:00,583.44,583.77,582.625,582.87,84616.0,1186.0,583.279899
2024-10-14 15:00:00+00:00,582.82,583.41,582.47,583.41,47407.0,679.0,582.990611
2024-10-14 16:00:00+00:00,583.425,583.96,583.41,583.81,43644.0,542.0,583.784136
2024-10-14 17:00:00+00:00,583.8,584.1,583.555,583.63,33849.0,603.0,583.799815
2024-10-14 18:00:00+00:00,583.5,584.62,583.33,584.27,44429.0,788.0,584.176068
2024-10-14 19:00:00+00:00,584.22,585.27,584.015,584.31,275003.0,1967.0,584.399911
2024-10-14 20:00:00+00:00,584.2,584.23,584.2,584.23,4767.0,4.0,584.212587
2024-10-15 13:00:00+00:00,584.64,584.83,584.11,584.16,57695.0,671.0,584.512812
2024-10-15 14:00:00+00:00,584.3,584.575,581.37,581.95,207490.0,2364.0,582.6234
2024-10-15 15:00:00+00:00,581.92,582.7,581.25,581.42,61993.0,1072.0,582.125631
2024-10-15 16:00:00+00:00,581.47,582.55,581.34,581.75,36382.0,718.0,581.991671
2024-10-15 17:00:00+00:00,581.76,581.93,580.89,580.9,44391.0,762.0,581.321962
2024-10-15 18:00:00+00:00,580.87,581.39,580.01,580.02,60694.0,1011.0,580.56334
2024-10-15 19:00:00+00:00,580.04,580.17,578.55,579.92,350016.0,2442.0,579.511477
2024-10-15 20:00:00+00:00,579.72,579.79,579.72,579.79,237.0,2.0,579.760464
2024-10-16 13:00:00+00:00,579.785,579.88,579.01,579.17,43222.0,498.0,579.25242
2024-10-16 14:00:00+00:00,579.16,581.1,579.07,580.095,127256.0,1306.0,580.327015
2024-10-16 15:00:00+00:00,580.185,580.865,579.805,580.215,52830.0,678.0,580.346856
2024-10-16 16:00:00+00:00,580.255,581.315,580.255,581.265,31706.0,440.0,580.872325
2024-10-16 17:00:00+00:00,581.51,581.69,580.955,581.635,30447.0,546.0,581.322501
2024-10-16 18:00:00+00:00,581.605,582.79,581.53,582.38,34377.0,518.0,582.251901
2024-10-16 19:00:00+00:00,582.37,582.62,582.11,582.27,95406.0,1001.0,582.325763
2024-10-16 20:00:00+00:00,582.29,582.29,582.12,582.2,19222.0,21.0,582.209466
2024-10-17 13:00:00+00:00,585.93,586.09,583.24,583.995,104712.0,1146.0,584.82197
2024-10-17 14:00:00+00:00,584.26,584.415,582.88,583.14,71876.0,1012.0,583.472223
2024-10-17 15:00:00+00:00,583.14,584.75,582.46,584.75,71317.0,716.0,583.869497
2024-10-17 16:00:00+00:00,584.73,584.95,583.77,584.34,37097.0,608.0,584.41202
2024-10-17 17:00:00+00:00,584.48,584.69,584.09,584.39,25764.0,536.0,584.450777
2024-10-17 18:00:00+00:00,584.4,584.4,582.44,583.31,68036.0,1049.0,583.066961
2024-10-17 19:00:00+00:00,583.35,583.37,582.16,582.32,183775.0,1925.0,582.521124
2024-10-18 13:00:00+00:00,584.09,584.22,582.64,583.29,58279.0,658.0,583.416314
2024-10-18 14:00:00+00:00,583.17,584.02,583.16,583.5,115374.0,1437.0,583.530837
2024-10-18 15:00:00+00:00,583.41,584.46,583.4,583.86,72190.0,938.0,584.006361
2024-10-18 16:00:00+00:00,583.9,585.205,583.75,584.69,59586.0,742.0,584.532748
2024-10-18 17:00:00+00:00,584.66,585.09,584.52,584.58,45519.0,746.0,584.827319
2024-10-18 18:00:00+00:00,584.565,585.36,583.84,584.915,44857.0,672.0,584.774191
2024-10-18 19:00:00+00:00,584.76,584.76,584.08,584.6,121387.0,1573.0,584.427675
2024-10-18 20:00:00+00:00,584.47,584.74,584.47,584.66,15579.0,32.0,584.663332
2024-10-21 13:00:00+00:00,583.91,584.45,583.77,584.005,36948.0,425.0,584.10467
2024-10-21 14:00:00+00:00,584.08,584.79,582.11,582.605,138907.0,1758.0,583.552723
2024-10-21 15:00:00+00:00,582.54,582.61,580.68,582.21,113252.0,1597.0,581.466491
2024-10-21 16:00:00+00:00,582.39,582.85,581.82,582.82,30227.0,490.0,582.214154
2024-10-21 17:00:00+00:00,582.895,583.325,582.71,583.21,40121.0,576.0,583.078745
2024-10-21 18:00:00+00:00,583.28,583.28,582.28,582.325,47879.0,736.0,582.777133
2024-10-21 19:00:00+00:00,582.33,583.72,582.22,583.72,139656.0,1538.0,583.099294
2024-10-21 20:00:00+00:00,583.57,584.03,583.57,584.03,11571.0,13.0,583.704267
2024-10-22 13:00:00+00:00,581.05,581.4,580.44,581.15,34096.0,516.0,580.986316
2024-10-22 14:00:00+00:00,581.37,582.14,581.06,581.99,65931.0,1101.0,581.629757
2024-10-22 15:00:00+00:00,581.975,582.42,581.55,582.16,40020.0,765.0,582.118921
2024-10-22 16:00:00+00:00,582.01,582.61,581.64,582.52,41574.0,666.0,582.081369
2024-10-22 17:00:00+00:00,582.58,583.85,582.325,583.85,35826.0,529.0,583.109336
2024-10-22 18:00:00+00:00,583.945,584.49,582.965,583.06,41593.0,556.0,583.724763
2024-10-22 19:00:00+00:00,582.95,584.16,582.905,583.33,92588.0,1123.0,583.621431
2024-10-23 13:00:00+00:00,581.32,581.665,580.975,581.31,56539.0,754.0,581.352274
2024-10-23 14:00:00+00:00,581.29,581.63,580.13,580.49,112559.0,1516.0,580.859017
2024-10-23 15:00:00+00:00,580.49,580.73,578.81,579.8,75835.0,1389.0,579.557503
2024-10-23 16:00:00+00:00,579.7,579.74,577.67,578.125,58552.0,1018.0,578.51121
2024-10-23 17:00:00+00:00,578.0,578.1,575.93,576.035,103630.0,1467.0,576.716673
2024-10-23 18:00:00+00:00,575.9,577.17,574.48,577.17,120491.0,1564.0,576.068986
2024-10-23 19:00:00+00:00,577.1,578.11,576.815,578.04,223284.0,2239.0,577.683851
2024-10-24 13:00:00+00:00,580.02,580.05,578.64,579.31,106675.0,1018.0,579.176036
2024-10-24 14:00:00+00:00,579.33,579.92,578.55,578.79,99654.0,1633.0,579.270803
2024-10-24 15:00:00+00:00,578.85,579.35,577.07,578.02,80709.0,1283.0,578.421885
2024-10-24 16:00:00+00:00,578.06,578.94,576.62,578.86,72128.0,1139.0,577.637519
2024-10-24 17:00:00+00:00,578.845,579.55,578.575,578.62,55122.0,778.0,579.078575
2024-10-24 18:00:00+00:00,578.38,579.28,578.105,578.81,60597.0,964.0,578.769559
2024-10-24 19:00:00+00:00,578.74,579.82,578.25,579.23,185341.0,2163.0,579.334721
2024-10-24 20:00:00+00:00,579.41,579.41,579.41,579.41,200.0,2.0,579.41
2024-10-25 12:00:00+00:00,581.25,581.25,581.25,581.25,200.0,2.0,581.25
2024-10-25 13:00:00+00:00,581.595,583.46,581.5,583.26,78483.0,925.0,582.581355
2024-10-25 14:00:00+00:00,583.48,584.44,583.31,583.46,113026.0,1525.0,583.931528
2024-10-25 15:00:00+00:00,583.66,583.74,581.75,582.18,88520.0,1262.0,582.781938
2024-10-25 16:00:00+00:00,582.055,582.79,581.82,582.02,40991.0,683.0,582.19671
2024-10-25 17:00:00+00:00,581.98,582.01,578.53,579.2,119650.0,1180.0,580.408383
2024-10-25 18:00:00+00:00,579.28,580.46,578.14,580.25,90206.0,1271.0,579.332218
2024-10-25 19:00:00+00:00,580.09,580.18,578.54,579.01,241215.0,1940.0,579.20629
2024-10-28 13:00:00+00:00,582.62,582.62,581.4,581.43,96471.0,1096.0,581.985526
2024-10-28 14:00:00+00:00,581.625,582.48,581.31,582.05,117931.0,1447.0,582.02596
2024-10-28 15:00:00+00:00,581.98,582.0,580.8,580.98,64163.0,956.0,581.373502
2024-10-28 16:00:00+00:00,580.86,581.62,580.7,581.11,38792.0,731.0,581.099201
2024-10-28 17:00:00+00:00,581.08,581.74,580.69,581.655,31409.0,686.0,581.37963
2024-10-28 18:00:00+00:00,581.6,581.84,580.87,581.1,37729.0,820.0,581.383881
2024-10-28 19:00:00+00:00,580.88,581.7,580.54,580.77,242365.0,2099.0,580.855335
2024-10-28 20:00:00+00:00,580.86,580.93,580.73,580.93,10627.0,14.0,580.866401
2024-10-29 12:00:00+00:00,579.87,579.87,579.87,579.87,100.0,1.0,579.87
2024-10-29 13:00:00+00:00,579.865,580.05,578.435,580.02,101199.0,1143.0,579.18718
2024-10-29 14:00:00+00:00,579.71,581.82,579.64,581.36,187336.0,1772.0,580.693085
2024-10-29 15:00:00+00:00,581.28,581.585,580.58,581.37,42216.0,942.0,581.121934
2024-10-29 16:00:00+00:00,581.57,582.06,580.865,581.96,64625.0,1003.0,581.529949
2024-10-29 17:00:00+00:00,582.05,582.64,581.51,581.975,54233.0,1015.0,582.155777
2024-10-29 18:00:00+00:00,581.92,582.88,581.71,582.42,66300.0,1257.0,582.289113
2024-10-29 19:00:00+00:00,582.445,582.905,581.345,581.7,281970.0,2472.0,581.951168
2024-10-29 20:00:00+00:00,581.87,582.84,581.87,582.53,1100.0,6.0,582.52
2024-10-30 12:00:00+00:00,581.8,581.8,581.8,581.8,100.0,1.0,581.8
2024-10-30 13:00:00+00:00,581.295,581.91,579.33,581.86,111011.0,1108.0,580.851734
2024-10-30 14:00:00+00:00,581.93,582.88,581.78,582.44,76710.0,1357.0,582.379938
2024-10-30 15:00:00+00:00,582.36,583.31,581.615,583.08,79995.0,1314.0,582.499427
2024-10-30 16:00:00+00:00,583.05,583.16,581.995,581.995,37461.0,846.0,582.531549
2024-10-30 17:00:00+00:00,581.975,582.255,580.305,580.66,104418.0,1314.0,581.375996
2024-10-30 18:00:00+00:00,580.65,581.79,580.65,581.17,65627.0,1059.0,581.326291
2024-10-30 19:00:00+00:00,581.105,581.105,579.38,579.97,365703.0,2210.0,580.006501
2024-10-30 20:00:00+00:00,579.13,579.6,579.05,579.55,980.0,9.0,579.393348
2024-10-31 13:00:00+00:00,575.5,575.53,573.195,573.75,167116.0,1477.0,574.377946
2024-10-31 14:00:00+00:00,573.71,573.71,570.98,571.19,272913.0,2751.0,572.42022
2024-10-31 15:00:00+00:00,571.095,571.67,570.1,570.89,128487.0,1816.0,570.825969
2024-10-31 16:00:00+00:00,570.945,571.91,570.53,571.325,105418.0,1686.0,571.358513
2024-10-31 17:00:00+00:00,571.36,571.985,570.15,570.365,87125.0,1490.0,571.009712
2024-10-31 18:00:00+00:00,570.405,570.83,569.73,570.675,151448.0,2426.0,570.278288
2024-10-31 19:00:00+00:00,570.72,572.0,568.46,568.46,339020.0,3545.0,570.517586
2024-10-31 20:00:00+00:00,570.2,570.2,568.52,568.6,1001.0,10.0,569.222969
2024-11-01 13:00:00+00:00,571.26,573.34,570.74,573.12,94514.0,1091.0,572.119002
2024-11-01 14:00:00+00:00,573.18,575.5,572.675,574.3,196328.0,2224.0,573.783428
2024-11-01 15:00:00+00:00,574.39,575.23,573.5,573.7,64554.0,993.0,574.456508
2024-11-01 16:00:00+00:00,573.95,574.25,572.66,572.95,52765.0,783.0,573.55749
2024-11-01 17:00:00+00:00,573.14,573.835,571.605,571.665,73128.0,1044.0,572.494732
2024-11-01 18:00:00+00:00,571.58,572.39,571.245,572.24,61832.0,993.0,571.825135
2024-11-01 19:00:00+00:00,572.195,572.93,570.635,571.03,280713.0,2509.0,571.319156
2024-11-04 14:00:00+00:00,571.17,571.535,569.3,571.52,77404.0,981.0,570.811648
2024-11-04 15:00:00+00:00,571.45,572.49,571.225,571.64,106431.0,1514.0,571.843363
2024-11-04 16:00:00+00:00,571.68,572.18,568.31,568.86,110654.0,1574.0,570.413868
2024-11-04 17:00:00+00:00,568.88,570.84,567.91,570.49,74816.0,1083.0,569.446218
2024-11-04 18:00:00+00:00,570.43,571.22,569.26,570.645,40054.0,710.0,570.557715
2024-11-04 19:00:00+00:00,570.75,571.18,570.205,570.51,63490.0,773.0,570.776785
2024-11-04 20:00:00+00:00,570.4,570.65,569.23,569.78,211405.0,2003.0,569.720945
2024-11-04 21:00:00+00:00,569.81,569.81,569.81,569.81,15958.0,27.0,569.81
2024-11-05 14:00:00+00:00,570.68,574.01,570.53,573.99,78602.0,875.0,572.504077
2024-11-05 15:00:00+00:00,574.14,575.135,573.58,573.905,136692.0,1461.0,574.276788
2024-11-05 16:00:00+00:00,574.08,575.55,573.555,575.45,84331.0,1031.0,574.872119
2024-11-05 17:00:00+00:00,575.4,576.4,575.19,576.02,51788.0,733.0,575.865544
2024-11-05 18:00:00+00:00,576.03,576.365,574.6,575.22,72329.0,966.0,575.509412
2024-11-05 19:00:00+00:00,575.25,575.87,574.71,575.01,73686.0,1343.0,575.354059
2024-11-05 20:00:00+00:00,574.81,576.7,574.78,576.69,265296.0,2692.0,575.989555
2024-11-05 21:00:00+00:00,576.82,577.01,576.78,576.96,3730.0,8.0,576.828177
2024-11-06 14:00:00+00:00,588.3,589.37,585.46,586.025,207196.0,2118.0,587.767129
2024-11-06 15:00:00+00:00,586.13,589.07,586.13,587.01,243608.0,2977.0,587.644177
2024-11-06 16:00:00+00:00,586.98,588.83,586.32,588.77,127680.0,1879.0,587.980734
2024-11-06 17:00:00+00:00,588.695,589.47,588.34,589.26,102793.0,1555.0,588.802212
2024-11-06 18:00:00+00:00,589.15,590.68,589.12,590.27,119344.0,1603.0,590.120054
2024-11-06 19:00:00+00:00,590.295,590.84,589.93,590.55,144981.0,2496.0,590.406487
2024-11-06 20:00:00+00:00,590.515,591.93,590.455,591.01,399207.0,4013.0,591.156353
2024-11-06 21:00:00+00:00,591.04,591.14,591.04,591.14,4933.0,20.0,591.128592
2024-11-07 14:00:00+00:00,593.21,594.04,593.02,593.96,74873.0,965.0,593.48048
2024-11-07 15:00:00+00:00,593.96,594.95,593.79,594.765,125307.0,1539.0,594.307673
2024-11-07 16:00:00+00:00,594.88,595.28,594.13,595.15,112134.0,1346.0,594.721305
2024-11-07 17:00:00+00:00,595.04,595.5,594.78,595.38,90111.0,1056.0,595.116614
2024-11-07 18:00:00+00:00,595.335,595.395,594.26,594.78,102747.0,1356.0,594.79627
2024-11-07 19:00:00+00:00,594.755,595.92,593.96,595.92,114213.0,1314.0,594.915652
2024-11-07 20:00:00+00:00,595.95,596.65,595.19,595.75,310545.0,3309.0,595.837923
2024-11-07 21:00:00+00:00,595.59,596.16,595.59,596.16,980.0,4.0,596.069184
2024-11-08 14:00:00+00:00,596.26,597.22,596.26,597.16,70876.0,792.0,596.752917
2024-11-08 15:00:00+00:00,597.21,597.96,596.595,597.78,115394.0,1531.0,597.32793
2024-11-08 16:00:00+00:00,597.745,598.2,597.36,597.945,90478.0,1381.0,597.861255
2024-11-08 17:00:00+00:00,597.885,598.35,597.47,598.11,84133.0,2130.0,597.870799
2024-11-08 18:00:00+00:00,598.095,599.18,597.98,599.065,62885.0,1091.0,598.555057
2024-11-08 19:00:00+00:00,599.015,599.595,598.68,598.99,56162.0,922.0,599.144239
2024-11-08 20:00:00+00:00,598.92,598.92,597.65,598.25,269345.0,2217.0,598.082377
2024-11-08 21:00:00+00:00,598.25,598.37,598.25,598.37,5140.0,8.0,598.287354
2024-11-11 14:00:00+00:00,599.88,600.14,598.95,599.165,98204.0,940.0,599.540138
2024-11-11 15:00:00+00:00,599.16,599.93,598.6,599.71,139199.0,1369.0,599.163882
2024-11-11 16:00:00+00:00,599.72,599.91,598.97,599.5,105263.0,1385.0,599.39395
2024-11-11 17:00:00+00:00,599.37,599.545,598.225,598.235,77307.0,1198.0,598.807964
2024-11-11 18:00:00+00:00,598.13,598.59,597.02,598.205,83875.0,955.0,597.780447
2024-11-11 19:00:00+00:00,598.23,598.405,598.0,598.285,78730.0,984.0,598.186067
2024-11-11 20:00:00+00:00,598.235,598.81,597.99,598.81,285240.0,1942.0,598.397006
2024-11-11 21:00:00+00:00,598.73,598.73,598.44,598.44,1749.0,3.0,598.689427
2024-11-12 14:00:00+00:00,598.65,599.285,598.45,598.915,69534.0,917.0,598.923902
2024-11-12 15:00:00+00:00,598.96,598.99,597.2,597.26,121073.0,1748.0,598.044822
2024-11-12 16:00:00+00:00,597.27,597.55,596.36,596.51,66889.0,1158.0,597.027494
2024-11-12 17:00:00+00:00,596.455,596.675,594.65,594.695,52164.0,955.0,596.079243
2024-11-12 18:00:00+00:00,594.645,597.775,594.42,597.425,94137.0,1385.0,596.286862
2024-11-12 19:00:00+00:00,597.405,598.4,597.37,598.01,92819.0,1271.0,597.949773
2024-11-12 20:00:00+00:00,598.01,598.15,596.51,596.915,252899.0,2576.0,597.179459
2024-11-12 21:00:00+00:00,597.14,597.24,597.14,597.23,7201.0,9.0,597.179722
2024-11-13 14:00:00+00:00,597.41,597.72,596.45,596.97,118489.0,1281.0,597.307885
2024-11-13 15:00:00+00:00,597.035,597.37,595.01,597.07,106760.0,1468.0,596.517941
2024-11-13 16:00:00+00:00,597.17,598.31,596.7,598.19,90127.0,1238.0,597.769049
2024-11-13 17:00:00+00:00,598.06,599.16,597.945,599.16,106973.0,1261.0,598.73284
2024-11-13 18:00:00+00:00,599.145,599.17,598.36,598.87,80281.0,1328.0,598.814191
2024-11-13 19:00:00+00:00,598.9,598.91,597.05,597.245,121261.0,1529.0,597.830471
2024-11-13 20:00:00+00:00,597.2,598.51,596.51,597.22,306500.0,2797.0,597.348047
2024-11-14 14:00:00+00:00,597.38,597.81,595.88,596.24,44694.0,744.0,596.898935
2024-11-14 15:00:00+00:00,596.34,596.93,595.22,596.27,86238.0,986.0,596.267057
2024-11-14 16:00:00+00:00,596.15,596.78,595.59,595.65,36746.0,561.0,596.15656
2024-11-14 17:00:00+00:00,595.635,595.79,593.85,595.09,65679.0,1147.0,594.819138
2024-11-14 18:00:00+00:00,595.01,595.7,593.8,593.94,59778.0,684.0,595.081459
2024-11-14 19:00:00+00:00,593.87,595.785,593.87,595.28,64286.0,808.0,594.999512
2024-11-14 20:00:00+00:00,595.28,595.3,592.71,593.42,249816.0,2213.0,593.477388
2024-11-14 21:00:00+00:00,592.88,592.88,592.88,592.88,100.0,1.0,592.88
2024-11-15 14:00:00+00:00,589.72,590.17,588.49,588.68,79738.0,1349.0,589.210959
2024-11-15 15:00:00+00:00,588.52,588.52,586.1,586.445,175083.0,2381.0,587.017418
2024-11-15 16:00:00+00:00,586.33,587.375,585.52,585.76,155563.0,2260.0,586.509866
2024-11-15 17:00:00+00:00,585.715,585.925,584.65,585.49,108899.0,1715.0,585.435818
2024-11-15 18:00:00+00:00,585.46,585.655,583.88,584.47,92373.0,1393.0,585.036148
2024-11-15 19:00:00+00:00,584.555,585.77,584.035,584.99,155932.0,2057.0,584.732785
2024-11-15 20:00:00+00:00,584.945,586.17,584.77,585.74,186105.0,2438.0,585.475287
2024-11-15 21:00:00+00:00,586.37,586.37,586.09,586.18,621.0,5.0,586.22
2024-11-18 14:00:00+00:00,585.95,586.38,585.37,585.72,56679.0,767.0,585.717536
2024-11-18 15:00:00+00:00,585.8,588.35,585.63,588.245,90435.0,1530.0,587.464057
2024-11-18 16:00:00+00:00,588.18,589.465,587.96,588.32,101515.0,1107.0,588.759919
2024-11-18 17:00:00+00:00,588.29,588.645,587.77,588.64,61086.0,820.0,588.195596
2024-11-18 18:00:00+00:00,588.64,588.65,587.06,588.32,60108.0,1001.0,587.88153
2024-11-18 19:00:00+00:00,588.345,588.37,587.1,588.055,67627.0,1240.0,587.656585
2024-11-18 20:00:00+00:00,588.13,588.41,587.52,588.21,196419.0,1845.0,587.971442
2024-11-18 21:00:00+00:00,588.22,588.29,587.88,587.95,2600.0,11.0,588.173864
2024-11-19 14:00:00+00:00,584.74,585.77,584.06,585.22,66486.0,811.0,585.030835
2024-11-19 15:00:00+00:00,584.97,588.05,584.66,587.75,96988.0,1555.0,586.101851
2024-11-19 16:00:00+00:00,587.735,589.24,587.68,588.93,59050.0,858.0,588.621691
2024-11-19 17:00:00+00:00,588.785,589.495,588.11,589.16,68856.0,824.0,588.880398
2024-11-19 18:00:00+00:00,589.08,591.01,588.8,590.95,51531.0,898.0,589.804225
2024-11-19 19:00:00+00:00,590.935,590.945,589.11,589.73,88028.0,1325.0,589.955656
2024-11-19 20:00:00+00:00,589.62,590.6,589.4,590.19,159150.0,2165.0,590.058748
2024-11-20 14:00:00+00:00,590.44,590.48,587.41,587.41,77062.0,804.0,588.643661
2024-11-20 15:00:00+00:00,587.43,588.13,584.705,587.38,182906.0,2006.0,586.257828
2024-11-20 16:00:00+00:00,587.37,588.69,585.54,588.38,85654.0,1713.0,586.886086
2024-11-20 17:00:00+00:00,588.36,588.66,586.15,587.15,68377.0,1247.0,587.464619
2024-11-20 18:00:00+00:00,587.18,587.675,586.19,586.83,38727.0,749.0,587.023153
2024-11-20 19:00:00+00:00,586.76,587.87,586.28,587.53,45542.0,839.0,587.025578
2024-11-20 20:00:00+00:00,587.415,590.76,587.25,590.49,248969.0,2988.0,589.874057
2024-11-21 14:00:00+00:00,593.4,593.54,588.62,589.795,84523.0,1052.0,590.702032
2024-11-21 15:00:00+00:00,589.785,591.79,587.52,591.54,156905.0,1680.0,589.333601
2024-11-21 16:00:00+00:00,591.74,593.12,591.09,591.93,70215.0,956.0,591.996365
2024-11-21 17:00:00+00:00,591.82,594.12,591.11,593.64,103794.0,1229.0,592.919952
2024-11-21 18:00:00+00:00,593.76,594.78,593.68,594.43,67394.0,1171.0,594.24662
2024-11-21 19:00:00+00:00,594.465,594.675,593.555,594.63,84142.0,1006.0,594.127328
2024-11-21 20:00:00+00:00,594.74,595.1,593.59,593.665,167290.0,2007.0,594.262941
2024-11-21 21:00:00+00:00,593.55,593.6,593.45,593.45,11847.0,11.0,593.536186
2024-11-22 13:00:00+00:00,593.45,593.45,593.45,593.45,100.0,1.0,593.45
2024-11-22 14:00:00+00:00,593.69,596.09,593.58,595.94,115991.0,1815.0,594.867185
2024-11-22 15:00:00+00:00,595.89,595.89,593.185,595.77,114908.0,1583.0,594.578707
2024-11-22 16:00:00+00:00,595.83,595.87,593.81,595.01,62583.0,1224.0,594.694478
2024-11-22 17:00:00+00:00,595.05,595.81,594.66,595.7,65250.0,1096.0,595.361817
2024-11-22 18:00:00+00:00,595.685,596.09,595.0,595.43,61842.0,1139.0,595.609414
2024-11-22 19:00:00+00:00,595.375,595.61,594.19,595.465,61535.0,1143.0,595.132061
2024-11-22 20:00:00+00:00,595.37,596.07,594.17,595.5,189912.0,2350.0,595.289456
2024-11-25 14:00:00+00:00,599.49,600.76,598.72,599.22,102441.0,1063.0,599.705909
2024-11-25 15:00:00+00:00,599.21,599.27,597.58,598.0,123359.0,1768.0,598.544335
2024-11-25 16:00:00+00:00,597.88,598.43,597.19,597.35,107648.0,1584.0,597.890212
2024-11-25 17:00:00+00:00,597.295,597.485,595.25,596.45,80475.0,1387.0,596.484369
2024-11-25 18:00:00+00:00,596.47,597.55,596.47,597.37,63943.0,1191.0,597.230598
2024-11-25 19:00:00+00:00,597.295,597.44,596.61,597.05,53095.0,1000.0,597.189033
2024-11-25 20:00:00+00:00,596.885,597.72,596.685,597.49,203009.0,2364.0,597.361956
2024-11-25 21:00:00+00:00,597.62,598.15,597.62,598.15,360.0,3.0,597.847143
2024-11-26 14:00:00+00:00,598.815,599.58,598.525,598.84,78019.0,709.0,599.043455
2024-11-26 15:00:00+00:00,599.22,599.41,598.08,599.05,77388.0,1122.0,598.757927
2024-11-26 16:00:00+00:00,599.25,599.81,598.88,599.75,64199.0,1036.0,599.460195
2024-11-26 17:00:00+00:00,599.76,600.11,599.085,600.085,63052.0,1490.0,599.638192
2024-11-26 18:00:00+00:00,600.075,600.17,599.655,600.04,74951.0,1279.0,599.966369
2024-11-26 19:00:00+00:00,600.1,600.395,599.25,600.065,73219.0,1236.0,599.822008
2024-11-26 20:00:00+00:00,599.96,601.29,599.96,600.725,268825.0,2619.0,600.770456
2024-11-26 21:00:00+00:00,601.07,601.21,600.98,601.0,17002.0,41.0,601.133793
2024-11-27 14:00:00+00:00,600.5,600.815,600.02,600.4,59605.0,649.0,600.354416
2024-11-27 15:00:00+00:00,600.28,600.38,598.59,598.92,90135.0,1415.0,599.476142
2024-11-27 16:00:00+00:00,598.855,599.14,598.03,598.15,91926.0,1438.0,598.525528
2024-11-27 17:00:00+00:00,598.03,598.44,597.32,598.375,49672.0,1085.0,597.943976
2024-11-27 18:00:00+00:00,598.34,599.11,598.18,598.92,50715.0,941.0,598.680708
2024-11-27 19:00:00+00:00,598.955,599.07,598.45,598.77,48575.0,971.0,598.851557
2024-11-27 20:00:00+00:00,598.735,598.99,597.95,598.68,133884.0,1862.0,598.63879
2024-11-27 21:00:00+00:00,598.82,598.82,598.59,598.7,7759.0,13.0,598.705791
2024-11-29 14:00:00+00:00,599.64,600.7,599.47,600.695,72413.0,909.0,600.104968
2024-11-29 15:00:00+00:00,600.74,601.87,600.715,601.81,68050.0,1164.0,601.344968
2024-11-29 16:00:00+00:00,601.845,602.885,601.82,602.69,84617.0,1343.0,602.32861
2024-11-29 17:00:00+00:00,602.64,603.34,602.315,602.49,256243.0,2182.0,602.773887
2024-11-29 18:00:00+00:00,602.6,602.69,602.24,602.24,480.0,5.0,602.54
2024-12-02 14:00:00+00:00,602.65,603.61,602.48,602.8,71590.0,937.0,603.093678
2024-12-02 15:00:00+00:00,602.98,603.56,602.49,602.67,78465.0,1241.0,603.074943
2024-12-02 16:00:00+00:00,602.705,603.86,602.52,603.655,52244.0,1077.0,603.402728
2024-12-02 17:00:00+00:00,603.73,603.96,603.435,603.61,47528.0,1017.0,603.749405
2024-12-02 18:00:00+00:00,603.535,603.85,603.41,603.825,42113.0,812.0,603.624572
2024-12-02 19:00:00+00:00,603.76,603.965,603.08,603.93,54707.0,936.0,603.53872
2024-12-02 20:00:00+00:00,603.86,604.3,603.47,603.67,150438.0,1903.0,603.800291
2024-12-02 21:00:00+00:00,603.78,604.18,603.74,604.05,9871.0,16.0,603.947768
2024-12-03 14:00:00+00:00,603.33,603.67,602.77,603.32,64582.0,582.0,603.09979
2024-12-03 15:00:00+00:00,603.23,603.61,602.39,602.875,87322.0,1372.0,602.986058
2024-12-03 16:00:00+00:00,602.88,603.475,602.38,602.55,57434.0,926.0,602.948676
2024-12-03 17:00:00+00:00,602.575,603.7,602.575,603.67,33270.0,806.0,603.180599
2024-12-03 18:00:00+00:00,603.59,603.84,603.29,603.46,61774.0,865.0,603.5434
2024-12-03 19:00:00+00:00,603.38,604.15,603.18,604.06,82621.0,953.0,603.649318
2024-12-03 20:00:00+00:00,604.02,604.14,603.52,603.87,200071.0,2127.0,603.924806
2024-12-03 21:00:00+00:00,603.8,604.41,603.8,604.41,4203.0,12.0,603.851916
2024-12-04 14:00:00+00:00,606.05,606.16,605.57,605.86,51161.0,617.0,605.820793
2024-12-04 15:00:00+00:00,605.85,606.28,604.98,606.215,71288.0,1028.0,605.698429
2024-12-04 16:00:00+00:00,606.27,606.5,606.09,606.35,42096.0,1244.0,606.328318
2024-12-04 17:00:00+00:00,606.345,606.505,605.985,606.4,53885.0,686.0,606.25243
2024-12-04 18:00:00+00:00,606.32,606.49,605.24,606.0,49721.0,617.0,605.887768
2024-12-04 19:00:00+00:00,606.01,607.09,606.0,606.88,84273.0,1094.0,606.77074
2024-12-04 20:00:00+00:00,606.905,607.84,606.835,607.62,312190.0,3146.0,607.505823
2024-12-04 21:00:00+00:00,607.45,607.46,607.23,607.31,24620.0,36.0,607.385402
2024-12-05 14:00:00+00:00,607.655,607.83,607.38,607.78,40795.0,698.0,607.583501
2024-12-05 15:00:00+00:00,607.78,608.17,606.81,606.95,100714.0,1397.0,607.24155
2024-12-05 16:00:00+00:00,606.905,607.765,606.84,607.74,85712.0,1507.0,607.311885
2024-12-05 17:00:00+00:00,607.755,608.45,607.645,608.39,97380.0,1715.0,608.086089
2024-12-05 18:00:00+00:00,608.32,608.32,606.92,607.33,88622.0,1286.0,607.602312
2024-12-05 19:00:00+00:00,607.33,607.595,606.92,607.19,75946.0,1432.0,607.301868
2024-12-05 20:00:00+00:00,607.125,607.405,606.305,606.69,343062.0,2950.0,606.820494
2024-12-05 21:00:00+00:00,606.63,606.63,605.96,606.07,15123.0,49.0,606.23438
2024-12-06 14:00:00+00:00,607.47,609.01,607.35,609.0,70842.0,806.0,608.291277
2024-12-06 15:00:00+00:00,608.975,609.05,608.26,608.705,88252.0,1312.0,608.693632
2024-12-06 16:00:00+00:00,608.68,608.73,607.59,607.965,63913.0,1362.0,608.10131
2024-12-06 17:00:00+00:00,607.82,607.86,607.18,607.365,49489.0,1003.0,607.513877
2024-12-06 18:00:00+00:00,607.35,608.36,607.305,608.03,56619.0,1023.0,607.968818
2024-12-06 19:00:00+00:00,608.01,608.01,607.02,607.34,156113.0,1374.0,607.267793
2024-12-06 20:00:00+00:00,607.34,608.12,607.16,607.89,237032.0,2213.0,607.740338
2024-12-06 21:00:00+00:00,607.95,607.95,607.75,607.78,11250.0,12.0,607.810912
2024-12-09 14:00:00+00:00,607.59,607.84,607.21,607.435,72622.0,842.0,607.444476
2024-12-09 15:00:00+00:00,607.45,607.57,605.29,605.39,154145.0,1929.0,606.523229
2024-12-09 16:00:00+00:00,605.38,606.12,604.61,606.065,160870.0,1537.0,605.515414
2024-12-09 17:00:00+00:00,605.99,606.07,605.3,605.325,61860.0,1240.0,605.726128
2024-12-09 18:00:00+00:00,605.335,606.42,605.1,606.01,71343.0,1103.0,605.921942
2024-12-09 19:00:00+00:00,605.995,605.995,604.53,605.01,97122.0,1288.0,605.212962
2024-12-09 20:00:00+00:00,604.99,605.06,604.09,604.65,412997.0,2376.0,604.490126
2024-12-09 21:00:00+00:00,604.47,604.62,604.1,604.32,39112.0,46.0,604.461087
2024-12-10 14:00:00+00:00,605.36,605.36,604.3,604.94,71293.0,887.0,604.637802
2024-12-10 15:00:00+00:00,605.13,605.68,604.92,605.0,135253.0,1719.0,605.332793
2024-12-10 16:00:00+00:00,605.0,605.25,604.325,604.58,96132.0,1691.0,604.716369
2024-12-10 17:00:00+00:00,604.53,604.99,604.18,604.34,63686.0,1124.0,604.573212
2024-12-10 18:00:00+00:00,604.295,604.59,604.04,604.06,67998.0,1047.0,604.306686
2024-12-10 19:00:00+00:00,604.04,604.085,603.57,603.67,78475.0,1377.0,603.840832
2024-12-10 20:00:00+00:00,603.65,603.65,602.16,602.9,303190.0,2407.0,602.653288
2024-12-10 21:00:00+00:00,602.9,603.4,602.9,603.36,49451.0,50.0,603.250266
2024-12-11 13:00:00+00:00,605.2,605.29,605.2,605.29,439.0,2.0,605.241002
2024-12-11 14:00:00+00:00,605.77,606.63,605.58,606.62,74948.0,850.0,606.210427
2024-12-11 15:00:00+00:00,606.62,607.215,606.34,606.78,111121.0,1490.0,606.720749
2024-12-11 16:00:00+00:00,606.755,607.86,606.51,607.69,80411.0,1310.0,607.24539
2024-12-11 17:00:00+00:00,607.73,608.18,607.63,608.065,72861.0,1040.0,607.918106
2024-12-11 18:00:00+00:00,608.16,608.395,607.76,607.78,71849.0,1219.0,608.133483
2024-12-11 19:00:00+00:00,607.81,608.21,607.56,607.96,99550.0,1386.0,607.85404
2024-12-11 20:00:00+00:00,607.94,608.09,607.31,607.57,196886.0,2555.0,607.766975
2024-12-11 21:00:00+00:00,607.29,607.29,606.95,606.96,21351.0,43.0,607.086349
2024-12-12 14:00:00+00:00,606.59,606.59,605.73,606.19,76386.0,813.0,606.03444
2024-12-12 15:00:00+00:00,606.2,606.95,605.17,606.74,142598.0,1428.0,606.030138
2024-12-12 16:00:00+00:00,606.84,607.15,605.83,605.83,68050.0,1019.0,606.651841
2024-12-12 17:00:00+00:00,605.805,606.89,605.8,606.8,78448.0,1391.0,606.439174
2024-12-12 18:00:00+00:00,606.78,606.925,605.74,605.74,55654.0,880.0,606.390314
2024-12-12 19:00:00+00:00,605.725,606.12,604.845,605.09,106290.0,1367.0,605.358257
2024-12-12 20:00:00+00:00,605.07,605.35,604.39,604.39,211809.0,1975.0,604.83913
2024-12-12 21:00:00+00:00,604.31,604.31,604.04,604.16,17265.0,34.0,604.146385
2024-12-13 14:00:00+00:00,606.35,607.085,606.03,606.08,86335.0,1131.0,606.555326
2024-12-13 15:00:00+00:00,606.17,606.17,603.44,603.47,113771.0,1593.0,604.905308
2024-12-13 16:00:00+00:00,603.45,604.655,603.09,603.66,114464.0,1312.0,603.804585
2024-12-13 17:00:00+00:00,603.785,603.97,602.83,602.86,82053.0,1830.0,603.28017
2024-12-13 18:00:00+00:00,602.92,604.36,602.84,604.105,57979.0,1374.0,603.749688
2024-12-13 19:00:00+00:00,604.095,604.62,603.975,604.285,53262.0,1087.0,604.308426
2024-12-13 20:00:00+00:00,604.295,604.695,603.78,604.26,172654.0,2013.0,604.360634
2024-12-13 21:00:00+00:00,604.04,604.12,603.42,603.42,15412.0,41.0,603.810413
2024-12-16 14:00:00+00:00,606.0,606.365,605.655,606.23,57358.0,614.0,605.932276
2024-12-16 15:00:00+00:00,606.3,607.015,605.255,606.705,77206.0,1220.0,606.462556
2024-12-16 16:00:00+00:00,606.73,606.98,606.42,606.95,56560.0,1080.0,606.635537
2024-12-16 17:00:00+00:00,606.93,607.33,606.66,607.255,64408.0,933.0,607.061484
2024-12-16 18:00:00+00:00,607.22,607.755,607.19,607.62,133992.0,1278.0,607.490823
2024-12-16 19:00:00+00:00,607.605,607.655,607.31,607.53,107293.0,1380.0,607.466071
2024-12-16 20:00:00+00:00,607.465,607.775,606.08,606.84,338052.0,3090.0,606.846215
2024-12-16 21:00:00+00:00,606.83,606.84,606.33,606.33,19082.0,25.0,606.611689
2024-12-17 14:00:00+00:00,604.18,604.86,603.66,604.38,89825.0,1133.0,604.350517
2024-12-17 15:00:00+00:00,604.29,604.29,603.165,603.94,179365.0,2247.0,603.593311
2024-12-17 16:00:00+00:00,603.935,605.16,603.91,604.915,86904.0,1453.0,604.635289
2024-12-17 17:00:00+00:00,604.94,604.97,604.27,604.8,89741.0,1539.0,604.640984
2024-12-17 18:00:00+00:00,604.675,604.735,604.02,604.245,90032.0,1298.0,604.322381
2024-12-17 19:00:00+00:00,604.24,604.27,603.255,603.41,161518.0,1657.0,603.595457
2024-12-17 20:00:00+00:00,603.39,604.735,602.89,604.24,416871.0,3394.0,603.9342
2024-12-17 21:00:00+00:00,603.8,603.94,603.71,603.86,19775.0,31.0,603.830529
2024-12-18 14:00:00+00:00,603.975,604.625,603.51,604.6,57693.0,824.0,603.952565
2024-12-18 15:00:00+00:00,604.6,606.39,604.58,605.96,98998.0,1448.0,605.542212
2024-12-18 16:00:00+00:00,606.02,606.24,604.68,605.79,90836.0,1192.0,605.59105
2024-12-18 17:00:00+00:00,605.77,606.29,605.29,605.56,100565.0,1200.0,605.772106
2024-12-18 18:00:00+00:00,605.52,605.67,605.18,605.53,54799.0,764.0,605.438178
2024-12-18 19:00:00+00:00,604.48,605.12,596.13,596.36,272751.0,2572.0,600.428695
2024-12-18 20:00:00+00:00,596.44,596.875,585.9,586.395,836612.0,7087.0,590.538007
2024-12-18 21:00:00+00:00,586.5,586.52,585.19,585.93,47319.0,85.0,586.213142
2024-12-19 14:00:00+00:00,591.355,593.0,589.845,590.525,164965.0,1907.0,591.512064
2024-12-19 15:00:00+00:00,590.635,590.89,587.83,589.76,198091.0,2728.0,589.366638
2024-12-19 16:00:00+00:00,589.67,591.38,587.85,589.8,194800.0,2779.0,589.49914
2024-12-19 17:00:00+00:00,589.82,590.08,587.49,589.085,118075.0,1910.0,588.481071
2024-12-19 18:00:00+00:00,588.865,591.23,587.3,591.23,103190.0,1789.0,589.333687
2024-12-19 19:00:00+00:00,591.16,591.26,588.11,588.12,160868.0,2012.0,589.461781
2024-12-19 20:00:00+00:00,588.17,589.41,585.965,586.12,369899.0,3905.0,587.316599
2024-12-19 21:00:00+00:00,586.4,586.4,586.4,586.4,200.0,1.0,586.4
2024-12-20 14:00:00+00:00,581.77,584.14,580.94,582.065,137519.0,1670.0,582.540784
2024-12-20 15:00:00+00:00,582.58,589.22,582.26,588.26,331379.0,3464.0,586.119656
2024-12-20 16:00:00+00:00,588.22,594.865,588.11,594.485,260685.0,2888.0,592.64564
2024-12-20 17:00:00+00:00,594.335,595.72,593.88,594.51,123080.0,1699.0,594.75713
2024-12-20 18:00:00+00:00,594.53,594.53,591.87,592.11,112768.0,1612.0,592.947064
2024-12-20 19:00:00+00:00,592.06,593.93,591.63,592.515,109295.0,1347.0,592.648477
2024-12-20 20:00:00+00:00,592.67,592.88,589.47,590.93,665944.0,4744.0,591.075122
2024-12-23 14:00:00+00:00,590.935,591.77,589.18,590.54,68366.0,893.0,591.013579
2024-12-23 15:00:00+00:00,590.02,590.03,587.76,589.06,25003.0,187.0,589.137152
2024-12-24 14:00:00+00:00,596.11,597.28,595.51,597.2,40982.0,549.0,596.574279
2024-12-24 15:00:00+00:00,597.2,599.35,597.2,599.17,96097.0,1789.0,598.299857
2024-12-24 16:00:00+00:00,599.14,599.81,598.8,598.99,64382.0,996.0,599.310229
2024-12-24 17:00:00+00:00,599.01,601.32,599.01,601.14,144099.0,1457.0,600.290532
2024-12-24 18:00:00+00:00,601.1,601.3,601.1,601.26,2127.0,23.0,601.276918
2024-12-26 14:00:00+00:00,599.465,600.24,598.13,599.92,53949.0,726.0,599.662386
2024-12-26 15:00:00+00:00,599.88,600.88,599.42,600.88,127563.0,1320.0,600.132159
2024-12-26 16:00:00+00:00,600.915,601.88,600.59,601.81,36424.0,541.0,601.331375
2024-12-26 17:00:00+00:00,601.775,602.46,600.5,600.98,70894.0,522.0,601.223387
2024-12-26 18:00:00+00:00,600.99,601.8,600.78,601.195,44532.0,515.0,601.335046
2024-12-26 19:00:00+00:00,601.265,601.76,600.675,601.73,46808.0,689.0,601.028117
2024-12-26 20:00:00+00:00,601.735,602.07,601.165,601.165,82857.0,1270.0,601.67261
2024-12-26 21:00:00+00:00,601.34,601.34,601.11,601.11,13268.0,36.0,601.337387
2024-12-27 14:00:00+00:00,597.47,597.705,596.45,596.82,72859.0,1110.0,597.122558
2024-12-27 15:00:00+00:00,596.91,596.98,592.53,593.93,292722.0,3246.0,594.23737
2024-12-27 16:00:00+00:00,593.9,594.65,591.6,592.08,139277.0,1820.0,593.199281
2024-12-27 17:00:00+00:00,592.14,592.4,590.83,592.115,110312.0,1445.0,591.554541
2024-12-27 18:00:00+00:00,592.06,594.1,591.98,593.94,86967.0,1137.0,592.989165
2024-12-27 19:00:00+00:00,593.9,595.49,593.64,595.19,89611.0,1140.0,594.308451
2024-12-27 20:00:00+00:00,595.25,595.37,592.54,594.99,355879.0,2651.0,594.321685
2024-12-27 21:00:00+00:00,595.2,595.2,595.2,595.2,164.0,1.0,595.2
2024-12-30 13:00:00+00:00,587.21,587.21,587.21,587.21,100.0,1.0,587.21
2024-12-30 14:00:00+00:00,587.97,587.97,585.22,585.22,95839.0,1506.0,586.481241
2024-12-30 15:00:00+00:00,585.07,587.36,584.45,587.01,161916.0,1592.0,585.518425
2024-12-30 16:00:00+00:00,586.945,589.63,586.41,589.245,86178.0,1316.0,588.320668
2024-12-30 17:00:00+00:00,589.3,591.47,589.17,591.08,69102.0,1277.0,590.218678
2024-12-30 18:00:00+00:00,590.38,591.71,590.01,591.165,62869.0,950.0,590.928952
2024-12-30 19:00:00+00:00,591.12,591.26,589.46,590.94,49436.0,839.0,590.503319
2024-12-30 20:00:00+00:00,590.9,591.155,588.2,588.25,143134.0,1785.0,589.684549
2024-12-30 21:00:00+00:00,588.13,588.22,587.91,587.93,10400.0,33.0,587.984901
2024-12-31 14:00:00+00:00,589.99,590.575,588.58,590.0,87813.0,801.0,589.739123
2024-12-31 15:00:00+00:00,590.04,590.62,588.21,588.72,109426.0,1101.0,589.613028
2024-12-31 16:00:00+00:00,588.57,588.59,586.57,587.04,74387.0,1080.0,587.306129
2024-12-31 17:00:00+00:00,587.06,587.37,584.955,587.29,107896.0,1397.0,586.041815
2024-12-31 18:00:00+00:00,587.23,587.65,584.85,585.435,94372.0,1203.0,586.002253
2024-12-31 19:00:00+00:00,585.355,586.545,584.45,586.33,181504.0,1705.0,585.576844
2024-12-31 20:00:00+00:00,586.14,587.43,584.97,586.07,560333.0,3709.0,586.211845
2025-01-02 14:00:00+00:00,589.39,590.44,586.25,590.13,129843.0,1250.0,588.606498
2025-01-02 15:00:00+00:00,590.5,591.09,586.35,587.58,102045.0,1635.0,588.664162
2025-01-02 16:00:00+00:00,587.74,588.63,585.28,587.9,65831.0,1014.0,587.089275
2025-01-02 17:00:00+00:00,587.84,588.35,580.96,582.895,94953.0,1571.0,583.605979
2025-01-02 18:00:00+00:00,582.73,583.07,580.51,581.89,98218.0,1246.0,581.666591
2025-01-02 19:00:00+00:00,581.87,583.97,581.41,582.14,60646.0,902.0,582.592059
2025-01-02 20:00:00+00:00,582.16,585.27,582.16,584.62,188136.0,2727.0,584.33949
2025-01-02 21:00:00+00:00,585.18,585.2,585.18,585.2,2630.0,5.0,585.183802
2025-01-03 14:00:00+00:00,587.54,589.54,586.81,588.0,94548.0,1124.0,587.959153
2025-01-03 15:00:00+00:00,588.16,589.43,586.54,589.16,104874.0,1479.0,588.300087
2025-01-03 16:00:00+00:00,589.18,590.98,588.15,590.625,43876.0,1140.0,589.618453
2025-01-03 17:00:00+00:00,590.57,591.005,590.005,590.73,58658.0,1230.0,590.483796
2025-01-03 18:00:00+00:00,590.56,591.835,590.23,591.3,54516.0,1041.0,591.203622
2025-01-03 19:00:00+00:00,591.26,592.58,591.115,592.09,49896.0,999.0,592.06924
2025-01-03 20:00:00+00:00,591.905,592.2,591.06,591.94,187713.0,2087.0,591.668696
2025-01-06 14:00:00+00:00,595.955,598.245,595.915,597.85,107411.0,1056.0,597.108331
2025-01-06 15:00:00+00:00,597.89,599.18,597.69,598.93,99473.0,1358.0,598.474541
2025-01-06 16:00:00+00:00,598.88,599.69,598.52,599.52,104066.0,1295.0,599.281746
2025-01-06 17:00:00+00:00,599.465,599.465,597.445,597.74,90644.0,1161.0,598.26901
2025-01-06 18:00:00+00:00,597.75,597.75,595.66,595.725,87447.0,1215.0,596.850397
2025-01-06 19:00:00+00:00,595.78,595.83,594.39,594.39,94228.0,1194.0,595.293833
2025-01-06 20:00:00+00:00,594.21,595.5,593.72,595.42,202331.0,2332.0,594.782388
2025-01-07 14:00:00+00:00,597.435,597.72,596.11,596.35,62157.0,843.0,596.933262
2025-01-07 15:00:00+00:00,595.59,595.895,590.32,593.45,194754.0,2278.0,592.787889
2025-01-07 16:00:00+00:00,593.46,593.7,590.6,590.71,96808.0,1493.0,592.398428
2025-01-07 17:00:00+00:00,590.73,591.69,589.66,590.91,92418.0,1192.0,590.664393
2025-01-07 18:00:00+00:00,590.91,592.39,590.75,591.01,66061.0,1051.0,591.626994
2025-01-07 19:00:00+00:00,590.97,591.54,589.86,590.0,70615.0,905.0,590.654847
2025-01-07 20:00:00+00:00,590.045,590.06,586.79,588.73,327905.0,2803.0,588.263178
2025-01-07 21:00:00+00:00,588.75,588.88,588.63,588.63,13141.0,29.0,588.632837
2025-01-08 14:00:00+00:00,588.68,588.69,586.62,587.39,87439.0,929.0,587.697809
2025-01-08 15:00:00+00:00,587.18,588.64,586.06,588.32,141298.0,1446.0,587.451902
2025-01-08 16:00:00+00:00,588.38,589.89,587.24,589.385,97974.0,1365.0,588.915493
2025-01-08 17:00:00+00:00,589.4,589.4,585.195,586.96,66788.0,1198.0,586.517379
2025-01-08 18:00:00+00:00,587.19,589.51,587.01,587.78,62326.0,998.0,588.453176
2025-01-08 19:00:00+00:00,587.45,590.54,587.12,588.55,105629.0,1188.0,588.892662
2025-01-08 20:00:00+00:00,588.56,589.76,587.97,589.34,172745.0,1585.0,589.089487
2025-01-10 13:00:00+00:00,584.15,585.01,584.0,584.7,1320.0,9.0,584.606667
2025-01-10 14:00:00+00:00,585.87,585.87,582.34,582.85,98114.0,1269.0,583.589544
2025-01-10 15:00:00+00:00,582.68,583.2,579.22,581.09,181000.0,2369.0,581.112151
2025-01-10 16:00:00+00:00,581.295,581.295,578.88,579.035,112920.0,1521.0,580.055869
2025-01-10 17:00:00+00:00,579.02,581.68,578.57,581.615,116233.0,1879.0,579.932536
2025-01-10 18:00:00+00:00,581.49,584.5,581.04,584.48,110168.0,1370.0,582.946624
2025-01-10 19:00:00+00:00,584.15,584.17,581.31,582.11,83268.0,1172.0,582.30983
2025-01-10 20:00:00+00:00,582.08,582.33,579.71,580.49,311555.0,3294.0,580.685085
2025-01-10 21:00:00+00:00,580.39,580.39,580.39,580.39,200.0,1.0,580.39
2025-01-13 14:00:00+00:00,576.26,578.32,575.48,577.76,84906.0,998.0,576.381098
2025-01-13 15:00:00+00:00,577.84,579.115,575.94,577.915,123769.0,1505.0,577.561956
2025-01-13 16:00:00+00:00,578.055,578.165,575.95,576.025,71605.0,1053.0,577.211333
2025-01-13 17:00:00+00:00,576.02,579.495,575.715,579.485,67206.0,1144.0,577.586091
2025-01-13 18:00:00+00:00,579.42,580.21,578.91,580.03,87938.0,1205.0,579.614367
2025-01-13 19:00:00+00:00,580.09,580.97,579.005,580.47,87563.0,1317.0,580.131589
2025-01-13 20:00:00+00:00,580.455,581.72,579.89,581.41,192209.0,2295.0,580.739645
2025-01-14 14:00:00+00:00,584.34,584.99,581.98,582.33,128866.0,1670.0,583.994836
2025-01-14 15:00:00+00:00,582.36,584.61,581.85,581.935,123691.0,1475.0,583.203587
2025-01-14 16:00:00+00:00,581.69,581.935,578.87,578.87,137794.0,1569.0,580.533664
2025-01-14 17:00:00+00:00,578.71,580.535,578.4,580.22,98444.0,1144.0,579.534713
2025-01-14 18:00:00+00:00,580.175,583.68,580.11,583.535,90727.0,1093.0,582.014185
2025-01-14 19:00:00+00:00,583.445,583.78,580.39,580.61,95924.0,1279.0,582.80159
2025-01-14 20:00:00+00:00,580.68,582.28,578.95,582.2,235027.0,2362.0,581.054757
2025-01-15 13:00:00+00:00,591.31,591.31,591.31,591.31,100.0,1.0,591.31
2025-01-15 14:00:00+00:00,590.52,592.14,589.25,591.87,142328.0,2078.0,590.75561
2025-01-15 15:00:00+00:00,591.91,592.93,591.1,591.26,193581.0,2442.0,592.049351
2025-01-15 16:00:00+00:00,591.54,591.96,589.5,589.99,139322.0,1764.0,590.761504
2025-01-15 17:00:00+00:00,590.06,591.895,589.945,590.91,68818.0,1385.0,591.078397
2025-01-15 18:00:00+00:00,591.115,592.62,591.09,592.485,56182.0,1300.0,592.092363
2025-01-15 19:00:00+00:00,592.575,593.72,592.44,593.39,114939.0,1713.0,593.029387
2025-01-15 20:00:00+00:00,593.4,593.94,592.68,592.75,342392.0,4185.0,593.278728
2025-01-15 21:00:00+00:00,592.77,592.77,592.77,592.77,200.0,3.0,592.77
2025-01-16 14:00:00+00:00,594.06,594.235,592.065,592.15,91351.0,987.0,593.171694
2025-01-16 15:00:00+00:00,591.8,593.45,591.335,593.41,93012.0,1293.0,592.491614
2025-01-16 16:00:00+00:00,593.405,594.34,591.845,593.52,138173.0,1583.0,593.352962
2025-01-16 17:00:00+00:00,593.425,593.805,592.79,592.98,63307.0,1012.0,593.24874
2025-01-16 18:00:00+00:00,592.92,593.525,590.93,591.465,82313.0,1319.0,592.156879
2025-01-16 19:00:00+00:00,591.41,593.07,591.075,593.0,76410.0,1545.0,592.403095
2025-01-16 20:00:00+00:00,592.88,593.3,591.5,591.7,178871.0,2581.0,592.392666
2025-01-16 21:00:00+00:00,591.35,591.35,590.96,590.96,200.0,2.0,591.155
2025-01-17 14:00:00+00:00,596.95,597.2,595.725,596.28,105218.0,1288.0,596.598785
2025-01-17 15:00:00+00:00,596.32,598.11,596.09,598.05,140552.0,1748.0,597.12066
2025-01-17 16:00:00+00:00,598.035,599.045,597.72,598.27,77206.0,1127.0,598.477418
2025-01-17 17:00:00+00:00,598.02,599.08,597.835,598.92,74257.0,1034.0,598.647373
2025-01-17 18:00:00+00:00,598.89,599.345,598.24,598.58,64059.0,1035.0,598.909561
2025-01-17 19:00:00+00:00,598.69,598.715,598.03,598.27,72203.0,1208.0,598.458175
2025-01-17 20:00:00+00:00,598.22,598.575,597.36,597.64,287589.0,2601.0,597.984234
2025-01-17 21:00:00+00:00,597.42,597.42,597.33,597.33,400.0,2.0,597.3975
2025-01-21 14:00:00+00:00,600.15,601.45,599.27,600.3,92931.0,1136.0,600.240431
2025-01-21 15:00:00+00:00,600.18,600.57,598.72,600.395,82061.0,1545.0,599.975208
2025-01-21 16:00:00+00:00,600.27,601.41,599.87,601.34,70383.0,1371.0,600.726514
2025-01-21 17:00:00+00:00,601.04,602.49,600.935,602.445,71561.0,1269.0,601.68874
2025-01-21 18:00:00+00:00,602.43,602.87,602.105,602.615,78003.0,1273.0,602.498742
2025-01-21 19:00:00+00:00,602.6,602.8,601.685,602.145,81089.0,1583.0,602.183521
2025-01-21 20:00:00+00:00,602.18,602.97,602.01,602.92,181672.0,2784.0,602.546274
2025-01-21 21:00:00+00:00,603.05,603.05,603.04,603.05,10414.0,22.0,603.048857
2025-01-22 14:00:00+00:00,605.93,606.545,605.37,606.48,89096.0,903.0,605.792483
2025-01-22 15:00:00+00:00,606.53,607.06,606.02,606.54,100932.0,1292.0,606.7163
2025-01-22 16:00:00+00:00,606.545,607.77,606.28,607.63,70147.0,1180.0,607.065558
2025-01-22 17:00:00+00:00,607.7,607.82,607.31,607.33,60941.0,1012.0,607.544848
2025-01-22 18:00:00+00:00,607.28,607.61,606.95,607.05,60668.0,1111.0,607.265696
2025-01-22 19:00:00+00:00,607.03,607.61,606.8,607.59,79176.0,1257.0,607.082659
2025-01-22 20:00:00+00:00,607.52,607.57,606.24,606.33,335482.0,2670.0,606.848152
2025-01-22 21:00:00+00:00,606.4,606.4,606.19,606.36,7720.0,12.0,606.323368
2025-01-23 14:00:00+00:00,605.79,606.285,605.555,606.18,51584.0,706.0,606.014377
2025-01-23 15:00:00+00:00,606.21,606.91,605.63,606.89,81708.0,1204.0,606.205693
2025-01-23 16:00:00+00:00,606.91,607.82,606.44,607.265,162134.0,1732.0,607.239095
2025-01-23 17:00:00+00:00,607.22,607.675,606.9,607.675,53576.0,1125.0,607.230712
2025-01-23 18:00:00+00:00,607.71,608.27,607.61,607.75,62842.0,1278.0,608.005533
2025-01-23 19:00:00+00:00,607.68,608.01,607.31,607.94,56331.0,1218.0,607.646979
2025-01-23 20:00:00+00:00,607.71,609.63,607.63,609.63,180417.0,2477.0,608.651122
2025-01-23 21:00:00+00:00,609.47,609.47,609.12,609.17,28413.0,40.0,609.331451
2025-01-24 14:00:00+00:00,609.795,610.77,609.72,610.32,127736.0,1502.0,610.227866
2025-01-24 15:00:00+00:00,610.37,610.52,609.13,609.21,110195.0,1935.0,609.634327
2025-01-24 16:00:00+00:00,609.16,610.32,609.13,609.51,60700.0,1531.0,609.760468
2025-01-24 17:00:00+00:00,609.49,610.045,608.52,608.61,59441.0,1470.0,609.385447
2025-01-24 18:00:00+00:00,608.58,608.89,607.35,607.55,90679.0,1637.0,608.273126
2025-01-24 19:00:00+00:00,607.52,607.9,606.96,607.38,91114.0,2029.0,607.403019
2025-01-24 20:00:00+00:00,607.36,608.15,606.82,607.92,188221.0,3094.0,607.513647
2025-01-24 21:00:00+00:00,607.82,607.91,607.79,607.8,6740.0,12.0,607.825522
2025-01-27 13:00:00+00:00,594.7,596.38,594.7,595.72,880.0,11.0,595.72
2025-01-27 14:00:00+00:00,594.82,598.66,594.68,598.61,201062.0,2113.0,597.354869
2025-01-27 15:00:00+00:00,598.6,599.64,596.705,598.085,232816.0,2973.0,598.383069
2025-01-27 16:00:00+00:00,598.01,598.205,596.28,596.83,95348.0,1692.0,597.009145
2025-01-27 17:00:00+00:00,596.82,598.2,596.16,596.22,102934.0,1380.0,596.968994
2025-01-27 18:00:00+00:00,596.23,597.385,596.05,596.615,65129.0,978.0,596.665004
2025-01-27 19:00:00+00:00,596.625,599.115,596.33,596.915,112634.0,1448.0,597.822267
2025-01-27 20:00:00+00:00,597.0,599.56,596.38,599.49,390830.0,3164.0,598.467719
2025-01-27 21:00:00+00:00,599.62,600.01,599.62,599.66,800.0,6.0,599.7425
2025-01-28 14:00:00+00:00,600.71,600.72,597.36,598.89,125514.0,1519.0,599.177117
2025-01-28 15:00:00+00:00,599.03,603.045,598.97,603.03,137241.0,1788.0,601.571335
2025-01-28 16:00:00+00:00,603.21,603.56,601.0,602.49,96404.0,1536.0,602.166849
2025-01-28 17:00:00+00:00,602.565,604.03,602.45,603.8,61910.0,1119.0,603.312334
2025-01-28 18:00:00+00:00,603.95,604.78,603.63,603.795,82099.0,1071.0,604.269559
2025-01-28 19:00:00+00:00,603.81,605.245,603.24,605.155,88744.0,1540.0,604.441028
2025-01-28 20:00:00+00:00,605.105,605.37,604.38,604.5,242650.0,2844.0,604.849794
2025-01-29 14:00:00+00:00,603.715,603.98,602.49,603.26,58496.0,871.0,603.165854
2025-01-29 15:00:00+00:00,603.32,604.1,602.51,602.85,98898.0,1433.0,603.285511
2025-01-29 16:00:00+00:00,602.81,603.115,602.01,602.29,60967.0,1243.0,602.56866
2025-01-29 17:00:00+00:00,602.26,603.45,602.025,602.07,45046.0,853.0,602.896138
2025-01-29 18:00:00+00:00,602.11,602.57,599.7,601.495,77510.0,1222.0,601.428447
2025-01-29 19:00:00+00:00,601.42,603.15,599.27,602.19,144798.0,1573.0,601.218889
2025-01-29 20:00:00+00:00,602.3,603.61,600.8,601.82,157758.0,2021.0,602.077176
2025-01-29 21:00:00+00:00,601.81,601.91,601.81,601.81,46976.0,98.0,601.811611
2025-01-30 14:00:00+00:00,603.71,605.97,603.41,604.98,99286.0,1084.0,604.473038
2025-01-30 15:00:00+00:00,604.85,604.91,601.455,601.555,137024.0,1664.0,603.283223
2025-01-30 16:00:00+00:00,601.42,604.34,600.81,603.97,110557.0,1379.0,602.479829
2025-01-30 17:00:00+00:00,603.87,604.02,602.105,603.3,76201.0,881.0,603.084008
2025-01-30 18:00:00+00:00,603.33,605.05,603.24,604.95,77623.0,1013.0,604.317646
2025-01-30 19:00:00+00:00,604.94,605.675,604.58,605.63,57775.0,829.0,604.97502
2025-01-30 20:00:00+00:00,605.68,606.59,601.845,604.78,312592.0,3356.0,604.55681
2025-01-30 21:00:00+00:00,605.19,605.19,604.78,604.78,12800.0,20.0,605.035797
2025-01-31 14:00:00+00:00,607.5,608.13,607.075,608.13,88439.0,1010.0,607.670721
2025-01-31 15:00:00+00:00,608.14,609.61,608.09,609.45,103852.0,1446.0,609.030835
2025-01-31 16:00:00+00:00,609.47,609.945,608.56,608.865,72610.0,1413.0,609.390846
2025-01-31 17:00:00+00:00,608.9,609.68,608.05,609.1,108401.0,1364.0,609.100791
2025-01-31 18:00:00+00:00,609.04,609.33,604.86,605.415,205086.0,2563.0,606.762823
2025-01-31 19:00:00+00:00,605.1,605.865,601.98,603.6,155870.0,2465.0,604.043838
2025-01-31 20:00:00+00:00,603.5,603.5,601.075,601.785,351491.0,3817.0,601.945003
2025-01-31 21:00:00+00:00,601.86,601.86,601.86,601.86,117.0,1.0,601.86
2025-02-03 13:00:00+00:00,591.91,593.23,591.91,593.23,200.0,2.0,592.57
2025-02-03 14:00:00+00:00,592.26,594.33,591.65,592.02,187937.0,2003.0,592.904506
2025-02-03 15:00:00+00:00,591.75,598.56,590.49,598.01,433059.0,4698.0,594.011338
2025-02-03 16:00:00+00:00,597.75,599.23,595.82,597.35,161090.0,2274.0,598.218935
2025-02-03 17:00:00+00:00,597.38,598.7,596.02,597.59,121392.0,2076.0,597.106655
2025-02-03 18:00:00+00:00,597.22,599.0,596.11,598.84,118710.0,2134.0,597.787381
2025-02-03 19:00:00+00:00,598.82,600.28,598.545,599.66,147133.0,2267.0,599.435264
2025-02-03 20:00:00+00:00,599.74,600.02,597.4,597.7,283202.0,3844.0,598.394992
2025-02-03 21:00:00+00:00,597.77,601.0,597.77,601.0,19534.0,63.0,599.206854
2025-02-04 14:00:00+00:00,597.635,599.17,597.31,599.015,120922.0,1202.0,598.316238
2025-02-04 15:00:00+00:00,599.11,601.26,599.11,600.31,131792.0,1491.0,600.66431
2025-02-04 16:00:00+00:00,600.6,602.065,600.54,601.34,109443.0,1233.0,601.44909
2025-02-04 17:00:00+00:00,601.36,601.605,599.42,601.02,67475.0,1057.0,600.479183
2025-02-04 18:00:00+00:00,600.98,601.24,600.13,600.71,43501.0,892.0,600.900148
2025-02-04 19:00:00+00:00,600.68,602.25,600.59,601.41,73280.0,1075.0,601.702213
2025-02-04 20:00:00+00:00,601.52,602.26,600.97,601.74,211797.0,2312.0,601.726191
2025-02-04 21:00:00+00:00,601.89,601.94,601.89,601.92,400.0,3.0,601.9175
2025-02-05 14:00:00+00:00,600.625,601.08,599.5,600.08,56122.0,784.0,600.506141
2025-02-05 15:00:00+00:00,600.1,601.05,598.635,600.605,142112.0,1624.0,599.971218
2025-02-05 16:00:00+00:00,600.625,602.865,600.17,602.65,167725.0,1675.0,601.444694
2025-02-05 17:00:00+00:00,602.63,603.12,602.36,602.64,60957.0,909.0,602.735938
2025-02-05 18:00:00+00:00,602.675,603.38,602.275,602.905,50183.0,836.0,602.830147
2025-02-05 19:00:00+00:00,602.925,603.6,602.88,603.065,62637.0,1016.0,603.248837
2025-02-05 20:00:00+00:00,603.065,604.36,602.97,604.14,193065.0,2315.0,603.659047
2025-02-06 14:00:00+00:00,605.99,606.095,605.06,605.23,85527.0,996.0,605.543668
2025-02-06 15:00:00+00:00,605.23,605.93,604.17,604.635,79725.0,1260.0,604.996339
2025-02-06 16:00:00+00:00,604.63,605.66,604.6,605.125,62181.0,782.0,605.227156
2025-02-06 17:00:00+00:00,605.145,605.76,604.755,605.61,51385.0,738.0,605.327677
2025-02-06 18:00:00+00:00,605.68,605.99,605.07,605.175,57134.0,815.0,605.458672
2025-02-06 19:00:00+00:00,605.08,605.475,602.63,603.63,99249.0,1225.0,604.283734
2025-02-06 20:00:00+00:00,603.72,606.42,603.54,606.24,242727.0,2384.0,605.373154
2025-02-06 21:00:00+00:00,605.99,605.99,605.0,605.04,2616.0,29.0,605.127459
2025-02-07 14:00:00+00:00,606.84,608.095,606.63,607.725,119701.0,1176.0,607.350137
2025-02-07 15:00:00+00:00,607.09,607.09,601.32,603.3,136829.0,1849.0,604.463505
2025-02-07 16:00:00+00:00,603.53,604.42,601.3,601.65,94952.0,1754.0,602.503303
2025-02-07 17:00:00+00:00,601.28,602.69,600.64,602.105,56638.0,1038.0,601.986328
2025-02-07 18:00:00+00:00,602.12,603.695,601.13,601.13,39226.0,925.0,602.811758
2025-02-07 19:00:00+00:00,601.135,601.595,600.42,601.12,70028.0,1329.0,601.140455
2025-02-07 20:00:00+00:00,601.1,601.26,600.095,600.825,164066.0,2868.0,600.762243
2025-02-07 21:00:00+00:00,600.99,600.99,600.97,600.97,343.0,5.0,600.98
2025-02-10 13:00:00+00:00,603.73,604.35,603.73,604.35,420.0,2.0,604.04
2025-02-10 14:00:00+00:00,604.11,604.11,602.74,603.495,92458.0,990.0,603.394766
2025-02-10 15:00:00+00:00,603.375,605.305,603.355,604.84,93917.0,1431.0,604.652325
2025-02-10 16:00:00+00:00,605.08,605.08,603.86,604.435,72276.0,1086.0,604.345681
2025-02-10 17:00:00+00:00,604.3,604.61,603.24,604.61,31544.0,820.0,603.975145
2025-02-10 18:00:00+00:00,604.58,605.24,604.58,605.09,43002.0,907.0,604.843026
2025-02-10 19:00:00+00:00,604.7,605.49,604.7,604.93,54713.0,767.0,605.130207
2025-02-10 20:00:00+00:00,604.925,605.175,604.29,604.84,149577.0,1983.0,604.736716
2025-02-11 13:00:00+00:00,602.71,602.71,602.71,602.71,250.0,1.0,602.71
2025-02-11 14:00:00+00:00,602.56,603.57,602.47,603.28,61259.0,815.0,603.249134
2025-02-11 15:00:00+00:00,603.3,605.22,602.71,604.69,70506.0,1550.0,603.856553
2025-02-11 16:00:00+00:00,604.74,605.05,604.03,604.22,72911.0,1452.0,604.630863
2025-02-11 17:00:00+00:00,604.18,604.42,603.11,603.78,89133.0,1443.0,603.878174
2025-02-11 18:00:00+00:00,603.69,605.29,603.54,604.61,67498.0,1281.0,604.210086
2025-02-11 19:00:00+00:00,604.69,605.85,604.43,605.385,58143.0,1136.0,605.057219
2025-02-11 20:00:00+00:00,605.485,605.64,604.66,605.23,211521.0,2286.0,605.061469
2025-02-12 13:00:00+00:00,605.43,605.43,598.83,599.17,1811.0,15.0,600.664648
2025-02-12 14:00:00+00:00,598.41,601.63,598.41,601.295,105984.0,1258.0,600.321099
2025-02-12 15:00:00+00:00,601.11,603.29,599.6,602.44,179671.0,2270.0,601.658394
2025-02-12 16:00:00+00:00,602.44,603.54,600.25,603.38,132255.0,1791.0,601.515791
2025-02-12 17:00:00+00:00,603.38,604.47,603.02,604.4,96046.0,1343.0,603.563934
2025-02-12 18:00:00+00:00,604.45,604.53,602.96,603.23,60792.0,984.0,603.574998
2025-02-12 19:00:00+00:00,603.17,604.2,602.57,603.89,88785.0,1422.0,603.322509
2025-02-12 20:00:00+00:00,603.97,604.01,602.595,603.28,171139.0,2521.0,603.292502
2025-02-12 21:00:00+00:00,603.43,603.63,603.43,603.48,38883.0,85.0,603.565587
2025-02-13 14:00:00+00:00,604.49,605.06,603.24,604.81,108368.0,1244.0,604.24222
2025-02-13 15:00:00+00:00,604.92,607.48,604.23,606.94,106127.0,1427.0,606.099326
2025-02-13 16:00:00+00:00,607.16,607.465,605.8,606.12,69721.0,940.0,606.769787
2025-02-13 17:00:00+00:00,606.07,606.97,605.795,606.12,46113.0,821.0,606.414022
2025-02-13 18:00:00+00:00,606.17,607.22,605.015,607.2,65535.0,976.0,606.246786
2025-02-13 19:00:00+00:00,607.115,609.27,607.07,608.92,126856.0,1665.0,608.344637
2025-02-13 20:00:00+00:00,608.91,609.93,608.86,609.69,260541.0,3131.0,609.47
2025-02-13 21:00:00+00:00,609.61,609.61,609.4,609.4,13169.0,15.0,609.452331
2025-02-14 14:00:00+00:00,609.94,610.64,609.78,610.495,135145.0,1251.0,610.346585
2025-02-14 15:00:00+00:00,610.49,610.98,609.76,610.505,94526.0,1287.0,610.42437
2025-02-14 16:00:00+00:00,610.54,610.84,609.41,610.225,82161.0,1135.0,610.111422
2025-02-14 17:00:00+00:00,610.195,610.235,609.08,609.915,46375.0,763.0,609.635043
2025-02-14 18:00:00+00:00,609.935,610.745,609.7,610.49,46844.0,1015.0,610.273141
2025-02-14 19:00:00+00:00,610.485,610.71,609.85,610.23,79468.0,1258.0,610.303273
2025-02-14 20:00:00+00:00,610.13,610.25,609.55,609.57,182290.0,2243.0,609.913046
2025-02-14 21:00:00+00:00,609.73,609.82,609.73,609.82,300.0,2.0,609.76
2025-02-18 14:00:00+00:00,610.885,610.99,609.96,610.27,81126.0,957.0,610.498738
2025-02-18 15:00:00+00:00,610.0,610.61,609.345,610.61,86602.0,1467.0,609.878668
2025-02-18 16:00:00+00:00,610.525,610.855,609.835,610.24,59039.0,1184.0,610.402261
2025-02-18 17:00:00+00:00,610.12,610.54,609.79,610.345,47885.0,1240.0,610.177833
2025-02-18 18:00:00+00:00,610.35,610.64,609.465,609.64,60703.0,1298.0,609.780742
2025-02-18 19:00:00+00:00,609.655,610.03,608.415,609.835,82140.0,1407.0,609.367286
2025-02-18 20:00:00+00:00,609.77,611.36,609.64,611.36,135622.0,1866.0,610.150822
2025-02-18 21:00:00+00:00,611.22,611.22,611.0,611.0,400.0,3.0,611.0575
2025-02-19 14:00:00+00:00,610.055,610.26,609.7,609.88,74722.0,1079.0,610.041283
2025-02-19 15:00:00+00:00,609.91,610.83,609.59,610.14,76225.0,1149.0,610.16601
2025-02-19 16:00:00+00:00,610.15,611.76,610.14,611.7,57134.0,877.0,611.142708
2025-02-19 17:00:00+00:00,611.7,611.89,610.905,611.675,76456.0,809.0,611.494593
2025-02-19 18:00:00+00:00,611.54,612.04,610.685,611.505,96024.0,1050.0,611.565189
2025-02-19 19:00:00+00:00,611.48,613.22,611.4,613.12,80941.0,1169.0,612.557361
2025-02-19 20:00:00+00:00,612.97,613.05,611.82,612.94,208402.0,2409.0,612.587676
2025-02-20 14:00:00+00:00,611.54,611.64,608.34,608.41,88999.0,1343.0,610.283946
2025-02-20 15:00:00+00:00,608.38,609.515,607.07,607.31,166093.0,1986.0,608.191732
2025-02-20 16:00:00+00:00,607.33,608.405,607.14,607.47,82976.0,1143.0,607.763207
2025-02-20 17:00:00+00:00,607.445,609.06,607.3,608.04,76986.0,1037.0,608.659777
2025-02-20 18:00:00+00:00,608.0,608.73,607.715,608.65,51286.0,873.0,608.20741
2025-02-20 19:00:00+00:00,608.57,610.095,608.56,609.865,67461.0,842.0,609.32278
2025-02-20 20:00:00+00:00,609.88,610.62,609.27,610.41,193292.0,1925.0,610.181005
2025-02-20 21:00:00+00:00,610.18,610.25,610.18,610.22,5000.0,4.0,610.212
2025-02-21 14:00:00+00:00,610.21,610.21,608.29,608.44,68892.0,931.0,609.109508
2025-02-21 15:00:00+00:00,607.935,608.64,605.78,606.81,180269.0,2680.0,607.032257
2025-02-21 16:00:00+00:00,606.92,607.5,606.23,606.825,84267.0,1397.0,606.924221
2025-02-21 17:00:00+00:00,606.85,607.08,603.64,603.82,108100.0,1632.0,605.178361
2025-02-21 18:00:00+00:00,603.73,603.79,601.6,601.73,226486.0,2395.0,602.52926
2025-02-21 19:00:00+00:00,601.81,602.28,599.49,600.035,224206.0,2846.0,600.570222
2025-02-21 20:00:00+00:00,599.98,600.86,599.54,600.02,330934.0,4030.0,600.165091
2025-02-24 14:00:00+00:00,602.015,603.0,598.7,598.76,152688.0,1674.0,600.809679
2025-02-24 15:00:00+00:00,598.715,599.42,596.5,597.735,219523.0,2229.0,598.005005
2025-02-24 16:00:00+00:00,597.68,600.76,597.6,599.97,142459.0,1854.0,599.566533
2025-02-24 17:00:00+00:00,599.895,601.785,599.895,600.63,80566.0,1058.0,601.017244
2025-02-24 18:00:00+00:00,600.65,601.7,600.37,600.68,55193.0,850.0,601.165415
2025-02-24 19:00:00+00:00,600.585,601.4,599.39,599.77,83824.0,1260.0,600.421059
2025-02-24 20:00:00+00:00,599.82,600.03,596.64,597.22,443852.0,3537.0,598.204414
2025-02-24 21:00:00+00:00,597.04,597.06,597.04,597.04,400.0,3.0,597.05
2025-02-25 14:00:00+00:00,597.13,597.86,594.28,595.21,128151.0,1620.0,596.202012
2025-02-25 15:00:00+00:00,595.25,595.25,590.535,592.285,442475.0,4183.0,592.471665
2025-02-25 16:00:00+00:00,592.37,593.75,589.6,593.27,196192.0,3550.0,591.515498
2025-02-25 17:00:00+00:00,593.1,594.79,592.13,594.79,141058.0,1598.0,593.46897
2025-02-25 18:00:00+00:00,594.84,596.18,593.61,594.71,126250.0,1662.0,595.110152
2025-02-25 19:00:00+00:00,594.65,595.56,593.035,595.19,105898.0,1377.0,594.595989
2025-02-25 20:00:00+00:00,595.28,596.6,593.585,594.31,213335.0,2557.0,594.769712
2025-02-25 21:00:00+00:00,594.43,594.53,594.24,594.41,14200.0,48.0,594.370704
2025-02-26 14:00:00+00:00,596.02,597.76,595.1,597.72,109379.0,1095.0,596.084673
2025-02-26 15:00:00+00:00,597.82,599.24,597.26,598.86,140226.0,2038.0,598.43779
2025-02-26 16:00:00+00:00,598.995,599.53,597.855,597.99,116970.0,1350.0,598.937588
2025-02-26 17:00:00+00:00,597.945,599.365,595.175,595.655,104720.0,1477.0,597.823838
2025-02-26 18:00:00+00:00,595.55,595.8,592.17,592.675,181883.0,1625.0,594.123161
2025-02-26 19:00:00+00:00,592.485,594.55,591.9,592.75,134637.0,1469.0,593.344337
2025-02-26 20:00:00+00:00,592.81,595.29,592.49,594.49,257080.0,2868.0,594.041476
2025-02-26 21:00:00+00:00,595.2,595.2,595.2,595.2,2585.0,11.0,595.2
2025-02-27 14:00:00+00:00,596.88,597.99,592.15,592.52,165434.0,1760.0,595.251806
2025-02-27 15:00:00+00:00,592.38,596.41,590.59,593.405,221824.0,2474.0,593.626778
2025-02-27 16:00:00+00:00,593.35,596.11,592.28,592.455,68306.0,1347.0,594.344435
2025-02-27 17:00:00+00:00,592.385,594.475,591.42,593.43,107478.0,1187.0,593.047066
2025-02-27 18:00:00+00:00,593.715,595.13,593.34,593.775,77803.0,1073.0,594.428819
2025-02-27 19:00:00+00:00,593.8,593.8,588.34,589.28,173599.0,1863.0,590.181245
2025-02-27 20:00:00+00:00,589.225,589.34,584.655,585.03,510623.0,4350.0,586.232543
2025-02-27 21:00:00+00:00,585.14,585.56,585.12,585.55,9141.0,23.0,585.501824
2025-02-28 13:00:00+00:00,586.0,586.0,586.0,586.0,200.0,3.0,586.0
2025-02-28 14:00:00+00:00,585.36,586.32,583.335,586.03,124453.0,1300.0,585.048739
2025-02-28 15:00:00+00:00,585.91,588.89,585.31,588.89,174723.0,2063.0,587.340405
2025-02-28 16:00:00+00:00,589.01,589.015,585.87,587.19,124383.0,1703.0,587.566752
2025-02-28 17:00:00+00:00,587.345,588.27,583.63,583.67,144985.0,1936.0,585.719845
2025-02-28 18:00:00+00:00,583.5,586.46,582.46,583.725,222929.0,3061.0,583.968624
2025-02-28 19:00:00+00:00,583.545,588.22,583.545,588.22,176694.0,2370.0,586.115024
2025-02-28 20:00:00+00:00,588.01,594.71,587.77,593.895,521912.0,5072.0,591.065797
2025-02-28 21:00:00+00:00,593.79,593.79,593.79,593.79,400.0,2.0,593.79
2025-03-03 14:00:00+00:00,596.18,597.325,592.55,592.78,220119.0,2683.0,594.600164
2025-03-03 15:00:00+00:00,592.11,595.05,590.755,592.34,202138.0,2975.0,593.070028
2025-03-03 16:00:00+00:00,592.68,594.53,591.19,593.005,153696.0,2423.0,592.785959
2025-03-03 17:00:00+00:00,593.04,594.17,591.45,592.02,91374.0,2150.0,593.375973
2025-03-03 18:00:00+00:00,591.89,592.12,587.5,589.21,306773.0,4584.0,588.945374
2025-03-03 19:00:00+00:00,589.01,590.63,586.0,586.07,220313.0,3170.0,588.549332
2025-03-03 20:00:00+00:00,586.02,586.02,579.92,583.94,830193.0,8987.0,582.540209
2025-03-03 21:00:00+00:00,584.35,585.3,584.35,585.3,8944.0,14.0,585.243501
2025-03-04 13:00:00+00:00,579.49,579.49,579.49,579.49,100.0,1.0,579.49
2025-03-04 14:00:00+00:00,580.99,580.99,575.59,575.71,350169.0,3530.0,578.660365
2025-03-04 15:00:00+00:00,575.65,576.18,572.25,574.195,532759.0,5833.0,574.487752
2025-03-04 16:00:00+00:00,573.97,576.49,572.32,575.965,199505.0,2429.0,574.108501
2025-03-04 17:00:00+00:00,576.03,578.54,575.38,576.45,184497.0,2244.0,577.01754
2025-03-04 18:00:00+00:00,576.5,580.77,576.05,580.28,167494.0,2067.0,578.630797
2025-03-04 19:00:00+00:00,580.26,583.1,580.2,582.915,245713.0,2579.0,581.881533
2025-03-04 20:00:00+00:00,582.81,585.36,574.74,576.88,649844.0,5851.0,579.412926
2025-03-04 21:00:00+00:00,578.4,580.3,578.4,580.19,40980.0,66.0,578.823619
2025-03-05 14:00:00+00:00,576.65,579.09,575.02,575.74,113463.0,1728.0,577.331283
2025-03-05 15:00:00+00:00,576.79,579.53,575.435,576.92,181752.0,2175.0,577.364603
2025-03-05 16:00:00+00:00,576.6,576.76,573.13,575.99,148901.0,2185.0,574.759433
2025-03-05 17:00:00+00:00,575.815,580.82,575.815,580.75,145661.0,2529.0,577.983136
2025-03-05 18:00:00+00:00,580.725,581.55,577.95,581.47,130726.0,1902.0,579.678538
2025-03-05 19:00:00+00:00,581.39,584.3,580.88,583.2,189503.0,2378.0,583.155093
2025-03-05 20:00:00+00:00,582.99,584.85,581.42,583.02,300439.0,3718.0,583.322066
2025-03-06 14:00:00+00:00,575.485,575.96,573.51,574.44,104920.0,1794.0,574.708857
2025-03-06 15:00:00+00:00,574.21,580.0,574.125,578.8,205470.0,3134.0,577.742191
2025-03-06 16:00:00+00:00,578.84,580.105,574.42,574.55,158058.0,1847.0,577.489532
2025-03-06 17:00:00+00:00,574.295,574.94,571.09,573.09,256067.0,2802.0,572.820368
2025-03-06 18:00:00+00:00,573.07,574.11,570.5,572.26,179048.0,2107.0,572.537868
2025-03-06 19:00:00+00:00,572.15,574.88,570.13,571.09,232958.0,3012.0,572.016451
2025-03-06 20:00:00+00:00,570.55,574.05,570.55,572.73,339658.0,3843.0,572.642157
2025-03-06 21:00:00+00:00,572.59,572.59,572.59,572.59,500.0,1.0,572.59
2025-03-07 14:00:00+00:00,570.905,576.05,570.905,574.14,120352.0,1810.0,573.838764
2025-03-07 15:00:00+00:00,573.55,574.91,568.45,570.89,188660.0,1905.0,571.191466
2025-03-07 16:00:00+00:00,570.58,571.18,565.665,567.19,197242.0,1879.0,567.804241
2025-03-07 17:00:00+00:00,567.21,573.03,565.81,570.22,306606.0,2800.0,569.268131
2025-03-07 18:00:00+00:00,570.395,575.27,570.135,575.27,104004.0,1471.0,573.447238
2025-03-07 19:00:00+00:00,575.18,577.285,574.155,575.07,127104.0,1558.0,575.930797
2025-03-07 20:00:00+00:00,575.1,577.36,572.83,575.76,304667.0,3383.0,575.515301
2025-03-07 21:00:00+00:00,575.62,575.88,575.6,575.88,500.0,5.0,575.706
2025-03-11 12:00:00+00:00,561.22,561.22,560.27,560.27,700.0,3.0,560.517143
2025-03-11 13:00:00+00:00,560.07,561.74,558.42,559.72,134504.0,1467.0,560.247549
2025-03-11 14:00:00+00:00,559.69,562.0,554.1,554.81,296975.0,3052.0,556.804114
2025-03-11 15:00:00+00:00,554.33,559.72,554.21,557.17,115511.0,1399.0,557.696624
2025-03-11 16:00:00+00:00,557.14,557.65,553.615,554.35,118998.0,1446.0,555.431451
2025-03-11 17:00:00+00:00,554.355,555.35,552.1,554.29,171383.0,2174.0,553.441677
2025-03-11 18:00:00+00:00,554.26,562.84,554.2,561.67,282675.0,2921.0,558.94341
2025-03-11 19:00:00+00:00,561.225,562.52,556.01,556.08,466021.0,4651.0,558.43724
2025-03-11 20:00:00+00:00,556.07,556.38,556.07,556.38,200.0,2.0,556.225
2025-03-12 13:00:00+00:00,562.19,563.065,558.42,559.43,157902.0,1371.0,561.063755
2025-03-12 14:00:00+00:00,558.97,560.315,555.57,555.615,159211.0,1712.0,558.310345
2025-03-12 15:00:00+00:00,555.83,559.2,553.74,559.2,230983.0,2011.0,556.033395
2025-03-12 16:00:00+00:00,558.78,561.245,558.37,559.05,124984.0,1274.0,559.980362
2025-03-12 17:00:00+00:00,558.91,561.72,557.985,557.985,95124.0,887.0,560.311293
2025-03-12 18:00:00+00:00,558.01,561.88,558.01,561.19,96645.0,1204.0,560.192187
2025-03-12 19:00:00+00:00,561.03,561.14,558.22,558.92,264005.0,2293.0,559.370524
2025-03-12 20:00:00+00:00,558.35,558.36,558.35,558.36,2217.0,5.0,558.359053
2025-03-13 13:00:00+00:00,558.395,558.695,554.47,555.07,115802.0,1178.0,556.50665
2025-03-13 14:00:00+00:00,554.925,559.025,554.5,555.9,152863.0,1756.0,556.641
2025-03-13 15:00:00+00:00,556.67,556.85,552.39,552.515,113448.0,1673.0,554.296875
2025-03-13 16:00:00+00:00,552.35,554.565,551.42,552.61,111597.0,1477.0,552.943138
2025-03-13 17:00:00+00:00,552.68,553.23,549.76,550.07,138274.0,1905.0,550.759827
2025-03-13 18:00:00+00:00,550.065,554.28,550.065,553.94,119672.0,1677.0,552.802013
2025-03-13 19:00:00+00:00,553.715,554.55,550.19,551.6,266767.0,2838.0,551.532728
2025-03-13 20:00:00+00:00,553.02,553.02,553.02,553.02,100.0,1.0,553.02
2025-03-14 13:00:00+00:00,556.13,559.67,555.82,558.315,147625.0,1449.0,557.853661
2025-03-14 14:00:00+00:00,558.32,560.17,555.62,560.17,216951.0,2413.0,557.592626
2025-03-14 15:00:00+00:00,560.3,562.42,560.01,562.14,190137.0,1934.0,561.134265
2025-03-14 16:00:00+00:00,562.19,562.41,560.07,562.105,96609.0,1201.0,561.101002
2025-03-14 17:00:00+00:00,561.93,562.76,560.55,560.56,127798.0,1364.0,561.560401
2025-03-14 18:00:00+00:00,560.94,562.44,560.28,561.73,99173.0,1375.0,561.315854
2025-03-14 19:00:00+00:00,561.54,563.815,561.5,562.78,418304.0,3515.0,562.71198
2025-03-14 20:00:00+00:00,561.6,561.6,561.6,561.6,100.0,1.0,561.6
2025-03-17 13:00:00+00:00,562.815,566.24,562.43,565.765,138184.0,1496.0,565.342373
2025-03-17 14:00:00+00:00,565.68,566.28,563.67,563.99,119560.0,1407.0,565.06319
2025-03-17 15:00:00+00:00,563.98,565.18,562.86,563.77,112343.0,1239.0,563.993334
2025-03-17 16:00:00+00:00,563.85,565.19,563.3,564.535,96184.0,1000.0,564.223798
2025-03-17 17:00:00+00:00,564.595,567.34,564.02,567.075,134288.0,1606.0,566.258065
2025-03-17 18:00:00+00:00,567.095,569.695,567.095,569.19,229106.0,1914.0,568.395164
2025-03-17 19:00:00+00:00,569.1,569.265,566.86,567.02,307553.0,2963.0,568.183089
2025-03-17 20:00:00+00:00,566.51,566.77,566.51,566.63,2540.0,6.0,566.678031
2025-03-18 13:00:00+00:00,564.68,564.79,560.67,560.98,130030.0,1230.0,562.58974
2025-03-18 14:00:00+00:00,560.64,562.01,560.19,560.895,221610.0,1948.0,561.101067
2025-03-18 15:00:00+00:00,560.79,560.86,559.1,559.62,121536.0,1252.0,559.91352
2025-03-18 16:00:00+00:00,559.495,561.79,559.36,560.9,114138.0,1107.0,560.531613
2025-03-18 17:00:00+00:00,560.86,561.53,559.26,560.78,79546.0,891.0,560.716823
2025-03-18 18:00:00+00:00,560.77,562.13,559.78,561.375,73971.0,971.0,560.808544
2025-03-18 19:00:00+00:00,561.16,561.71,559.86,560.92,242072.0,2448.0,560.878357
2025-03-18 20:00:00+00:00,561.54,561.54,560.85,560.85,400.0,4.0,561.0525
2025-03-19 13:00:00+00:00,562.83,564.43,561.64,564.005,84601.0,1103.0,562.885926
2025-03-19 14:00:00+00:00,564.18,565.35,563.39,563.4,119207.0,1555.0,564.523517
2025-03-19 15:00:00+00:00,563.375,566.24,563.35,565.77,89756.0,1646.0,564.782747
2025-03-19 16:00:00+00:00,565.77,566.2,564.73,564.955,92589.0,1281.0,565.281129
2025-03-19 17:00:00+00:00,564.825,565.16,562.78,563.185,90809.0,1499.0,563.802927
2025-03-19 18:00:00+00:00,562.76,568.48,562.36,568.285,143884.0,2128.0,565.847564
2025-03-19 19:00:00+00:00,568.185,570.88,566.62,567.0,385668.0,4177.0,568.154674
2025-03-20 13:00:00+00:00,563.135,566.74,562.69,566.74,74871.0,840.0,564.903359
2025-03-20 14:00:00+00:00,566.98,570.55,566.98,569.25,135026.0,1734.0,569.175268
2025-03-20 15:00:00+00:00,569.52,569.82,567.85,568.155,87407.0,1443.0,568.920117
2025-03-20 16:00:00+00:00,568.095,569.29,565.735,565.78,66585.0,977.0,567.076857
2025-03-20 17:00:00+00:00,566.05,567.2,564.72,565.23,55029.0,1027.0,565.906385
2025-03-20 18:00:00+00:00,565.24,566.07,563.78,564.5,65667.0,1112.0,564.866174
2025-03-20 19:00:00+00:00,564.71,566.57,564.67,565.69,287148.0,2678.0,565.615887
2025-03-20 20:00:00+00:00,565.85,565.85,565.85,565.85,100.0,1.0,565.85
2025-03-21 13:00:00+00:00,559.21,560.31,558.29,559.83,160583.0,1165.0,559.332783
2025-03-21 14:00:00+00:00,559.82,561.47,558.08,561.47,132025.0,1338.0,560.048141
2025-03-21 15:00:00+00:00,561.69,561.75,558.82,559.44,86652.0,1180.0,560.010822
2025-03-21 16:00:00+00:00,559.33,563.61,558.79,563.61,95232.0,1168.0,561.486024
2025-03-21 17:00:00+00:00,563.35,563.88,561.825,562.88,67894.0,940.0,563.050239
2025-03-21 18:00:00+00:00,563.115,563.29,562.095,562.47,66815.0,871.0,562.724725
2025-03-21 19:00:00+00:00,562.25,564.855,561.515,564.17,314341.0,3324.0,563.182305
2025-03-24 13:00:00+00:00,570.76,572.96,570.29,572.745,171726.0,1842.0,571.505984
2025-03-24 14:00:00+00:00,572.765,573.67,572.04,573.57,165061.0,1827.0,572.968125
2025-03-24 15:00:00+00:00,573.54,573.97,573.15,573.805,101701.0,2298.0,573.654884
2025-03-24 16:00:00+00:00,573.83,574.39,572.81,573.13,98429.0,1340.0,573.467013
2025-03-24 17:00:00+00:00,573.05,573.375,572.46,573.05,76478.0,1130.0,572.95243
2025-03-24 18:00:00+00:00,573.07,573.66,572.105,573.63,109195.0,1539.0,572.785959
2025-03-24 19:00:00+00:00,573.51,575.125,573.5,574.02,302432.0,3397.0,574.38267
2025-03-24 20:00:00+00:00,574.11,574.16,574.1,574.16,2694.0,3.0,574.110055
2025-03-25 13:00:00+00:00,575.4,575.655,574.065,574.67,78025.0,1110.0,574.928237
2025-03-25 14:00:00+00:00,574.67,576.35,573.94,576.0,123747.0,1701.0,575.410255
2025-03-25 15:00:00+00:00,576.045,576.18,574.57,574.785,56320.0,1002.0,575.595949
2025-03-25 16:00:00+00:00,574.81,575.065,574.27,574.905,44155.0,925.0,574.701064
2025-03-25 17:00:00+00:00,574.98,575.495,574.095,574.145,74549.0,1010.0,574.626728
2025-03-25 18:00:00+00:00,574.12,574.905,573.73,573.93,83041.0,1040.0,574.270056
2025-03-25 19:00:00+00:00,573.975,575.52,573.9,575.405,212103.0,2833.0,574.784261
2025-03-26 13:00:00+00:00,575.205,576.21,573.46,573.71,90969.0,1079.0,574.993302
2025-03-26 14:00:00+00:00,573.64,574.44,572.55,573.38,111274.0,1432.0,573.34446
2025-03-26 15:00:00+00:00,573.47,573.8,570.14,570.68,80035.0,1239.0,572.015564
2025-03-26 16:00:00+00:00,570.53,571.375,569.31,569.48,98584.0,1266.0,570.505954
2025-03-26 17:00:00+00:00,569.56,570.18,567.985,568.02,95503.0,1194.0,568.92982
2025-03-26 18:00:00+00:00,568.14,569.49,567.3,567.33,79630.0,1193.0,568.499547
2025-03-26 19:00:00+00:00,567.38,569.48,567.205,568.75,260907.0,2964.0,568.386497
2025-03-26 20:00:00+00:00,568.59,568.61,568.43,568.43,13810.0,44.0,568.588735
2025-03-27 13:00:00+00:00,567.185,568.425,565.01,568.31,180789.0,1578.0,566.676065
2025-03-27 14:00:00+00:00,568.265,570.785,567.58,570.69,120650.0,1576.0,569.31862
2025-03-27 15:00:00+00:00,570.86,570.89,567.92,567.95,137746.0,1558.0,569.751895
2025-03-27 16:00:00+00:00,567.85,569.9,566.62,566.79,95547.0,1266.0,568.74031
2025-03-27 17:00:00+00:00,566.695,568.18,566.4,566.59,85572.0,1206.0,567.254557
2025-03-27 18:00:00+00:00,566.62,569.02,566.575,567.545,86353.0,1231.0,568.0231
2025-03-27 19:00:00+00:00,567.59,570.03,566.74,567.03,324752.0,3038.0,568.359223
2025-03-27 20:00:00+00:00,567.45,567.45,567.08,567.08,14659.0,39.0,567.086291
2025-03-28 13:00:00+00:00,565.375,566.26,563.87,563.9,91611.0,918.0,565.461066
2025-03-28 14:00:00+00:00,563.88,564.19,558.32,558.85,336857.0,2923.0,560.382533
2025-03-28 15:00:00+00:00,558.635,559.775,557.77,557.95,171222.0,1889.0,558.828626
2025-03-28 16:00:00+00:00,558.19,558.675,556.49,556.5,81829.0,1385.0,557.298983
2025-03-28 17:00:00+00:00,556.505,556.54,555.25,556.41,128377.0,1889.0,555.908542
2025-03-28 18:00:00+00:00,556.315,556.88,555.33,556.18,115254.0,1687.0,556.004276
2025-03-28 19:00:00+00:00,556.15,556.71,555.09,555.7,334454.0,3679.0,555.774872
2025-03-28 20:00:00+00:00,554.95,554.95,554.2,554.2,500.0,4.0,554.584
2025-03-31 13:00:00+00:00,549.83,550.58,546.95,549.8,196721.0,1958.0,548.754869
2025-03-31 14:00:00+00:00,549.92,551.97,549.46,551.48,202600.0,2351.0,550.581898
2025-03-31 15:00:00+00:00,551.72,554.11,551.34,553.18,123164.0,1742.0,552.589775
2025-03-31 16:00:00+00:00,553.37,554.54,551.93,553.42,92810.0,1392.0,553.451014
2025-03-31 17:00:00+00:00,553.135,555.13,552.805,553.12,94686.0,1391.0,553.887206
2025-03-31 18:00:00+00:00,553.16,557.92,553.16,556.51,263844.0,2196.0,556.584976
2025-03-31 19:00:00+00:00,556.395,560.69,556.37,559.26,488928.0,4687.0,558.730657
2025-03-31 20:00:00+00:00,558.0,558.26,558.0,558.26,4075.0,7.0,558.242883
2025-04-01 12:00:00+00:00,556.68,556.68,556.68,556.68,100.0,1.0,556.68
2025-04-01 13:00:00+00:00,557.45,558.54,556.2,557.22,79778.0,1304.0,557.328705
2025-04-01 14:00:00+00:00,557.23,559.79,553.69,559.675,217348.0,2319.0,556.621224
2025-04-01 15:00:00+00:00,559.54,561.86,559.405,561.52,130130.0,1651.0,560.857698
2025-04-01 16:00:00+00:00,561.41,562.88,559.405,560.76,126222.0,1381.0,560.814541
2025-04-01 17:00:00+00:00,560.68,561.095,559.0,559.03,110838.0,1299.0,559.874201
2025-04-01 18:00:00+00:00,559.15,559.15,556.215,557.65,132719.0,1501.0,557.206549
2025-04-01 19:00:00+00:00,557.53,561.49,557.48,561.1,279664.0,2541.0,559.870794
2025-04-02 13:00:00+00:00,555.53,559.76,554.845,558.82,96375.0,1171.0,557.408181
2025-04-02 14:00:00+00:00,558.49,562.24,558.3,562.1,149135.0,1416.0,560.660156
2025-04-02 15:00:00+00:00,561.31,563.75,560.98,562.29,130530.0,1255.0,562.284417
2025-04-02 16:00:00+00:00,562.12,566.04,562.12,565.68,117956.0,1224.0,564.482563
2025-04-02 17:00:00+00:00,565.69,567.37,563.31,564.1,149308.0,1328.0,565.29124
2025-04-02 18:00:00+00:00,564.04,564.28,561.035,561.23,126281.0,1440.0,562.756033
2025-04-02 19:00:00+00:00,561.56,565.655,561.555,564.63,271610.0,2319.0,564.525178
2025-04-02 20:00:00+00:00,564.42,570.38,557.6,557.6,6933.0,15.0,566.863529
2025-04-03 12:00:00+00:00,544.88,544.91,544.88,544.91,700.0,5.0,544.895
2025-04-03 13:00:00+00:00,545.13,547.95,544.22,544.89,253599.0,2657.0,546.29528
2025-04-03 14:00:00+00:00,544.22,545.12,540.1,540.23,422826.0,3887.0,542.595787
2025-04-03 15:00:00+00:00,540.075,544.4,539.6,543.555,319352.0,3338.0,542.158741
2025-04-03 16:00:00+00:00,543.51,546.345,543.0,543.44,222807.0,2551.0,544.638491
2025-04-03 17:00:00+00:00,543.46,544.23,541.79,541.91,142601.0,1937.0,542.874042
2025-04-03 18:00:00+00:00,542.02,542.53,539.955,541.96,190480.0,2235.0,541.20162
2025-04-03 19:00:00+00:00,541.46,541.98,536.91,537.3,795378.0,6652.0,538.377246
2025-04-03 20:00:00+00:00,536.91,537.8,536.75,536.93,2600.0,7.0,536.878626
2025-04-04 12:00:00+00:00,522.96,524.88,521.91,524.88,5210.0,34.0,523.503878
2025-04-04 13:00:00+00:00,523.64,525.86,519.15,523.21,316468.0,3134.0,522.005575
2025-04-04 14:00:00+00:00,522.76,523.01,510.09,515.56,630664.0,5117.0,516.717351
2025-04-04 15:00:00+00:00,515.31,522.545,514.02,514.81,537614.0,3437.0,518.546461
2025-04-04 16:00:00+00:00,515.31,517.05,511.08,512.25,226351.0,1756.0,513.075559
2025-04-04 17:00:00+00:00,512.05,514.57,508.35,514.55,333863.0,2827.0,511.96241
2025-04-04 18:00:00+00:00,514.58,515.68,505.53,507.78,335428.0,2807.0,510.157442
2025-04-04 19:00:00+00:00,508.01,513.815,505.08,505.93,706580.0,5910.0,508.633683
2025-04-04 20:00:00+00:00,506.08,506.08,502.5,502.5,2210.0,13.0,505.166364
2025-04-07 12:00:00+00:00,492.53,496.47,492.2,495.56,2762.0,13.0,494.544495
2025-04-07 13:00:00+00:00,491.83,496.15,481.83,495.69,449702.0,3475.0,487.66886
2025-04-07 14:00:00+00:00,495.39,523.04,493.405,505.89,1371629.0,9061.0,507.689551
2025-04-07 15:00:00+00:00,506.14,509.68,492.82,499.46,491683.0,4382.0,498.801375
2025-04-07 16:00:00+00:00,499.28,501.77,494.74,495.665,167717.0,2005.0,497.304691
2025-04-07 17:00:00+00:00,495.61,509.21,495.61,509.16,329952.0,3289.0,504.086306
2025-04-07 18:00:00+00:00,509.2,510.33,502.5,503.14,188754.0,2561.0,506.842138
2025-04-07 19:00:00+00:00,502.98,506.47,500.15,504.45,570061.0,5118.0,503.196319
2025-04-07 20:00:00+00:00,506.6,508.5,505.76,506.41,4230.0,34.0,506.700356
2025-04-08 13:00:00+00:00,518.96,523.18,517.79,522.6,404790.0,3359.0,520.512994
2025-04-08 14:00:00+00:00,522.595,524.98,517.86,517.86,356950.0,3330.0,522.654136
2025-04-08 15:00:00+00:00,517.77,519.25,514.16,516.77,274477.0,2562.0,516.357261
2025-04-08 16:00:00+00:00,516.605,517.19,507.13,507.13,298464.0,2878.0,510.948335
2025-04-08 17:00:00+00:00,507.25,509.05,502.04,506.96,346916.0,3555.0,505.593508
2025-04-08 18:00:00+00:00,506.65,507.27,501.47,501.86,266508.0,2408.0,504.250085
2025-04-08 19:00:00+00:00,501.695,502.02,489.28,496.6,1155325.0,8166.0,495.233065
2025-04-08 20:00:00+00:00,496.6,496.6,494.08,496.0,1191.0,12.0,495.390217
2025-04-09 12:00:00+00:00,487.97,492.57,486.7,492.57,4705.0,43.0,490.203608
2025-04-09 13:00:00+00:00,493.57,502.0,493.57,500.155,259174.0,2105.0,498.001523
2025-04-09 14:00:00+00:00,500.515,503.645,493.2,493.22,307921.0,2492.0,498.302339
2025-04-09 15:00:00+00:00,493.22,499.58,493.08,496.05,153498.0,1713.0,497.016411
2025-04-09 16:00:00+00:00,495.28,502.57,494.86,501.225,145869.0,1610.0,499.826249
2025-04-09 17:00:00+00:00,501.505,536.295,497.82,534.91,1064918.0,7027.0,525.279154
2025-04-09 18:00:00+00:00,535.54,539.805,530.68,530.94,658591.0,4639.0,535.586194
2025-04-09 19:00:00+00:00,530.79,546.28,529.76,542.955,1039062.0,7633.0,541.189914
2025-04-09 20:00:00+00:00,544.98,545.67,543.02,545.67,15234.0,67.0,544.255518
2025-04-10 12:00:00+00:00,535.88,536.46,532.2,532.88,3163.0,19.0,535.357586
2025-04-10 13:00:00+00:00,533.44,533.44,528.55,529.06,192085.0,1601.0,530.915483
2025-04-10 14:00:00+00:00,529.85,531.88,526.1,526.37,310489.0,2291.0,529.203474
2025-04-10 15:00:00+00:00,526.295,528.63,517.99,519.045,254956.0,2006.0,524.044384
2025-04-10 16:00:00+00:00,518.48,520.495,509.77,519.375,542930.0,3825.0,515.393013
2025-04-10 17:00:00+00:00,519.71,525.48,512.91,524.17,405637.0,3423.0,520.35768
2025-04-10 18:00:00+00:00,524.145,529.71,520.48,526.09,284268.0,2259.0,526.077392
2025-04-10 19:00:00+00:00,525.93,529.19,518.24,524.63,651615.0,4298.0,524.208159
2025-04-10 20:00:00+00:00,524.07,525.62,524.07,525.62,400.0,2.0,525.2325
2025-04-11 12:00:00+00:00,527.33,527.5,527.33,527.5,900.0,2.0,527.405556
2025-04-11 13:00:00+00:00,523.2,528.775,521.15,526.305,185254.0,1478.0,524.488772
2025-04-11 14:00:00+00:00,525.205,528.34,520.07,523.35,254842.0,2308.0,524.806645
2025-04-11 15:00:00+00:00,524.54,527.28,520.985,526.54,117130.0,1292.0,523.578863
2025-04-11 16:00:00+00:00,526.69,532.73,526.09,531.75,176028.0,1557.0,529.717765
2025-04-11 17:00:00+00:00,531.76,536.42,529.0,534.53,156856.0,1295.0,533.156726
2025-04-11 18:00:00+00:00,534.67,534.865,531.7,532.17,179127.0,1310.0,533.28757
2025-04-11 19:00:00+00:00,532.29,535.66,532.28,534.0,355768.0,2456.0,534.385618
2025-04-14 12:00:00+00:00,542.35,542.68,542.29,542.29,800.0,9.0,542.4825
2025-04-14 13:00:00+00:00,544.055,544.055,539.265,540.575,190958.0,1271.0,541.566623
2025-04-14 14:00:00+00:00,540.865,543.81,539.78,542.34,185189.0,1638.0,542.173326
2025-04-14 15:00:00+00:00,542.47,542.86,535.3,535.75,181783.0,1934.0,538.625367
2025-04-14 16:00:00+00:00,535.62,537.87,533.95,535.5,115778.0,1072.0,536.102861
2025-04-14 17:00:00+00:00,537.12,539.44,535.75,539.01,90962.0,926.0,537.523592
2025-04-14 18:00:00+00:00,538.97,541.24,538.95,540.59,83538.0,911.0,540.355016
2025-04-14 19:00:00+00:00,541.04,542.54,538.39,538.98,260704.0,2288.0,540.124328
2025-04-14 20:00:00+00:00,537.93,537.93,536.17,536.17,5476.0,5.0,536.212222
2025-04-15 13:00:00+00:00,539.67,542.87,539.28,541.56,125733.0,1216.0,541.342745
2025-04-15 14:00:00+00:00,541.58,543.19,538.16,540.58,149532.0,2037.0,540.904657
2025-04-15 15:00:00+00:00,540.68,542.0,539.5,540.92,86816.0,1421.0,540.710942
2025-04-15 16:00:00+00:00,541.0,541.6,538.49,539.12,93714.0,1237.0,540.506591
2025-04-15 17:00:00+00:00,538.67,539.85,537.38,538.31,126308.0,1447.0,538.569588
2025-04-15 18:00:00+00:00,538.66,539.21,536.89,538.72,84725.0,1462.0,538.046083
2025-04-15 19:00:00+00:00,538.615,539.28,537.16,537.64,233928.0,2807.0,538.109407
2025-04-16 12:00:00+00:00,532.65,532.65,532.65,532.65,400.0,1.0,532.65
2025-04-16 13:00:00+00:00,532.29,533.76,529.97,530.0,166459.0,1289.0,532.04558
2025-04-16 14:00:00+00:00,529.88,532.92,529.83,532.28,178732.0,2211.0,531.359851
2025-04-16 15:00:00+00:00,532.39,535.07,531.4,531.66,149958.0,1763.0,533.207131
2025-04-16 16:00:00+00:00,531.405,532.11,530.555,530.79,84836.0,1276.0,531.351795
2025-04-16 17:00:00+00:00,530.48,531.71,524.03,524.08,205204.0,2757.0,527.67715
2025-04-16 18:00:00+00:00,524.14,526.73,522.72,522.84,183423.0,2003.0,524.928801
2025-04-16 19:00:00+00:00,522.86,526.17,520.32,525.73,578445.0,5019.0,523.201786
2025-04-16 20:00:00+00:00,525.0,525.0,525.0,525.0,400.0,2.0,525.0
2025-04-17 13:00:00+00:00,527.53,529.24,526.37,528.69,80236.0,917.0,527.934956
2025-04-17 14:00:00+00:00,528.66,529.12,523.93,525.05,200347.0,2277.0,526.299788
2025-04-17 15:00:00+00:00,525.14,528.84,525.065,526.785,112162.0,1745.0,527.464213
2025-04-17 16:00:00+00:00,526.91,530.37,526.295,529.945,120414.0,1941.0,528.73515
2025-04-17 17:00:00+00:00,530.04,530.29,527.63,529.56,79318.0,1797.0,528.911204
2025-04-17 18:00:00+00:00,529.565,531.15,528.52,528.52,104281.0,2146.0,530.116042
2025-04-17 19:00:00+00:00,528.54,528.795,525.73,526.34,302817.0,3987.0,526.866889
2025-04-17 20:00:00+00:00,526.37,527.2,526.37,526.8,400.0,3.0,526.7925
2025-04-21 12:00:00+00:00,521.03,521.06,521.03,521.06,2200.0,25.0,521.056842
2025-04-21 13:00:00+00:00,520.5,521.64,517.59,517.71,107310.0,1049.0,519.518757
2025-04-21 14:00:00+00:00,517.44,517.44,514.4,514.63,166037.0,1921.0,515.93795
2025-04-21 15:00:00+00:00,514.76,515.02,510.83,511.0,108597.0,1564.0,512.586284
2025-04-21 16:00:00+00:00,511.17,513.24,511.17,511.23,131897.0,1619.0,512.035344
2025-04-21 17:00:00+00:00,511.33,511.71,508.74,508.985,136267.0,1607.0,510.073984
2025-04-21 18:00:00+00:00,508.945,510.51,508.46,508.77,156084.0,1966.0,509.403
2025-04-21 19:00:00+00:00,508.76,514.83,508.74,513.96,341395.0,3548.0,512.340507
2025-04-21 20:00:00+00:00,513.88,513.88,513.64,513.64,9633.0,14.0,513.829474
2025-04-22 13:00:00+00:00,520.18,522.3,519.2,521.94,98877.0,1225.0,521.034357
2025-04-22 14:00:00+00:00,522.05,524.79,521.815,524.59,159253.0,2097.0,523.137702
2025-04-22 15:00:00+00:00,524.65,526.45,523.78,526.16,254831.0,1767.0,525.019007
2025-04-22 16:00:00+00:00,526.25,529.305,526.25,527.57,183247.0,1875.0,527.854581
2025-04-22 17:00:00+00:00,527.545,528.62,521.82,521.85,210504.0,2059.0,524.405043
2025-04-22 18:00:00+00:00,521.855,527.23,521.8,526.805,151331.0,1498.0,525.24985
2025-04-22 19:00:00+00:00,526.84,527.48,524.31,526.95,343077.0,2934.0,526.212665
2025-04-22 20:00:00+00:00,527.38,527.5,527.38,527.5,1000.0,3.0,527.412
2025-04-23 13:00:00+00:00,540.45,544.94,539.59,543.35,297899.0,2853.0,542.623159
2025-04-23 14:00:00+00:00,543.595,545.29,540.81,542.51,238766.0,2453.0,543.048621
2025-04-23 15:00:00+00:00,542.7,543.22,535.67,537.44,190318.0,2362.0,539.131819
2025-04-23 16:00:00+00:00,537.405,538.48,534.05,538.25,195999.0,1975.0,536.568327
2025-04-23 17:00:00+00:00,538.22,539.51,536.24,538.17,86025.0,1301.0,538.207635
2025-04-23 18:00:00+00:00,538.685,538.8,535.83,536.29,107267.0,1450.0,537.417947
2025-04-23 19:00:00+00:00,536.9,537.14,533.9,535.29,270735.0,2387.0,535.582436
2025-04-24 12:00:00+00:00,535.62,535.7,535.62,535.7,400.0,2.0,535.64
2025-04-24 13:00:00+00:00,535.87,539.64,535.6,539.46,98114.0,968.0,537.847591
2025-04-24 14:00:00+00:00,539.4,543.27,539.06,542.46,219217.0,2587.0,541.479272
2025-04-24 15:00:00+00:00,542.42,543.85,541.945,542.65,107556.0,1610.0,542.875638
2025-04-24 16:00:00+00:00,542.805,545.83,542.37,545.44,141567.0,1696.0,544.35842
2025-04-24 17:00:00+00:00,545.21,545.59,544.03,545.335,73960.0,1163.0,544.863563
2025-04-24 18:00:00+00:00,545.46,546.86,545.03,546.105,131762.0,1439.0,546.015523
2025-04-24 19:00:00+00:00,546.05,547.2,544.35,546.44,376928.0,3031.0,546.146952
2025-04-24 20:00:00+00:00,549.06,549.06,549.06,549.06,201.0,2.0,549.06
2025-04-25 13:00:00+00:00,546.34,548.05,544.77,545.17,93841.0,1056.0,546.487125
2025-04-25 14:00:00+00:00,545.25,547.85,543.78,546.37,170600.0,2030.0,546.075921
2025-04-25 15:00:00+00:00,546.54,547.5,545.76,547.075,112718.0,1657.0,546.744747
2025-04-25 16:00:00+00:00,547.15,549.17,546.98,549.09,142668.0,1624.0,548.244442
2025-04-25 17:00:00+00:00,549.07,550.98,546.79,547.87,180966.0,1847.0,549.301668
2025-04-25 18:00:00+00:00,547.94,550.73,547.55,549.81,168208.0,1510.0,549.577008
2025-04-25 19:00:00+00:00,549.77,550.91,548.795,550.55,290109.0,2636.0,550.073572
2025-04-25 20:00:00+00:00,551.22,551.32,551.22,551.32,800.0,2.0,551.27
2025-04-28 13:00:00+00:00,551.26,553.535,550.275,550.425,151128.0,1242.0,551.975971
2025-04-28 14:00:00+00:00,550.33,552.04,549.73,550.55,118923.0,1045.0,550.928954
2025-04-28 15:00:00+00:00,550.59,551.15,547.12,547.56,140094.0,1121.0,548.368069
2025-04-28 16:00:00+00:00,547.42,547.51,545.82,546.44,65988.0,770.0,546.599017
2025-04-28 17:00:00+00:00,546.485,547.87,545.09,547.69,79894.0,761.0,546.015753
2025-04-28 18:00:00+00:00,547.72,548.98,547.53,548.85,56726.0,688.0,548.296409
2025-04-28 19:00:00+00:00,548.76,552.265,548.64,551.07,160586.0,1682.0,550.958862
2025-04-29 12:00:00+00:00,550.87,550.87,550.87,550.87,180.0,2.0,550.87
2025-04-29 13:00:00+00:00,548.89,551.64,548.89,550.64,108168.0,897.0,550.502503
2025-04-29 14:00:00+00:00,550.6,553.03,549.42,552.92,113522.0,1314.0,551.361367
2025-04-29 15:00:00+00:00,553.0,553.12,550.9,551.74,52353.0,901.0,552.221481
2025-04-29 16:00:00+00:00,551.8,553.41,550.53,551.16,62180.0,965.0,552.457433
2025-04-29 17:00:00+00:00,551.11,555.07,550.85,554.73,81081.0,1209.0,553.477084
2025-04-29 18:00:00+00:00,554.75,555.405,554.15,554.3,149368.0,1665.0,554.791865
2025-04-29 19:00:00+00:00,554.285,555.2,553.91,554.09,240237.0,2550.0,554.544162
2025-04-29 20:00:00+00:00,554.25,554.25,553.99,553.99,8674.0,12.0,554.016194
2025-04-30 12:00:00+00:00,548.05,548.05,547.39,547.4,1100.0,7.0,547.664417
2025-04-30 13:00:00+00:00,546.5,547.54,541.53,541.9,213192.0,1566.0,543.869503
2025-04-30 14:00:00+00:00,542.07,547.32,541.65,547.01,178279.0,2289.0,544.720316
2025-04-30 15:00:00+00:00,547.07,549.77,546.985,549.395,86769.0,1477.0,548.848223
2025-04-30 16:00:00+00:00,549.415,550.2,547.43,549.495,68466.0,1261.0,548.995687
2025-04-30 17:00:00+00:00,549.66,551.07,547.21,550.58,88215.0,1395.0,549.731022
2025-04-30 18:00:00+00:00,550.58,553.01,549.22,549.49,144348.0,1555.0,550.809865
2025-04-30 19:00:00+00:00,550.09,556.42,549.41,554.02,433432.0,3161.0,553.192926
2025-04-30 20:00:00+00:00,558.07,558.07,558.07,558.07,2828.0,6.0,558.07
2025-05-01 12:00:00+00:00,560.42,560.45,560.42,560.45,280.0,3.0,560.435
2025-05-01 13:00:00+00:00,560.41,561.3,558.81,558.88,152105.0,1142.0,560.029229
2025-05-01 14:00:00+00:00,560.64,563.395,559.06,563.34,148538.0,1670.0,561.389581
2025-05-01 15:00:00+00:00,563.39,563.995,559.72,560.26,121140.0,1234.0,562.792762
2025-05-01 16:00:00+00:00,560.46,561.25,559.08,559.58,69830.0,772.0,560.263257
2025-05-01 17:00:00+00:00,559.67,561.915,559.67,560.62,59139.0,720.0,560.930435
2025-05-01 18:00:00+00:00,560.62,562.66,560.62,561.63,94910.0,906.0,561.947265
2025-05-01 19:00:00+00:00,561.805,562.43,557.88,558.4,296197.0,2512.0,560.462835
2025-05-01 20:00:00+00:00,556.4,556.4,556.4,556.4,199.0,4.0,556.4
2025-05-02 12:00:00+00:00,560.58,560.68,560.58,560.68,200.0,2.0,560.63
2025-05-02 13:00:00+00:00,564.74,565.45,562.4,563.62,107951.0,1209.0,564.215096
2025-05-02 14:00:00+00:00,563.79,566.29,563.385,565.77,175254.0,2019.0,565.110284
2025-05-02 15:00:00+00:00,565.8,566.39,564.5,566.24,146967.0,1694.0,565.566549
2025-05-02 16:00:00+00:00,566.24,568.06,566.2,567.455,157703.0,1503.0,567.437099
2025-05-02 17:00:00+00:00,567.29,567.71,566.425,567.24,89099.0,1039.0,566.939132
2025-05-02 18:00:00+00:00,567.245,568.35,566.555,567.07,110876.0,1087.0,567.490276
2025-05-02 19:00:00+00:00,567.05,567.92,566.03,566.56,428573.0,2779.0,567.083319
2025-05-02 20:00:00+00:00,566.58,567.05,566.58,566.81,1360.0,8.0,566.894118
2025-05-05 12:00:00+00:00,562.03,562.57,562.03,562.33,660.0,7.0,562.321724
2025-05-05 13:00:00+00:00,562.6,563.26,561.74,562.99,138726.0,1869.0,562.631764
2025-05-05 14:00:00+00:00,563.17,565.18,562.49,564.99,129240.0,1469.0,563.920593
2025-05-05 15:00:00+00:00,565.015,565.29,563.85,565.01,119077.0,1257.0,564.701548
2025-05-05 16:00:00+00:00,565.01,565.85,564.92,565.57,65117.0,756.0,565.371935
2025-05-05 17:00:00+00:00,565.58,566.05,564.9,565.76,55164.0,627.0,565.420629
2025-05-05 18:00:00+00:00,565.675,566.65,565.63,565.815,48113.0,678.0,566.160595
2025-05-05 19:00:00+00:00,565.73,565.845,563.14,563.57,255381.0,2235.0,564.263343
2025-05-05 20:00:00+00:00,562.74,562.77,562.74,562.77,3000.0,22.0,562.751785
2025-05-06 12:00:00+00:00,559.15,559.18,558.75,558.78,1840.0,15.0,559.092976
2025-05-06 13:00:00+00:00,559.11,559.66,556.98,557.44,107118.0,1103.0,558.347689
2025-05-06 14:00:00+00:00,557.39,561.37,557.13,560.84,128734.0,1771.0,559.815284
2025-05-06 15:00:00+00:00,560.8,561.92,560.2,560.29,90765.0,1114.0,561.149162
2025-05-06 16:00:00+00:00,560.4,563.32,559.19,559.19,103273.0,1197.0,561.185663
2025-05-06 17:00:00+00:00,559.335,560.51,558.35,558.66,72350.0,878.0,559.439534
2025-05-06 18:00:00+00:00,558.77,561.02,558.68,561.02,100831.0,980.0,560.115209
2025-05-06 19:00:00+00:00,561.06,561.355,558.72,558.73,309355.0,2155.0,560.071464
2025-05-06 20:00:00+00:00,557.65,557.65,557.65,557.65,100.0,1.0,557.65
2025-05-07 13:00:00+00:00,560.2,561.58,559.56,561.31,110726.0,1297.0,560.506859
2025-05-07 14:00:00+00:00,561.34,561.94,559.06,559.65,143373.0,1336.0,561.147226
2025-05-07 15:00:00+00:00,559.475,560.085,558.44,559.91,102359.0,1250.0,559.317507
2025-05-07 16:00:00+00:00,559.84,561.36,559.135,561.2,57647.0,736.0,560.167123
2025-05-07 17:00:00+00:00,561.09,561.84,558.85,559.48,83937.0,1023.0,560.535932
2025-05-07 18:00:00+00:00,559.39,562.64,556.05,560.87,185349.0,1826.0,558.451031
2025-05-07 19:00:00+00:00,560.32,563.77,557.54,561.19,356274.0,2723.0,560.729569
2025-05-07 20:00:00+00:00,561.15,561.15,561.15,561.15,705.0,4.0,561.15
2025-05-08 12:00:00+00:00,565.03,565.03,565.03,565.03,171.0,3.0,565.03
2025-05-08 13:00:00+00:00,565.28,565.61,563.63,564.07,109501.0,1081.0,564.561058
2025-05-08 14:00:00+00:00,564.02,565.14,561.72,562.525,205115.0,2063.0,563.500389
2025-05-08 15:00:00+00:00,562.4,569.59,562.04,568.37,248253.0,2559.0,567.074697
2025-05-08 16:00:00+00:00,568.43,570.29,568.36,570.12,149409.0,1624.0,569.337519
2025-05-08 17:00:00+00:00,570.05,570.065,567.6,567.68,65988.0,1207.0,568.983404
2025-05-08 18:00:00+00:00,567.62,569.13,567.445,568.44,94922.0,1475.0,568.39001
2025-05-08 19:00:00+00:00,568.285,569.34,564.545,564.97,453350.0,4465.0,566.862675
2025-05-09 12:00:00+00:00,567.12,567.12,566.77,566.77,1000.0,7.0,567.061667
2025-05-09 13:00:00+00:00,566.49,567.455,565.96,566.98,43093.0,507.0,566.673078
2025-05-09 14:00:00+00:00,566.98,567.35,562.87,564.535,138191.0,1330.0,564.520386
2025-05-09 15:00:00+00:00,564.52,565.57,564.06,565.55,62969.0,811.0,564.823134
2025-05-09 16:00:00+00:00,565.445,565.445,563.1,563.46,64773.0,709.0,563.965277
2025-05-09 17:00:00+00:00,563.295,565.32,562.98,565.24,79704.0,835.0,564.134141
2025-05-09 18:00:00+00:00,565.19,565.26,564.165,564.875,28330.0,579.0,564.718864
2025-05-09 19:00:00+00:00,564.93,565.885,564.13,564.14,162728.0,1888.0,564.645109
2025-05-09 20:00:00+00:00,564.31,564.31,564.31,564.31,6931.0,32.0,564.31
2025-05-12 12:00:00+00:00,581.02,582.33,581.02,581.19,1791.0,16.0,581.406129
2025-05-12 13:00:00+00:00,581.32,581.66,578.39,578.74,220276.0,2269.0,579.310359
2025-05-12 14:00:00+00:00,578.885,580.405,577.12,579.0,227753.0,3015.0,579.103992
2025-05-12 15:00:00+00:00,578.94,579.72,578.06,578.16,160054.0,2225.0,578.843193
2025-05-12 16:00:00+00:00,578.19,581.145,578.05,581.12,112051.0,2346.0,579.735208
2025-05-12 17:00:00+00:00,581.135,582.415,581.005,581.595,97878.0,1822.0,581.584677
2025-05-12 18:00:00+00:00,581.55,582.52,581.39,581.535,122356.0,1562.0,581.952774
2025-05-12 19:00:00+00:00,581.555,583.0,580.83,582.93,408884.0,3290.0,581.95542
2025-05-12 20:00:00+00:00,583.3,583.3,582.96,583.11,565.0,8.0,583.1675
2025-05-13 12:00:00+00:00,584.05,584.05,583.06,583.06,567.0,8.0,583.693333
2025-05-13 13:00:00+00:00,583.15,585.46,582.905,585.23,100101.0,944.0,584.330073
2025-05-13 14:00:00+00:00,585.3,587.875,585.3,587.065,148329.0,1655.0,586.603002
2025-05-13 15:00:00+00:00,587.1,588.36,586.785,587.71,133079.0,1546.0,587.52601
2025-05-13 16:00:00+00:00,587.635,588.32,587.06,587.965,100990.0,1705.0,587.644818
2025-05-13 17:00:00+00:00,588.035,589.025,587.67,587.905,89486.0,1199.0,588.250746
2025-05-13 18:00:00+00:00,587.93,588.69,587.51,588.58,99917.0,1526.0,587.997283
2025-05-13 19:00:00+00:00,588.59,589.04,586.73,586.76,210865.0,2366.0,587.812294
2025-05-13 20:00:00+00:00,586.62,586.62,586.5,586.51,2609.0,12.0,586.509504
2025-05-14 12:00:00+00:00,588.49,588.49,588.49,588.49,180.0,2.0,588.49
2025-05-14 13:00:00+00:00,588.07,588.965,586.48,587.425,144118.0,1598.0,587.936258
2025-05-14 14:00:00+00:00,587.52,587.82,586.42,587.54,144805.0,1977.0,587.284534
2025-05-14 15:00:00+00:00,587.615,588.35,585.81,588.01,116883.0,1785.0,587.318177
2025-05-14 16:00:00+00:00,587.98,588.56,587.16,587.455,70240.0,1427.0,587.750218
2025-05-14 17:00:00+00:00,587.47,587.47,585.545,587.34,113793.0,2110.0,586.51379
2025-05-14 18:00:00+00:00,587.35,588.2,586.595,587.58,64699.0,1596.0,587.482659
2025-05-14 19:00:00+00:00,587.49,588.12,586.42,587.45,317226.0,3739.0,587.312319
2025-05-14 20:00:00+00:00,587.31,587.31,587.16,587.16,266.0,4.0,587.235
2025-05-15 12:00:00+00:00,585.03,586.13,584.86,585.22,2820.0,31.0,585.6345
2025-05-15 13:00:00+00:00,585.78,586.46,585.1,586.12,202833.0,1867.0,585.902628
2025-05-15 14:00:00+00:00,586.12,587.12,585.405,586.62,227935.0,2206.0,586.317797
2025-05-15 15:00:00+00:00,586.58,589.395,586.5,589.06,169973.0,1650.0,587.982852
2025-05-15 16:00:00+00:00,589.12,590.11,588.83,590.11,68865.0,1026.0,589.483374
2025-05-15 17:00:00+00:00,590.165,590.94,589.75,589.88,69572.0,1058.0,590.32262
2025-05-15 18:00:00+00:00,589.81,590.31,588.695,589.7,101158.0,1395.0,589.607215
2025-05-15 19:00:00+00:00,589.74,590.44,588.325,590.41,294222.0,2969.0,589.640537
2025-05-15 20:00:00+00:00,590.48,590.48,590.22,590.23,466.0,6.0,590.3125
2025-05-16 12:00:00+00:00,592.43,592.43,591.27,591.27,221.0,3.0,591.902727
2025-05-16 13:00:00+00:00,591.16,591.65,590.04,591.12,71206.0,821.0,590.708026
2025-05-16 14:00:00+00:00,590.65,591.615,589.31,590.475,159514.0,1551.0,590.509848
2025-05-16 15:00:00+00:00,590.61,591.59,590.405,591.05,90221.0,932.0,591.030115
2025-05-16 16:00:00+00:00,591.01,592.505,591.01,592.285,72018.0,748.0,591.974113
2025-05-16 17:00:00+00:00,592.16,593.435,592.16,592.81,61141.0,728.0,592.975678
2025-05-16 18:00:00+00:00,592.795,594.02,592.68,593.535,66905.0,1001.0,593.40714
2025-05-16 19:00:00+00:00,593.565,594.45,593.19,594.28,245556.0,2835.0,593.96145
2025-05-16 20:00:00+00:00,594.15,594.2,591.51,591.61,36032.0,41.0,594.01366
2025-05-19 12:00:00+00:00,588.68,588.69,588.67,588.69,1260.0,12.0,588.68
2025-05-19 13:00:00+00:00,587.7,591.36,587.7,591.26,132701.0,1294.0,589.915751
2025-05-19 14:00:00+00:00,591.24,593.27,591.08,591.905,131003.0,1342.0,592.447751
2025-05-19 15:00:00+00:00,592.04,593.72,591.98,593.05,57284.0,693.0,592.812662
2025-05-19 16:00:00+00:00,593.1,594.71,592.93,594.57,62262.0,784.0,593.839082
2025-05-19 17:00:00+00:00,594.56,595.53,594.325,594.41,87978.0,1156.0,594.973236
2025-05-19 18:00:00+00:00,594.38,594.52,593.42,594.41,65295.0,1165.0,594.058325
2025-05-19 19:00:00+00:00,594.54,595.24,593.19,594.88,245926.0,2375.0,594.347981
2025-05-19 20:00:00+00:00,594.34,594.58,593.95,594.58,632.0,9.0,594.316
2025-05-20 13:00:00+00:00,593.105,593.63,592.1,592.87,90052.0,918.0,593.032794
2025-05-20 14:00:00+00:00,592.88,594.005,592.4,593.01,92449.0,1259.0,593.148747
2025-05-20 15:00:00+00:00,592.76,593.63,592.49,593.29,62600.0,1121.0,593.151462
2025-05-20 16:00:00+00:00,593.16,593.52,592.275,593.37,66000.0,1060.0,592.880683
2025-05-20 17:00:00+00:00,593.375,593.8,592.49,593.01,74946.0,1176.0,593.159592
2025-05-20 18:00:00+00:00,592.965,593.14,590.64,590.91,109529.0,1527.0,591.545633
2025-05-20 19:00:00+00:00,590.88,592.965,589.62,592.88,292364.0,3204.0,591.560258
2025-05-21 13:00:00+00:00,589.0,590.5,588.58,589.8,146061.0,1609.0,589.674317
2025-05-21 14:00:00+00:00,590.11,591.31,588.88,590.64,176391.0,2474.0,590.072915
2025-05-21 15:00:00+00:00,590.72,592.2,590.42,591.76,160989.0,2587.0,591.432258
2025-05-21 16:00:00+00:00,591.74,592.55,591.43,591.58,99236.0,1836.0,591.946291
2025-05-21 17:00:00+00:00,591.68,591.76,583.83,586.14,543682.0,5267.0,586.617053
2025-05-21 18:00:00+00:00,586.2,586.39,583.845,584.06,275557.0,3266.0,585.170098
2025-05-21 19:00:00+00:00,584.16,584.58,581.865,582.96,567734.0,5593.0,583.443673
2025-05-21 20:00:00+00:00,582.7,582.7,582.7,582.7,100.0,1.0,582.7
2025-05-22 12:00:00+00:00,581.38,581.38,581.38,581.38,100.0,1.0,581.38
2025-05-22 13:00:00+00:00,582.655,584.3,581.49,584.3,209385.0,2206.0,582.889664
2025-05-22 14:00:00+00:00,584.35,585.14,581.51,582.92,285439.0,3036.0,583.325461
2025-05-22 15:00:00+00:00,583.03,584.36,582.37,584.23,196065.0,2368.0,583.414841
2025-05-22 16:00:00+00:00,584.32,585.58,583.07,583.07,161289.0,2218.0,584.256902
2025-05-22 17:00:00+00:00,583.14,585.79,582.67,585.4,139258.0,2153.0,584.300657
2025-05-22 18:00:00+00:00,585.4,586.05,584.93,585.74,111755.0,1811.0,585.492424
2025-05-22 19:00:00+00:00,585.84,586.61,582.61,583.06,400200.0,4069.0,584.775291
2025-05-22 20:00:00+00:00,583.25,583.25,583.05,583.06,733.0,5.0,583.167143
2025-05-23 12:00:00+00:00,574.01,575.35,573.98,574.79,1005.0,5.0,574.41205
2025-05-23 13:00:00+00:00,575.87,578.16,575.65,576.78,320418.0,3329.0,576.904523
2025-05-23 14:00:00+00:00,576.815,578.9,576.8,577.12,302953.0,3469.0,577.910198
2025-05-23 15:00:00+00:00,577.14,579.72,576.82,578.01,213617.0,3052.0,578.139863
2025-05-23 16:00:00+00:00,578.18,579.55,577.62,578.91,136061.0,2153.0,578.562905
2025-05-23 17:00:00+00:00,578.86,581.41,578.74,580.88,122201.0,2091.0,580.436758
2025-05-23 18:00:00+00:00,580.77,581.77,580.09,580.68,181756.0,2484.0,580.978155
2025-05-23 19:00:00+00:00,580.6,581.4,578.52,579.2,311076.0,3562.0,579.838459
2025-05-23 20:00:00+00:00,578.43,578.43,578.43,578.43,200.0,2.0,578.43
2025-05-27 12:00:00+00:00,587.2,587.2,587.2,587.2,100.0,1.0,587.2
2025-05-27 13:00:00+00:00,586.09,586.33,584.47,586.13,177677.0,2183.0,585.605633
2025-05-27 14:00:00+00:00,586.16,588.55,586.16,588.03,220501.0,2484.0,587.592575
2025-05-27 15:00:00+00:00,588.065,589.105,587.95,588.945,148550.0,1847.0,588.55712
2025-05-27 16:00:00+00:00,588.97,590.62,588.94,589.95,173452.0,2018.0,589.791574
2025-05-27 17:00:00+00:00,589.955,591.05,589.91,591.03,102219.0,1570.0,590.327132
2025-05-27 18:00:00+00:00,590.98,591.29,590.36,590.36,127030.0,1726.0,590.76001
2025-05-27 19:00:00+00:00,590.37,591.06,589.88,591.06,454742.0,4418.0,590.409467
2025-05-27 20:00:00+00:00,591.14,591.54,590.92,591.54,9399.0,22.0,591.041626
2025-05-28 13:00:00+00:00,591.67,592.76,590.565,590.8,151577.0,1487.0,591.79027
2025-05-28 14:00:00+00:00,590.79,591.105,589.26,589.35,145224.0,1742.0,590.146037
2025-05-28 15:00:00+00:00,589.32,590.13,589.0,589.03,97424.0,1206.0,589.441558
2025-05-28 16:00:00+00:00,589.115,590.24,589.11,589.96,82409.0,1036.0,589.821237
2025-05-28 17:00:00+00:00,590.0,590.615,589.47,589.71,91183.0,1306.0,590.060978
2025-05-28 18:00:00+00:00,589.71,590.43,587.94,589.79,151869.0,1585.0,589.44793
2025-05-28 19:00:00+00:00,589.8,590.77,587.0,587.8,405083.0,4097.0,588.796358
2025-05-28 20:00:00+00:00,589.15,589.68,588.78,589.68,400.0,3.0,589.0975
2025-05-29 12:00:00+00:00,592.39,592.93,592.36,592.93,810.0,10.0,592.56
2025-05-29 13:00:00+00:00,592.59,593.1,590.33,591.15,169017.0,1707.0,591.593659
2025-05-29 14:00:00+00:00,591.2,591.52,588.5,590.9,197749.0,2407.0,589.741196
2025-05-29 15:00:00+00:00,590.94,591.0,586.55,587.05,140049.0,1911.0,589.231173
2025-05-29 16:00:00+00:00,587.105,590.1,586.26,589.82,150858.0,1882.0,588.486427
2025-05-29 17:00:00+00:00,589.76,590.32,588.44,588.55,102432.0,1641.0,589.428488
2025-05-29 18:00:00+00:00,588.61,589.52,587.67,588.81,124956.0,1706.0,588.696283
2025-05-29 19:00:00+00:00,588.82,590.66,588.36,589.95,348097.0,4205.0,589.358534
2025-05-29 20:00:00+00:00,589.74,589.98,589.34,589.92,9633.0,52.0,589.371509
2025-05-30 12:00:00+00:00,587.35,588.22,587.35,588.22,5640.0,31.0,587.373509
2025-05-30 13:00:00+00:00,587.89,589.06,586.44,587.01,146779.0,1635.0,587.707951
2025-05-30 14:00:00+00:00,587.43,589.9,587.29,588.73,189522.0,2365.0,588.969904
2025-05-30 15:00:00+00:00,588.74,589.35,587.36,587.985,111079.0,1743.0,588.416155
2025-05-30 16:00:00+00:00,588.025,588.63,583.265,584.38,347405.0,3374.0,584.986793
2025-05-30 17:00:00+00:00,584.21,586.67,583.99,585.86,169221.0,2335.0,585.618546
2025-05-30 18:00:00+00:00,585.96,588.85,585.96,588.67,209561.0,2421.0,587.839041
2025-05-30 19:00:00+00:00,588.71,591.115,588.68,589.3,545392.0,4363.0,589.936942
2025-05-30 20:00:00+00:00,590.16,590.16,588.66,589.24,6778.0,31.0,589.346777
2025-06-02 13:00:00+00:00,587.58,589.67,586.73,586.825,198063.0,2141.0,588.318783
2025-06-02 14:00:00+00:00,586.19,589.53,585.1,589.355,337761.0,3635.0,587.609341
2025-06-02 15:00:00+00:00,589.44,590.06,588.2,589.84,195001.0,2421.0,589.025068
2025-06-02 16:00:00+00:00,589.77,590.17,589.005,589.995,113590.0,1695.0,589.555567
2025-06-02 17:00:00+00:00,590.06,590.6,589.53,589.95,77552.0,1395.0,590.067311
2025-06-02 18:00:00+00:00,589.895,591.95,589.55,591.84,130111.0,1970.0,591.059214
2025-06-02 19:00:00+00:00,591.86,592.79,591.67,592.79,364455.0,3645.0,592.183643
2025-06-02 20:00:00+00:00,592.68,593.1,592.68,592.98,500.0,4.0,592.892
2025-06-03 12:00:00+00:00,591.73,591.79,591.73,591.79,432.0,8.0,591.76
2025-06-03 13:00:00+00:00,592.23,593.26,592.06,592.5,109915.0,1285.0,592.747846
2025-06-03 14:00:00+00:00,592.75,594.41,591.86,594.35,198663.0,2330.0,593.269135
2025-06-03 15:00:00+00:00,594.38,595.66,594.38,595.64,144573.0,2053.0,594.945735
2025-06-03 16:00:00+00:00,595.575,596.665,595.29,596.51,123524.0,2179.0,596.12528
2025-06-03 17:00:00+00:00,596.49,597.07,596.06,596.12,119805.0,2233.0,596.624552
2025-06-03 18:00:00+00:00,596.14,596.44,594.805,596.33,184904.0,3117.0,595.799076
2025-06-03 19:00:00+00:00,596.345,596.5,595.28,596.12,309035.0,3960.0,596.085402
2025-06-03 20:00:00+00:00,595.95,596.03,595.69,595.83,14626.0,54.0,595.859773
2025-06-04 12:00:00+00:00,596.62,596.62,596.62,596.62,230.0,4.0,596.62
2025-06-04 13:00:00+00:00,596.77,597.92,596.77,597.54,115070.0,1634.0,597.502792
2025-06-04 14:00:00+00:00,596.95,597.75,595.56,597.54,215924.0,2611.0,596.955259
2025-06-04 15:00:00+00:00,597.58,597.86,596.41,596.88,105969.0,1586.0,597.196081
2025-06-04 16:00:00+00:00,596.86,596.89,595.82,596.76,98843.0,1546.0,596.337599
2025-06-04 17:00:00+00:00,596.79,597.66,596.79,597.59,94431.0,1210.0,597.321695
2025-06-04 18:00:00+00:00,597.74,597.92,596.87,596.99,94654.0,1310.0,597.386773
2025-06-04 19:00:00+00:00,597.03,597.23,595.98,595.98,228445.0,2604.0,596.666222
2025-06-04 20:00:00+00:00,595.89,596.01,595.74,595.86,9090.0,26.0,595.830984
2025-06-05 12:00:00+00:00,596.53,598.38,596.26,597.28,1630.0,21.0,597.535
2025-06-05 13:00:00+00:00,597.66,597.88,593.93,594.29,170069.0,1744.0,595.497662
2025-06-05 14:00:00+00:00,594.28,597.51,594.05,597.33,286348.0,3345.0,595.842416
2025-06-05 15:00:00+00:00,597.33,598.93,597.16,598.79,171950.0,2259.0,598.215066
2025-06-05 16:00:00+00:00,598.64,598.93,594.27,594.755,242915.0,2286.0,596.312414
2025-06-05 17:00:00+00:00,594.705,596.94,594.35,595.86,170075.0,1456.0,595.564585
2025-06-05 18:00:00+00:00,595.82,596.1,593.08,595.26,181644.0,2258.0,595.028428
2025-06-05 19:00:00+00:00,595.39,595.5,591.07,593.08,654522.0,5509.0,593.063732
2025-06-05 20:00:00+00:00,593.44,593.59,592.29,592.29,933.0,10.0,593.203333
2025-06-06 12:00:00+00:00,595.63,597.65,595.63,597.65,230.0,3.0,596.64
2025-06-06 13:00:00+00:00,598.62,600.82,598.06,600.27,228341.0,2342.0,599.654112
2025-06-06 14:00:00+00:00,600.35,600.46,598.665,599.285,164642.0,1986.0,599.701237
2025-06-06 15:00:00+00:00,599.27,600.29,597.28,598.74,176532.0,2341.0,598.773075
2025-06-06 16:00:00+00:00,598.76,599.38,596.91,597.65,137448.0,2064.0,598.266156
2025-06-06 17:00:00+00:00,597.55,599.04,597.155,598.95,77144.0,1514.0,598.257203
2025-06-06 18:00:00+00:00,599.09,600.4,599.05,599.75,172504.0,2698.0,599.838386
2025-06-06 19:00:00+00:00,599.67,600.02,598.975,598.975,358231.0,3861.0,599.451804
2025-06-06 20:00:00+00:00,598.99,599.1,598.99,599.1,559.0,9.0,599.0525
2025-06-09 13:00:00+00:00,599.78,599.91,598.52,598.94,82290.0,975.0,599.17752
2025-06-09 14:00:00+00:00,599.005,600.37,598.9,599.46,145375.0,1862.0,599.630281
2025-06-09 15:00:00+00:00,599.55,600.01,599.12,599.85,66940.0,941.0,599.65808
2025-06-09 16:00:00+00:00,599.825,601.07,599.38,600.645,80014.0,1256.0,600.160607
2025-06-09 17:00:00+00:00,600.73,601.2,600.13,600.95,50178.0,863.0,600.820201
2025-06-09 18:00:00+00:00,600.905,601.25,600.35,601.01,72455.0,996.0,600.914517
2025-06-09 19:00:00+00:00,601.01,601.085,599.43,599.43,245575.0,2551.0,600.191222
2025-06-09 20:00:00+00:00,599.25,599.26,599.25,599.26,1132.0,3.0,599.250883
2025-06-10 12:00:00+00:00,600.55,600.55,600.55,600.55,170.0,2.0,600.55
2025-06-10 13:00:00+00:00,600.335,601.12,600.22,600.54,99037.0,1236.0,600.62397
2025-06-10 14:00:00+00:00,600.56,601.74,600.56,601.11,87512.0,1164.0,601.113833
2025-06-10 15:00:00+00:00,601.09,601.445,599.15,601.24,140757.0,1935.0,600.767518
2025-06-10 16:00:00+00:00,601.26,602.26,601.26,602.165,96541.0,1382.0,601.790592
2025-06-10 17:00:00+00:00,602.155,602.63,601.28,601.31,76782.0,1255.0,601.905448
2025-06-10 18:00:00+00:00,601.26,602.87,600.17,602.435,145194.0,1767.0,601.317416
2025-06-10 19:00:00+00:00,602.385,603.465,601.78,603.1,307485.0,3410.0,602.664678
2025-06-10 20:00:00+00:00,602.62,602.68,602.53,602.68,613.0,11.0,602.61
2025-06-11 12:00:00+00:00,604.84,605.56,604.33,604.33,930.0,14.0,604.982
2025-06-11 13:00:00+00:00,604.18,604.18,602.31,603.61,118392.0,1591.0,603.294508
2025-06-11 14:00:00+00:00,603.63,605.04,603.3,604.69,120273.0,1880.0,604.361499
2025-06-11 15:00:00+00:00,604.78,604.93,603.37,603.67,90068.0,1301.0,604.183353
2025-06-11 16:00:00+00:00,603.65,603.82,602.015,603.42,131791.0,1885.0,603.060685
2025-06-11 17:00:00+00:00,603.49,604.4,602.425,602.49,87314.0,1163.0,603.775092
2025-06-11 18:00:00+00:00,602.405,602.77,599.275,600.76,214778.0,3027.0,601.071423
2025-06-11 19:00:00+00:00,600.79,601.59,599.74,601.59,282101.0,3493.0,600.790972
2025-06-11 20:00:00+00:00,601.93,601.93,601.39,601.39,300.0,3.0,601.586667
2025-06-12 13:00:00+00:00,600.02,601.22,599.57,600.67,87272.0,1116.0,600.357953
2025-06-12 14:00:00+00:00,600.83,603.12,600.61,602.64,125067.0,2006.0,602.35486
2025-06-12 15:00:00+00:00,602.68,603.6,601.54,602.52,115145.0,2115.0,602.479425
2025-06-12 16:00:00+00:00,602.425,603.33,601.98,602.42,118977.0,2044.0,602.755533
2025-06-12 17:00:00+00:00,602.41,603.55,602.41,603.12,80514.0,1657.0,603.201448
2025-06-12 18:00:00+00:00,603.16,603.4,602.485,603.36,114424.0,1866.0,602.999589
2025-06-12 19:00:00+00:00,603.315,603.72,602.47,603.72,179855.0,2818.0,603.126752
2025-06-12 20:00:00+00:00,603.57,603.57,602.94,602.94,457.0,8.0,603.1475
2025-06-13 12:00:00+00:00,598.78,598.78,598.0,598.0,200.0,2.0,598.39
2025-06-13 13:00:00+00:00,598.03,600.35,597.88,598.0,138780.0,1754.0,599.240343
2025-06-13 14:00:00+00:00,598.16,599.35,596.64,599.15,194392.0,2663.0,597.958358
2025-06-13 15:00:00+00:00,599.215,601.67,598.97,601.25,107594.0,1559.0,600.412544
2025-06-13 16:00:00+00:00,601.255,601.84,600.285,601.07,88043.0,1275.0,601.178011
2025-06-13 17:00:00+00:00,600.98,601.15,598.96,599.8,134788.0,1919.0,599.877338
2025-06-13 18:00:00+00:00,599.8,600.25,595.63,597.23,185962.0,2373.0,597.405248
2025-06-13 19:00:00+00:00,597.2,597.61,595.52,596.78,261056.0,2893.0,596.518003
2025-06-13 20:00:00+00:00,597.43,597.43,597.0,597.0,8987.0,14.0,597.416149
2025-06-16 12:00:00+00:00,600.64,600.97,600.64,600.97,340.0,4.0,600.805
2025-06-16 13:00:00+00:00,600.82,603.39,600.24,603.02,174489.0,2135.0,601.962682
2025-06-16 14:00:00+00:00,603.06,604.45,602.99,603.92,212193.0,2310.0,603.819751
2025-06-16 15:00:00+00:00,603.93,604.08,602.81,603.13,183560.0,2176.0,603.58382
2025-06-16 16:00:00+00:00,603.14,603.66,602.52,602.745,106776.0,1388.0,603.008323
2025-06-16 17:00:00+00:00,602.725,603.7,602.14,602.3,136782.0,1736.0,602.827952
2025-06-16 18:00:00+00:00,602.36,602.87,601.86,602.56,116490.0,1534.0,602.391471
2025-06-16 19:00:00+00:00,602.495,602.775,601.67,602.705,347367.0,3315.0,602.170631
2025-06-16 20:00:00+00:00,603.04,603.04,602.86,602.86,396.0,6.0,602.96
2025-06-17 13:00:00+00:00,600.22,600.9,599.81,600.75,125075.0,1486.0,600.388462
2025-06-17 14:00:00+00:00,601.005,601.63,600.38,600.52,129210.0,1902.0,600.991403
2025-06-17 15:00:00+00:00,600.46,601.72,600.22,600.8,104904.0,1589.0,600.982361
2025-06-17 16:00:00+00:00,600.77,601.575,599.53,599.815,125545.0,1417.0,600.853602
2025-06-17 17:00:00+00:00,599.74,600.175,597.55,598.02,162300.0,2173.0,599.131716
2025-06-17 18:00:00+00:00,597.92,598.18,596.79,598.13,224525.0,2443.0,597.585957
2025-06-17 19:00:00+00:00,598.15,598.52,597.33,597.6,330269.0,3486.0,597.965457
2025-06-18 12:00:00+00:00,598.09,598.09,598.09,598.09,200.0,3.0,598.09
2025-06-18 13:00:00+00:00,598.07,599.52,597.38,599.18,139291.0,1570.0,598.420466
2025-06-18 14:00:00+00:00,599.13,601.21,598.75,600.84,182060.0,2400.0,600.476074
2025-06-18 15:00:00+00:00,600.86,600.9,599.65,599.71,108878.0,1449.0,600.229271
2025-06-18 16:00:00+00:00,599.69,600.31,599.42,599.46,85883.0,1196.0,599.751314
2025-06-18 17:00:00+00:00,599.41,599.965,598.04,599.68,102238.0,1558.0,599.262993
2025-06-18 18:00:00+00:00,599.61,600.93,596.76,597.19,201352.0,2564.0,599.062878
2025-06-18 19:00:00+00:00,597.24,598.89,596.5,597.52,340067.0,4002.0,597.764907
2025-06-20 12:00:00+00:00,596.56,597.7,596.56,597.7,830.0,11.0,597.13
2025-06-20 13:00:00+00:00,598.385,599.44,597.19,597.36,137411.0,1461.0,598.488717
2025-06-20 14:00:00+00:00,597.26,597.54,593.99,594.32,198623.0,2442.0,596.226007
2025-06-20 15:00:00+00:00,594.265,596.35,593.62,594.78,131256.0,1914.0,595.317142
2025-06-20 16:00:00+00:00,594.57,595.7,594.315,595.37,86180.0,1468.0,595.006366
2025-06-20 17:00:00+00:00,595.27,595.89,592.9,594.02,124427.0,1775.0,594.118587
2025-06-20 18:00:00+00:00,594.05,595.33,593.43,593.63,123704.0,1773.0,594.502476
2025-06-20 19:00:00+00:00,593.57,594.91,593.27,594.18,337798.0,3644.0,593.953609
2025-06-23 13:00:00+00:00,594.9,596.665,593.62,596.66,108312.0,1557.0,595.364358
2025-06-23 14:00:00+00:00,596.83,598.24,596.44,596.44,151053.0,1944.0,597.454507
2025-06-23 15:00:00+00:00,596.42,597.65,595.75,595.89,113398.0,1550.0,596.599292
2025-06-23 16:00:00+00:00,595.85,596.03,591.91,593.79,190397.0,2503.0,594.225814
2025-06-23 17:00:00+00:00,593.55,599.18,593.28,598.49,181219.0,2362.0,597.363095
2025-06-23 18:00:00+00:00,598.52,599.105,598.02,598.5,133712.0,1912.0,598.551385
2025-06-23 19:00:00+00:00,598.47,600.53,598.42,600.08,317686.0,3518.0,599.524827
2025-06-23 20:00:00+00:00,599.85,600.02,599.79,600.02,1523.0,12.0,599.861078
2025-06-24 13:00:00+00:00,604.3,605.44,603.83,604.09,179314.0,1896.0,604.888812
2025-06-24 14:00:00+00:00,603.92,605.34,603.52,604.95,175547.0,2459.0,604.564612
2025-06-24 15:00:00+00:00,605.005,606.15,604.985,605.75,119783.0,1600.0,605.600918
2025-06-24 16:00:00+00:00,605.78,607.16,605.67,606.635,113200.0,1484.0,606.505941
2025-06-24 17:00:00+00:00,606.62,607.36,606.31,607.21,113287.0,1602.0,606.729956
2025-06-24 18:00:00+00:00,607.19,607.45,606.87,607.315,111400.0,1539.0,607.182803
2025-06-24 19:00:00+00:00,607.32,607.835,606.75,606.75,326527.0,3558.0,607.365468
2025-06-24 20:00:00+00:00,606.82,606.9,606.77,606.78,14528.0,22.0,606.795471
2025-06-25 13:00:00+00:00,607.95,608.45,607.47,608.17,178451.0,2358.0,608.092047
2025-06-25 14:00:00+00:00,608.18,608.4,607.31,607.75,191648.0,2477.0,607.798216
2025-06-25 15:00:00+00:00,607.75,607.77,606.5,606.9,176567.0,2471.0,607.031806
2025-06-25 16:00:00+00:00,606.87,607.26,606.43,606.705,81577.0,1182.0,606.916035
2025-06-25 17:00:00+00:00,606.72,607.13,605.73,606.28,132248.0,1833.0,606.592943
2025-06-25 18:00:00+00:00,606.24,606.54,606.055,606.405,76045.0,1283.0,606.306142
2025-06-25 19:00:00+00:00,606.41,607.37,606.39,607.2,270883.0,3056.0,606.820811
2025-06-25 20:00:00+00:00,607.12,607.12,606.84,606.84,246.0,4.0,606.98
2025-06-26 12:00:00+00:00,609.07,609.07,609.07,609.07,100.0,1.0,609.07
2025-06-26 13:00:00+00:00,609.01,609.38,608.39,609.125,111994.0,1460.0,608.954843
2025-06-26 14:00:00+00:00,609.225,610.57,609.11,610.35,190403.0,1948.0,609.979369
2025-06-26 15:00:00+00:00,610.37,610.85,609.84,610.53,130314.0,1458.0,610.490271
2025-06-26 16:00:00+00:00,610.53,611.11,610.51,610.84,91638.0,1053.0,610.92554
2025-06-26 17:00:00+00:00,610.64,611.59,610.64,611.3,108090.0,1089.0,611.232259
2025-06-26 18:00:00+00:00,611.265,612.105,611.11,611.445,180086.0,1877.0,611.608128
2025-06-26 19:00:00+00:00,611.5,612.31,611.24,611.91,524572.0,4780.0,611.81132
2025-06-27 13:00:00+00:00,613.31,614.62,612.735,614.36,206651.0,2116.0,613.78164
2025-06-27 14:00:00+00:00,614.48,615.5,614.48,614.83,239275.0,3018.0,615.002991
2025-06-27 15:00:00+00:00,614.78,616.075,614.62,615.9,118552.0,1477.0,615.554898
2025-06-27 16:00:00+00:00,615.9,616.39,615.66,615.97,127319.0,1695.0,616.040427
2025-06-27 17:00:00+00:00,615.945,615.945,613.29,614.2,202254.0,2373.0,614.585791
2025-06-27 18:00:00+00:00,614.095,614.36,610.9,611.27,306198.0,3296.0,612.184691
2025-06-27 19:00:00+00:00,611.14,615.13,611.05,614.83,399182.0,4089.0,613.301022
2025-06-27 20:00:00+00:00,614.47,614.55,614.41,614.41,609.0,14.0,614.49
2025-06-30 12:00:00+00:00,617.46,617.53,616.93,616.93,1540.0,17.0,617.270095
2025-06-30 13:00:00+00:00,617.37,617.4,616.04,616.44,164895.0,2614.0,616.579819
2025-06-30 14:00:00+00:00,616.38,616.805,615.72,616.01,312749.0,3055.0,616.311009
2025-06-30 15:00:00+00:00,616.03,616.92,615.74,616.48,209832.0,2435.0,616.250736
2025-06-30 16:00:00+00:00,616.52,617.12,616.17,616.59,112712.0,1751.0,616.746212
2025-06-30 17:00:00+00:00,616.725,616.75,615.04,615.86,153023.0,2216.0,616.16061
2025-06-30 18:00:00+00:00,615.855,616.94,615.33,616.91,199414.0,2708.0,616.089063
2025-06-30 19:00:00+00:00,616.95,619.2,616.925,617.83,694258.0,6754.0,618.080886
2025-07-01 12:00:00+00:00,616.48,616.48,616.48,616.48,380.0,5.0,616.48
2025-07-01 13:00:00+00:00,616.395,617.73,616.28,617.22,118350.0,1389.0,617.007918
2025-07-01 14:00:00+00:00,617.24,618.04,616.185,616.505,183514.0,2387.0,616.997067
2025-07-01 15:00:00+00:00,616.47,617.49,615.56,616.94,181152.0,2146.0,616.569044
2025-07-01 16:00:00+00:00,616.97,618.1,616.73,617.11,128781.0,1587.0,617.477666
2025-07-01 17:00:00+00:00,617.12,618.81,617.01,618.55,84223.0,1297.0,617.890793
2025-07-01 18:00:00+00:00,618.6,618.66,617.91,617.95,112777.0,1545.0,618.266227
2025-07-01 19:00:00+00:00,617.96,618.68,616.78,617.64,295627.0,3072.0,617.818116
2025-07-01 20:00:00+00:00,617.54,617.56,617.47,617.48,5248.0,8.0,617.511907
2025-07-02 12:00:00+00:00,616.57,616.57,616.57,616.57,240.0,3.0,616.57
2025-07-02 13:00:00+00:00,617.29,617.63,616.64,617.29,104487.0,1191.0,617.292168
2025-07-02 14:00:00+00:00,617.29,619.155,617.29,618.71,233719.0,2700.0,618.363857
2025-07-02 15:00:00+00:00,618.82,619.43,618.565,619.285,140542.0,1754.0,619.041786
2025-07-02 16:00:00+00:00,619.27,619.6,618.87,619.57,86605.0,1228.0,619.255184
2025-07-02 17:00:00+00:00,619.62,619.68,619.15,619.43,111194.0,1459.0,619.466563
2025-07-02 18:00:00+00:00,619.455,619.94,619.23,619.85,131275.0,1662.0,619.653554
2025-07-02 19:00:00+00:00,619.86,620.47,619.61,620.425,326096.0,3234.0,620.037964
2025-07-02 20:00:00+00:00,620.4,620.4,620.1,620.13,81554.0,136.0,620.26207
2025-07-03 12:00:00+00:00,621.57,622.6,621.57,621.69,1690.0,19.0,622.020833
2025-07-03 13:00:00+00:00,622.47,624.54,622.46,624.075,171758.0,1973.0,623.636457
2025-07-03 14:00:00+00:00,624.06,625.45,624.06,625.27,158835.0,1881.0,624.937733
2025-07-03 15:00:00+00:00,625.3,626.07,625.18,625.915,146468.0,2046.0,625.66038
2025-07-03 16:00:00+00:00,625.88,626.26,624.94,625.41,264970.0,3045.0,625.691302
2025-07-03 17:00:00+00:00,625.61,625.61,624.99,625.03,800.0,8.0,625.13625
2025-07-07 12:00:00+00:00,624.17,624.17,624.17,624.17,100.0,1.0,624.17
2025-07-07 13:00:00+00:00,623.33,623.99,622.93,623.665,72992.0,1077.0,623.503999
2025-07-07 14:00:00+00:00,623.6,623.775,621.98,622.18,152376.0,2336.0,622.847246
2025-07-07 15:00:00+00:00,622.245,622.39,621.2,621.74,117854.0,1800.0,621.830962
2025-07-07 16:00:00+00:00,621.87,622.27,619.395,619.82,141689.0,1684.0,620.784652
2025-07-07 17:00:00+00:00,619.81,621.32,619.61,620.03,91325.0,1121.0,620.249609
2025-07-07 18:00:00+00:00,620.0,620.34,617.89,620.165,151310.0,1835.0,619.083761
2025-07-07 19:00:00+00:00,620.14,620.99,619.395,620.99,377155.0,3691.0,620.16046
2025-07-07 20:00:00+00:00,620.16,620.16,619.18,619.18,1730.0,18.0,619.973579
2025-07-08 12:00:00+00:00,621.16,621.16,621.16,621.16,100.0,1.0,621.16
2025-07-08 13:00:00+00:00,621.34,621.65,620.57,620.7,138506.0,2087.0,621.152817
2025-07-08 14:00:00+00:00,620.655,621.46,619.59,620.42,212831.0,2461.0,620.354238
2025-07-08 15:00:00+00:00,620.41,621.21,619.73,621.06,153241.0,1815.0,620.421924
2025-07-08 16:00:00+00:00,621.1,622.1,620.445,620.79,159122.0,1797.0,621.323247
2025-07-08 17:00:00+00:00,620.78,621.24,619.88,621.17,95726.0,1173.0,620.610765
2025-07-08 18:00:00+00:00,621.09,621.3,620.335,620.535,98536.0,1512.0,620.869515
2025-07-08 19:00:00+00:00,620.51,620.72,620.02,620.285,306127.0,3303.0,620.374311
2025-07-08 20:00:00+00:00,620.33,620.51,620.17,620.51,9907.0,18.0,620.384926
2025-07-09 13:00:00+00:00,622.73,624.71,622.68,624.275,155149.0,1975.0,623.974877
2025-07-09 14:00:00+00:00,624.24,624.54,621.07,621.43,194589.0,2496.0,622.770251
2025-07-09 15:00:00+00:00,621.42,622.54,620.92,621.95,195195.0,2429.0,621.796278
2025-07-09 16:00:00+00:00,621.925,622.37,621.57,622.03,120128.0,1524.0,621.98137
2025-07-09 17:00:00+00:00,622.105,622.785,621.73,622.48,188066.0,2082.0,622.358908
2025-07-09 18:00:00+00:00,622.45,623.54,622.43,623.4,144261.0,1785.0,623.04275
2025-07-09 19:00:00+00:00,623.4,624.21,623.11,624.035,414114.0,3976.0,623.67166
2025-07-09 20:00:00+00:00,624.19,624.19,623.9,623.97,13303.0,38.0,624.05539
2025-07-10 13:00:00+00:00,623.65,624.405,623.14,623.405,80066.0,1083.0,623.695539
2025-07-10 14:00:00+00:00,623.375,625.1,623.04,624.875,188053.0,2253.0,624.029828
2025-07-10 15:00:00+00:00,624.865,625.77,624.83,625.7,120942.0,1480.0,625.353688
2025-07-10 16:00:00+00:00,625.69,625.77,625.08,625.56,123238.0,1343.0,625.452626
2025-07-10 17:00:00+00:00,625.6,626.76,625.6,626.585,139701.0,1680.0,626.274243
2025-07-10 18:00:00+00:00,626.585,626.87,626.09,626.26,177083.0,1762.0,626.447732
2025-07-10 19:00:00+00:00,626.24,626.675,625.24,625.955,374281.0,3939.0,626.033649
2025-07-10 20:00:00+00:00,625.75,625.82,625.38,625.39,23454.0,40.0,625.622744
2025-07-11 12:00:00+00:00,622.87,622.87,622.87,622.87,100.0,1.0,622.87
2025-07-11 13:00:00+00:00,622.45,623.43,621.55,623.21,86982.0,1053.0,622.53058
2025-07-11 14:00:00+00:00,623.225,624.315,623.005,623.91,119402.0,1442.0,623.687002
2025-07-11 15:00:00+00:00,623.85,624.63,622.74,623.765,139952.0,1651.0,623.674373
2025-07-11 16:00:00+00:00,623.79,624.41,623.19,624.34,101744.0,1283.0,623.74648
2025-07-11 17:00:00+00:00,624.38,624.57,623.77,624.47,141799.0,1579.0,624.242317
2025-07-11 18:00:00+00:00,624.57,624.85,624.11,624.32,195918.0,2072.0,624.500133
2025-07-11 19:00:00+00:00,624.35,624.71,623.13,623.64,469817.0,4262.0,624.041255
2025-07-11 20:00:00+00:00,623.37,623.61,623.34,623.61,10765.0,20.0,623.424421
2025-07-14 13:00:00+00:00,623.13,623.445,621.81,622.685,88127.0,1285.0,622.748696
2025-07-14 14:00:00+00:00,622.77,623.71,622.37,623.38,95699.0,1539.0,622.958772
2025-07-14 15:00:00+00:00,623.43,624.39,623.34,623.95,85512.0,1451.0,623.842553
2025-07-14 16:00:00+00:00,623.94,624.47,623.65,624.27,74284.0,1223.0,624.08886
2025-07-14 17:00:00+00:00,624.31,624.96,624.31,624.69,92693.0,1353.0,624.710548
2025-07-14 18:00:00+00:00,624.66,625.105,624.62,624.94,87599.0,1406.0,624.919306
2025-07-14 19:00:00+00:00,624.955,625.1,624.305,624.71,260706.0,3258.0,624.688402
2025-07-14 20:00:00+00:00,624.76,624.76,624.55,624.55,4134.0,16.0,624.623579
2025-07-15 13:00:00+00:00,627.53,627.855,625.6,625.6,108603.0,1196.0,626.559248
2025-07-15 14:00:00+00:00,625.535,626.395,623.83,623.84,167526.0,1907.0,625.299685
2025-07-15 15:00:00+00:00,624.09,625.38,623.9,624.84,140289.0,1555.0,624.696146
2025-07-15 16:00:00+00:00,624.82,624.97,623.01,623.225,146530.0,1616.0,624.21359
2025-07-15 17:00:00+00:00,623.2,624.61,622.98,624.585,143805.0,1711.0,623.844379
2025-07-15 18:00:00+00:00,624.575,624.825,623.28,623.315,183440.0,2190.0,624.355472
2025-07-15 19:00:00+00:00,623.18,623.77,622.08,622.19,346163.0,3633.0,623.259563
2025-07-16 12:00:00+00:00,623.29,623.65,623.29,623.59,440.0,5.0,623.51
2025-07-16 13:00:00+00:00,623.47,624.035,622.055,622.15,87165.0,1255.0,622.975805
2025-07-16 14:00:00+00:00,622.13,623.35,621.52,622.27,189774.0,2419.0,622.322034
2025-07-16 15:00:00+00:00,622.22,623.34,618.06,621.875,543203.0,5906.0,620.598026
2025-07-16 16:00:00+00:00,621.895,623.11,621.125,623.08,120496.0,1642.0,621.978864
2025-07-16 17:00:00+00:00,623.07,623.715,622.91,623.13,99614.0,1525.0,623.268164
2025-07-16 18:00:00+00:00,622.995,624.355,622.72,624.345,150699.0,1541.0,623.472294
2025-07-16 19:00:00+00:00,624.355,624.72,623.83,624.23,254813.0,3107.0,624.250175
2025-07-16 20:00:00+00:00,624.01,624.06,623.98,623.98,4747.0,17.0,624.020541
2025-07-17 13:00:00+00:00,624.32,626.19,624.21,625.695,140019.0,1769.0,625.202465
2025-07-17 14:00:00+00:00,625.765,626.21,624.95,625.81,176411.0,2625.0,625.683554
2025-07-17 15:00:00+00:00,625.82,627.26,625.79,627.21,197685.0,2878.0,626.515245
2025-07-17 16:00:00+00:00,627.215,627.49,626.54,626.84,142304.0,2316.0,626.972344
2025-07-17 17:00:00+00:00,626.81,627.46,626.665,627.45,116409.0,1874.0,627.034756
2025-07-17 18:00:00+00:00,627.435,628.115,627.14,627.96,147562.0,2125.0,627.717883
2025-07-17 19:00:00+00:00,627.97,628.4,627.66,627.98,558829.0,5374.0,628.0178
2025-07-18 12:00:00+00:00,628.66,628.72,628.66,628.72,270.0,3.0,628.69
2025-07-18 13:00:00+00:00,629.25,629.305,628.52,628.63,142329.0,1469.0,628.835886
2025-07-18 14:00:00+00:00,628.99,629.29,627.13,627.17,167624.0,1875.0,627.884059
2025-07-18 15:00:00+00:00,627.125,628.155,626.93,628.1,102006.0,1581.0,627.701836
2025-07-18 16:00:00+00:00,628.1,628.14,626.51,626.7,136506.0,1833.0,627.182989
2025-07-18 17:00:00+00:00,626.72,627.53,626.47,627.105,78080.0,1325.0,626.992519
2025-07-18 18:00:00+00:00,627.095,627.41,626.79,627.19,103254.0,1646.0,627.182676
2025-07-18 19:00:00+00:00,627.28,627.76,627.02,627.59,340889.0,3946.0,627.388037
2025-07-18 20:00:00+00:00,627.51,627.65,627.45,627.5,23721.0,39.0,627.539417
2025-07-21 12:00:00+00:00,628.89,628.89,628.89,628.89,170.0,2.0,628.89
2025-07-21 13:00:00+00:00,628.46,630.695,628.46,630.52,129950.0,1475.0,629.591063
2025-07-21 14:00:00+00:00,630.805,631.38,630.39,631.01,137891.0,1968.0,630.873622
2025-07-21 15:00:00+00:00,631.0,631.5,630.89,631.17,87557.0,1153.0,631.21767
2025-07-21 16:00:00+00:00,631.155,631.31,630.56,631.27,110027.0,1374.0,630.918078
2025-07-21 17:00:00+00:00,631.25,631.52,631.13,631.15,105764.0,1391.0,631.364545
2025-07-21 18:00:00+00:00,631.15,631.27,630.33,630.37,141268.0,1577.0,630.839871
2025-07-21 19:00:00+00:00,630.39,630.39,628.345,628.73,397684.0,3653.0,629.057368
2025-07-21 20:00:00+00:00,628.7,629.0,628.7,628.85,21787.0,27.0,628.899622
2025-07-22 13:00:00+00:00,628.975,629.18,626.195,626.9,152013.0,2082.0,627.873397
2025-07-22 14:00:00+00:00,626.705,628.01,626.27,627.93,154459.0,2758.0,627.172909
2025-07-22 15:00:00+00:00,627.955,628.075,627.42,627.64,94426.0,1962.0,627.806137
2025-07-22 16:00:00+00:00,627.66,628.11,627.06,627.855,94349.0,1700.0,627.666511
2025-07-22 17:00:00+00:00,627.845,629.15,627.83,628.37,113227.0,2023.0,628.542724
2025-07-22 18:00:00+00:00,628.52,629.51,627.59,629.345,146021.0,2339.0,628.735139
2025-07-22 19:00:00+00:00,629.34,629.62,628.77,628.78,387106.0,4384.0,629.2797
2025-07-22 20:00:00+00:00,628.85,628.86,628.69,628.8,12462.0,25.0,628.774622
2025-07-23 12:00:00+00:00,631.38,631.38,631.38,631.38,170.0,2.0,631.38
2025-07-23 13:00:00+00:00,631.31,631.56,629.86,629.93,87964.0,1180.0,630.75186
2025-07-23 14:00:00+00:00,629.98,630.77,629.755,630.71,95181.0,1459.0,630.336921
2025-07-23 15:00:00+00:00,630.73,632.755,630.355,632.065,152685.0,1857.0,631.016462
2025-07-23 16:00:00+00:00,631.99,632.61,631.35,631.835,88200.0,1606.0,631.967667
2025-07-23 17:00:00+00:00,631.89,632.87,631.575,632.5,105974.0,1602.0,632.276612
2025-07-23 18:00:00+00:00,632.555,633.65,632.555,633.28,186694.0,2454.0,633.229754
2025-07-23 19:00:00+00:00,633.265,634.16,632.95,634.16,400002.0,4112.0,633.406353
2025-07-23 20:00:00+00:00,633.91,634.84,633.91,634.84,4393.0,15.0,634.200346
2025-07-24 13:00:00+00:00,634.09,635.33,634.03,635.055,96566.0,1360.0,634.625475
2025-07-24 14:00:00+00:00,635.03,635.62,634.2,635.5,145717.0,2234.0,635.008008
2025-07-24 15:00:00+00:00,635.55,635.89,635.28,635.54,124459.0,1865.0,635.60083
2025-07-24 16:00:00+00:00,635.52,635.53,634.34,634.895,119864.0,1600.0,634.921092
2025-07-24 17:00:00+00:00,634.85,635.9,634.77,635.25,92894.0,1384.0,635.463963
2025-07-24 18:00:00+00:00,635.25,636.105,634.71,635.26,180932.0,2356.0,635.57877
2025-07-24 19:00:00+00:00,635.21,635.755,634.29,634.49,380331.0,4527.0,635.04048
2025-07-24 20:00:00+00:00,634.44,634.54,634.29,634.54,21885.0,29.0,634.34225
2025-07-25 13:00:00+00:00,635.0,635.59,634.96,635.23,95684.0,1403.0,635.262007
2025-07-25 14:00:00+00:00,635.275,636.11,634.895,635.82,151008.0,1945.0,635.649058
2025-07-25 15:00:00+00:00,635.81,636.07,635.615,635.93,98334.0,1527.0,635.879493
2025-07-25 16:00:00+00:00,635.91,636.95,635.79,636.84,124381.0,1575.0,636.545769
2025-07-25 17:00:00+00:00,636.835,637.35,636.67,637.14,130654.0,1681.0,637.048307
2025-07-25 18:00:00+00:00,637.14,637.53,636.97,637.195,124349.0,1750.0,637.311022
2025-07-25 19:00:00+00:00,637.185,637.575,636.645,637.02,435806.0,3905.0,637.158877
2025-07-25 20:00:00+00:00,636.79,637.06,636.79,636.95,24682.0,32.0,636.888438
2025-07-28 13:00:00+00:00,637.465,637.82,637.08,637.465,101787.0,1485.0,637.412113
2025-07-28 14:00:00+00:00,637.45,638.02,637.26,637.41,178624.0,2940.0,637.663456
2025-07-28 15:00:00+00:00,637.43,637.57,636.34,637.395,141464.0,2326.0,637.175431
2025-07-28 16:00:00+00:00,637.38,637.65,636.77,636.885,90836.0,1548.0,637.171688
2025-07-28 17:00:00+00:00,636.89,637.14,636.11,636.135,99242.0,1712.0,636.577838
2025-07-28 18:00:00+00:00,636.085,636.29,635.55,636.08,175340.0,2726.0,635.954407
2025-07-28 19:00:00+00:00,636.06,636.99,635.69,636.95,363245.0,4445.0,636.32596
2025-07-28 20:00:00+00:00,637.01,637.1,636.86,636.99,53444.0,106.0,636.963443
2025-07-29 13:00:00+00:00,638.35,638.63,637.24,637.955,79223.0,1077.0,638.082118
2025-07-29 14:00:00+00:00,637.975,638.05,636.56,636.69,126587.0,1522.0,637.382065
2025-07-29 15:00:00+00:00,636.72,637.005,634.72,635.885,146040.0,1656.0,635.977539
2025-07-29 16:00:00+00:00,635.87,636.22,635.18,636.22,65948.0,882.0,635.677955
2025-07-29 17:00:00+00:00,636.11,636.535,634.95,635.635,100469.0,1100.0,636.02797
2025-07-29 18:00:00+00:00,635.58,635.84,635.16,635.355,73978.0,1097.0,635.506808
2025-07-29 19:00:00+00:00,635.33,635.6,634.365,635.26,342548.0,2783.0,635.081896
2025-07-29 20:00:00+00:00,635.17,635.17,635.07,635.14,1112.0,3.0,635.134209
2025-07-30 13:00:00+00:00,636.0,636.21,635.34,635.615,126635.0,1196.0,635.807821
2025-07-30 14:00:00+00:00,635.695,636.79,635.43,636.24,167121.0,1983.0,636.218914
2025-07-30 15:00:00+00:00,636.225,636.32,635.065,636.14,138266.0,1691.0,635.580382
2025-07-30 16:00:00+00:00,636.18,636.68,635.99,636.46,112775.0,1484.0,636.387028
2025-07-30 17:00:00+00:00,636.455,636.95,636.12,636.695,95328.0,1624.0,636.528656
2025-07-30 18:00:00+00:00,636.63,637.63,632.68,632.9,279480.0,4027.0,635.795993
2025-07-30 19:00:00+00:00,632.82,634.615,631.63,634.56,445151.0,5268.0,632.963067
2025-07-30 20:00:00+00:00,638.01,638.02,637.2,637.2,14096.0,19.0,638.000001
2025-07-31 13:00:00+00:00,639.46,639.84,637.69,639.46,138142.0,1808.0,638.836776
2025-07-31 14:00:00+00:00,639.38,639.76,636.555,636.62,217467.0,2348.0,638.30442
2025-07-31 15:00:00+00:00,636.625,637.545,635.1,637.545,167951.0,1858.0,636.44583
2025-07-31 16:00:00+00:00,637.55,638.3,637.29,637.81,103606.0,1169.0,637.869971
2025-07-31 17:00:00+00:00,637.64,637.72,633.12,633.45,142795.0,1700.0,635.249329
2025-07-31 18:00:00+00:00,633.44,635.1,631.45,634.095,185782.0,1971.0,633.880459
2025-07-31 19:00:00+00:00,634.23,634.81,630.78,631.9,467935.0,3990.0,632.501409
2025-07-31 20:00:00+00:00,632.09,632.26,632.09,632.26,17681.0,11.0,632.102317
2025-08-01 12:00:00+00:00,626.89,626.89,626.89,626.89,100.0,1.0,626.89
2025-08-01 13:00:00+00:00,626.11,626.33,621.2,621.46,278168.0,3052.0,622.840327
2025-08-01 14:00:00+00:00,621.39,624.045,619.66,621.97,471401.0,5090.0,622.358758
2025-08-01 15:00:00+00:00,621.97,624.01,621.395,624.0,287002.0,3501.0,622.439185
2025-08-01 16:00:00+00:00,623.905,624.94,621.2,621.36,369930.0,4438.0,623.433443
2025-08-01 17:00:00+00:00,621.35,621.77,620.22,620.63,345331.0,4156.0,620.95126
2025-08-01 18:00:00+00:00,620.7,623.095,619.31,621.38,342891.0,4418.0,621.196023
2025-08-01 19:00:00+00:00,621.41,623.26,621.01,621.74,713095.0,7412.0,621.920515
2025-08-04 13:00:00+00:00,625.72,629.185,625.6,629.02,167861.0,1902.0,627.669632
2025-08-04 14:00:00+00:00,629.14,629.67,628.355,629.1,167942.0,2085.0,629.028443
2025-08-04 15:00:00+00:00,629.13,630.02,628.61,629.875,133186.0,1845.0,629.208843
2025-08-04 16:00:00+00:00,629.94,630.425,629.64,630.16,89805.0,1572.0,629.959607
2025-08-04 17:00:00+00:00,630.15,630.52,629.515,629.81,59591.0,1109.0,630.181097
2025-08-04 18:00:00+00:00,629.765,630.395,629.765,629.835,92105.0,1317.0,630.039997
2025-08-04 19:00:00+00:00,629.9,631.19,629.76,631.07,414466.0,3645.0,630.482076
2025-08-04 20:00:00+00:00,631.16,632.09,630.0,632.08,25500.0,44.0,631.456863
2025-08-05 12:00:00+00:00,632.82,632.94,632.02,632.02,894.0,10.0,632.600476
2025-08-05 13:00:00+00:00,631.72,632.6,631.275,631.92,88615.0,1361.0,631.979113
2025-08-05 14:00:00+00:00,631.84,631.84,627.065,627.915,221907.0,2647.0,628.958676
2025-08-05 15:00:00+00:00,627.68,628.65,627.17,628.1,107675.0,1943.0,628.015714
2025-08-05 16:00:00+00:00,628.13,629.65,627.81,628.92,82456.0,1797.0,628.780275
2025-08-05 17:00:00+00:00,628.87,630.3,628.74,630.15,78471.0,1592.0,629.754095
2025-08-05 18:00:00+00:00,630.12,630.225,627.89,628.45,122256.0,1869.0,629.025716
2025-08-05 19:00:00+00:00,628.42,629.11,627.825,628.025,267951.0,3348.0,628.467482
2025-08-05 20:00:00+00:00,628.09,628.09,628.09,628.09,740.0,11.0,628.09
2025-08-06 12:00:00+00:00,629.29,629.35,629.29,629.32,920.0,8.0,629.336957
2025-08-06 13:00:00+00:00,629.53,629.93,628.28,629.06,82498.0,930.0,629.021494
2025-08-06 14:00:00+00:00,629.0,630.98,628.165,630.885,111528.0,1396.0,629.683801
2025-08-06 15:00:00+00:00,630.95,632.865,630.44,632.68,128202.0,1499.0,631.581203
2025-08-06 16:00:00+00:00,632.69,632.91,631.89,632.195,78369.0,1209.0,632.44148
2025-08-06 17:00:00+00:00,632.24,632.685,631.94,632.23,53922.0,969.0,632.322718
2025-08-06 18:00:00+00:00,632.2,633.185,632.2,632.6,86108.0,1482.0,632.849063
2025-08-06 19:00:00+00:00,632.6,633.41,632.405,632.7,303041.0,3033.0,632.769023
2025-08-06 20:00:00+00:00,632.7,632.7,632.35,632.35,12850.0,69.0,632.516944
2025-08-07 12:00:00+00:00,636.52,636.57,636.3,636.4,1870.0,17.0,636.419941
2025-08-07 13:00:00+00:00,636.7,636.955,635.31,636.405,112817.0,1294.0,636.192532
2025-08-07 14:00:00+00:00,636.7,636.8,632.42,632.65,290734.0,2173.0,633.617436
2025-08-07 15:00:00+00:00,632.71,633.11,631.38,631.98,131070.0,1897.0,632.221807
2025-08-07 16:00:00+00:00,631.86,632.6,630.135,631.285,148699.0,1732.0,631.785896
2025-08-07 17:00:00+00:00,631.565,631.79,629.79,630.755,117165.0,1521.0,630.583534
2025-08-07 18:00:00+00:00,630.84,631.005,629.195,630.51,111143.0,1384.0,630.106842
2025-08-07 19:00:00+00:00,630.6,632.36,630.04,632.36,231631.0,2500.0,631.030629
2025-08-08 12:00:00+00:00,634.29,634.29,633.58,633.81,910.0,9.0,633.780266
2025-08-08 13:00:00+00:00,633.88,635.89,633.78,635.83,107946.0,1098.0,634.840415
2025-08-08 14:00:00+00:00,635.88,637.015,635.725,635.855,109868.0,1519.0,636.346501
2025-08-08 15:00:00+00:00,635.81,636.47,634.925,636.315,123984.0,1492.0,635.930268
2025-08-08 16:00:00+00:00,636.335,637.33,636.33,636.53,81088.0,1099.0,636.846617
2025-08-08 17:00:00+00:00,636.54,637.325,636.155,637.2,73237.0,1076.0,636.788275
2025-08-08 18:00:00+00:00,637.245,637.635,636.95,637.26,104293.0,1228.0,637.329258
2025-08-08 19:00:00+00:00,637.235,637.595,636.07,637.26,235057.0,2450.0,636.933327
2025-08-08 20:00:00+00:00,637.21,637.47,637.21,637.47,2026.0,20.0,637.294648
2025-08-11 12:00:00+00:00,637.85,637.85,637.59,637.62,300.0,3.0,637.686667
2025-08-11 13:00:00+00:00,637.47,637.745,636.98,637.69,87376.0,1340.0,637.363745
2025-08-11 14:00:00+00:00,637.675,637.97,636.61,636.78,98778.0,1228.0,637.473783
2025-08-11 15:00:00+00:00,636.76,637.86,636.585,637.85,80020.0,1115.0,637.082932
2025-08-11 16:00:00+00:00,637.835,638.925,637.33,637.33,115957.0,1262.0,638.241199
2025-08-11 17:00:00+00:00,637.36,637.58,636.44,636.62,76229.0,923.0,637.114665
2025-08-11 18:00:00+00:00,636.83,636.85,635.655,636.505,100177.0,1328.0,636.545954
2025-08-11 19:00:00+00:00,636.5,636.625,634.68,635.86,360668.0,2962.0,635.645515
2025-08-12 12:00:00+00:00,635.85,639.9,635.85,639.06,3524.0,40.0,638.538972
2025-08-12 13:00:00+00:00,638.58,639.86,636.98,637.34,126703.0,1631.0,638.434611
2025-08-12 14:00:00+00:00,637.35,640.22,636.87,639.87,132224.0,1652.0,638.980916
2025-08-12 15:00:00+00:00,639.91,641.26,639.865,641.2,173948.0,1870.0,640.692344
2025-08-12 16:00:00+00:00,641.135,641.975,640.95,641.705,77668.0,1147.0,641.396684
2025-08-12 17:00:00+00:00,641.68,642.14,641.455,642.07,82381.0,1231.0,641.736633
2025-08-12 18:00:00+00:00,642.13,642.6,641.99,642.025,113296.0,1614.0,642.213398
2025-08-12 19:00:00+00:00,642.015,642.84,641.995,642.63,357767.0,3617.0,642.476138
2025-08-12 20:00:00+00:00,642.74,642.74,642.52,642.58,5696.0,16.0,642.585556
2025-08-13 12:00:00+00:00,644.34,644.34,644.34,644.34,100.0,1.0,644.34
2025-08-13 13:00:00+00:00,644.65,646.15,644.5,645.605,132788.0,1355.0,645.442804
2025-08-13 14:00:00+00:00,645.6,645.7,643.59,643.84,183828.0,2031.0,644.603171
2025-08-13 15:00:00+00:00,643.81,644.235,643.08,643.41,141966.0,1505.0,643.68254
2025-08-13 16:00:00+00:00,643.5,643.875,642.725,642.97,75700.0,896.0,643.318918
2025-08-13 17:00:00+00:00,643.17,643.74,642.74,643.645,76797.0,934.0,643.206423
2025-08-13 18:00:00+00:00,643.53,644.3,643.32,644.0,81303.0,1618.0,643.888212
2025-08-13 19:00:00+00:00,643.995,645.09,643.91,644.92,291870.0,3587.0,644.550714
2025-08-13 20:00:00+00:00,645.18,645.23,645.07,645.07,13885.0,27.0,645.15485
2025-08-14 12:00:00+00:00,642.78,643.1,641.49,642.3,2745.0,35.0,642.42098
2025-08-14 13:00:00+00:00,642.25,644.23,642.25,644.07,71452.0,1263.0,643.302922
2025-08-14 14:00:00+00:00,644.05,645.52,643.715,644.735,85826.0,1885.0,644.531046
2025-08-14 15:00:00+00:00,644.745,644.79,642.96,644.08,86948.0,1781.0,643.899331
2025-08-14 16:00:00+00:00,644.01,644.21,642.685,644.18,61129.0,1878.0,643.541665
2025-08-14 17:00:00+00:00,644.16,645.055,644.14,644.68,56693.0,1892.0,644.578587
2025-08-14 18:00:00+00:00,644.65,644.95,643.95,644.59,84731.0,2010.0,644.422889
2025-08-14 19:00:00+00:00,644.5,645.62,644.5,644.9,240346.0,3794.0,645.295173
2025-08-14 20:00:00+00:00,644.72,644.85,644.7,644.85,2983.0,18.0,644.733693
2025-08-15 12:00:00+00:00,646.09,646.09,646.09,646.09,100.0,1.0,646.09
2025-08-15 13:00:00+00:00,646.25,646.33,643.735,644.1,101553.0,1142.0,644.770093
2025-08-15 14:00:00+00:00,643.7,644.63,643.22,643.59,104368.0,1260.0,643.987043
2025-08-15 15:00:00+00:00,643.51,644.19,642.63,643.495,101676.0,1229.0,643.53354
2025-08-15 16:00:00+00:00,643.37,644.265,643.13,644.08,106748.0,1082.0,643.606593
2025-08-15 17:00:00+00:00,644.1,644.8,643.77,644.8,99902.0,1542.0,644.244284
2025-08-15 18:00:00+00:00,644.71,644.87,643.87,644.225,135280.0,1639.0,644.375723
2025-08-15 19:00:00+00:00,644.24,644.24,643.15,643.52,275518.0,3135.0,643.628714
2025-08-15 20:00:00+00:00,643.48,643.48,643.16,643.16,4995.0,6.0,643.30901
2025-08-18 12:00:00+00:00,642.69,642.69,642.68,642.68,370.0,5.0,642.684762
2025-08-18 13:00:00+00:00,643.15,643.76,642.59,642.625,99923.0,1120.0,643.222156
2025-08-18 14:00:00+00:00,642.87,643.91,642.31,643.23,117489.0,1851.0,643.207858
2025-08-18 15:00:00+00:00,643.215,643.42,642.525,642.74,85816.0,1485.0,642.932747
2025-08-18 16:00:00+00:00,642.77,643.33,642.2,642.46,68745.0,1306.0,642.812329
2025-08-18 17:00:00+00:00,642.5,643.8,642.5,642.79,69580.0,1466.0,643.017616
2025-08-18 18:00:00+00:00,642.75,643.55,642.48,643.38,86983.0,1439.0,643.033794
2025-08-18 19:00:00+00:00,643.42,643.84,643.08,643.21,198979.0,2653.0,643.477125
2025-08-18 20:00:00+00:00,643.33,643.36,643.25,643.3,14753.0,69.0,643.297171
2025-08-19 12:00:00+00:00,643.15,643.23,643.15,643.23,270.0,3.0,643.19
2025-08-19 13:00:00+00:00,642.76,643.38,642.025,642.89,84849.0,1101.0,642.672199
2025-08-19 14:00:00+00:00,642.915,644.1,641.21,641.22,182221.0,2301.0,642.932768
2025-08-19 15:00:00+00:00,641.21,641.88,640.51,640.74,127070.0,1628.0,641.232421
2025-08-19 16:00:00+00:00,640.73,641.09,639.355,639.66,85996.0,1232.0,640.214436
2025-08-19 17:00:00+00:00,639.69,640.095,638.83,639.93,115563.0,1375.0,639.674008
2025-08-19 18:00:00+00:00,639.8,639.87,638.66,639.09,97808.0,1398.0,639.114511
2025-08-19 19:00:00+00:00,639.015,639.89,638.53,639.75,373042.0,3244.0,639.328228
2025-08-19 20:00:00+00:00,639.77,640.09,639.77,639.89,17932.0,44.0,639.999325
2025-08-20 12:00:00+00:00,639.28,639.32,639.17,639.32,1300.0,17.0,639.23875
2025-08-20 13:00:00+00:00,639.22,639.6,634.97,635.35,233903.0,2446.0,637.143478
2025-08-20 14:00:00+00:00,635.29,636.285,632.96,633.38,248736.0,2666.0,634.345072
2025-08-20 15:00:00+00:00,633.32,636.835,633.32,635.17,202793.0,2190.0,635.462039
2025-08-20 16:00:00+00:00,635.16,637.465,635.12,636.31,148238.0,1792.0,636.628926
2025-08-20 17:00:00+00:00,636.23,637.93,636.17,637.18,78693.0,1192.0,637.072903
2025-08-20 18:00:00+00:00,637.17,637.34,635.235,636.68,202983.0,2249.0,636.447192
2025-08-20 19:00:00+00:00,636.81,639.02,636.77,637.92,366721.0,3802.0,638.399053
2025-08-21 12:00:00+00:00,635.84,636.37,635.45,636.21,1160.0,15.0,635.897937
2025-08-21 13:00:00+00:00,635.41,636.43,634.44,635.15,80166.0,926.0,635.665218
2025-08-21 14:00:00+00:00,635.215,637.955,634.66,637.15,117199.0,1257.0,637.049206
2025-08-21 15:00:00+00:00,637.18,637.53,635.31,635.59,82517.0,1146.0,636.52823
2025-08-21 16:00:00+00:00,635.57,635.975,634.72,634.8,62441.0,860.0,635.467065
2025-08-21 17:00:00+00:00,634.86,636.15,633.87,635.93,100178.0,941.0,635.046884
2025-08-21 18:00:00+00:00,635.84,636.25,635.25,636.15,92867.0,984.0,635.834712
2025-08-21 19:00:00+00:00,636.04,636.52,635.09,635.63,210788.0,2150.0,635.700442
2025-08-21 20:00:00+00:00,635.55,635.55,635.52,635.52,955.0,14.0,635.545714
2025-08-22 12:00:00+00:00,637.26,637.26,637.04,637.04,870.0,10.0,637.136385
2025-08-22 13:00:00+00:00,636.94,639.705,636.94,638.405,108685.0,1290.0,638.618748
2025-08-22 14:00:00+00:00,638.69,646.14,638.69,645.65,457602.0,4084.0,644.261344
2025-08-22 15:00:00+00:00,645.715,646.49,645.35,645.41,212227.0,2405.0,645.920498
2025-08-22 16:00:00+00:00,645.43,645.9,644.315,644.7,109790.0,1325.0,645.24786
2025-08-22 17:00:00+00:00,644.79,646.39,644.79,645.765,107377.0,1241.0,645.837296
2025-08-22 18:00:00+00:00,645.83,646.02,645.29,645.46,126660.0,1573.0,645.603768
2025-08-22 19:00:00+00:00,645.49,645.61,644.325,645.31,420468.0,4376.0,645.07077
2025-08-22 20:00:00+00:00,645.38,645.55,645.23,645.52,7900.0,13.0,645.335064
2025-08-25 12:00:00+00:00,643.19,643.58,643.19,643.58,300.0,3.0,643.32
2025-08-25 13:00:00+00:00,643.56,644.34,643.415,644.32,125914.0,1441.0,643.956469
2025-08-25 14:00:00+00:00,644.46,644.65,643.75,644.42,135374.0,1703.0,644.161224
2025-08-25 15:00:00+00:00,644.37,645.05,644.24,644.98,85244.0,1220.0,644.721571
2025-08-25 16:00:00+00:00,644.92,645.28,644.83,645.02,70340.0,1133.0,645.025046
2025-08-25 17:00:00+00:00,644.985,644.995,644.04,644.515,85105.0,1095.0,644.583557
2025-08-25 18:00:00+00:00,644.54,644.54,643.895,644.0,79091.0,1081.0,644.210031
2025-08-25 19:00:00+00:00,643.97,644.11,642.43,642.55,321487.0,2591.0,643.400712
2025-08-25 20:00:00+00:00,642.42,643.05,642.4,643.03,26288.0,87.0,642.736762
2025-08-26 13:00:00+00:00,642.1,642.815,641.57,642.4,102300.0,1047.0,642.390038
2025-08-26 14:00:00+00:00,642.68,643.27,642.47,642.695,139534.0,1586.0,642.903752
2025-08-26 15:00:00+00:00,642.675,642.895,642.325,642.775,56811.0,704.0,642.602323
2025-08-26 16:00:00+00:00,642.78,643.53,642.78,643.28,56582.0,657.0,643.273752
2025-08-26 17:00:00+00:00,643.28,643.57,642.45,642.875,49201.0,816.0,643.070329
2025-08-26 18:00:00+00:00,642.81,643.97,642.81,643.9,83324.0,1142.0,643.477666
2025-08-26 19:00:00+00:00,643.89,645.51,643.62,645.16,336432.0,2666.0,644.594769
2025-08-26 20:00:00+00:00,645.25,645.6,645.03,645.6,14235.0,60.0,645.242237
2025-08-27 13:00:00+00:00,644.555,645.48,644.46,645.36,108443.0,1159.0,645.119201
2025-08-27 14:00:00+00:00,645.33,646.4,645.27,646.205,146531.0,1812.0,645.987576
2025-08-27 15:00:00+00:00,646.245,646.68,646.0,646.53,114760.0,1406.0,646.412972
2025-08-27 16:00:00+00:00,646.53,646.59,645.4,646.29,89638.0,1302.0,646.192281
2025-08-27 17:00:00+00:00,646.32,646.815,646.09,646.76,101577.0,1339.0,646.52541
2025-08-27 18:00:00+00:00,646.74,647.33,646.585,647.05,155212.0,1418.0,647.134654
2025-08-27 19:00:00+00:00,647.04,647.37,645.84,646.61,260998.0,2467.0,646.903107
2025-08-27 20:00:00+00:00,646.62,646.62,645.12,645.12,5195.0,15.0,646.345692
2025-08-28 12:00:00+00:00,646.63,647.25,646.55,647.25,759.0,11.0,646.99
2025-08-28 13:00:00+00:00,647.165,648.09,645.365,645.9,168446.0,1614.0,646.919852
2025-08-28 14:00:00+00:00,645.9,647.16,645.62,646.88,155174.0,1563.0,646.433383
2025-08-28 15:00:00+00:00,646.86,647.65,646.155,647.04,96381.0,1026.0,646.873345
2025-08-28 16:00:00+00:00,647.07,648.36,646.98,647.675,116219.0,1221.0,647.792918
2025-08-28 17:00:00+00:00,647.625,648.49,647.46,648.38,101480.0,1076.0,648.112504
2025-08-28 18:00:00+00:00,648.38,649.055,648.33,648.96,181975.0,1255.0,648.670515
2025-08-28 19:00:00+00:00,648.96,649.47,648.75,648.94,432486.0,3002.0,649.068852
2025-08-28 20:00:00+00:00,648.82,648.87,648.59,648.87,20894.0,77.0,648.707044
2025-08-29 12:00:00+00:00,646.86,647.48,646.86,647.48,1240.0,16.0,647.09
2025-08-29 13:00:00+00:00,647.69,647.82,645.36,645.44,170910.0,1457.0,646.742972
2025-08-29 14:00:00+00:00,645.57,646.04,643.195,643.82,337274.0,3123.0,644.290272
2025-08-29 15:00:00+00:00,643.78,644.72,643.74,643.78,122484.0,1749.0,644.228535
2025-08-29 16:00:00+00:00,643.77,645.02,643.77,644.72,116338.0,1872.0,644.599104
2025-08-29 17:00:00+00:00,644.67,645.0,643.47,644.64,131134.0,1895.0,644.200428
2025-08-29 18:00:00+00:00,644.65,644.71,644.18,644.435,112642.0,1622.0,644.445314
2025-08-29 19:00:00+00:00,644.42,645.14,643.77,645.0,523046.0,4716.0,644.541861
2025-08-29 20:00:00+00:00,645.03,645.07,644.96,645.0,51514.0,96.0,645.008155
2025-09-02 12:00:00+00:00,638.89,639.18,637.84,637.84,1470.0,18.0,638.4825
2025-09-02 13:00:00+00:00,637.51,639.31,636.06,638.96,168328.0,1922.0,637.122229
2025-09-02 14:00:00+00:00,639.0,640.09,637.325,637.69,117370.0,1351.0,638.815665
2025-09-02 15:00:00+00:00,637.705,637.885,634.96,635.23,112869.0,1345.0,636.239449
2025-09-02 16:00:00+00:00,635.39,636.96,635.1,636.87,105278.0,1111.0,635.947613
2025-09-02 17:00:00+00:00,636.9,639.015,636.6,638.35,105921.0,1151.0,637.575638
2025-09-02 18:00:00+00:00,638.33,638.91,637.35,638.05,103172.0,1437.0,638.062703
2025-09-02 19:00:00+00:00,638.04,640.45,638.04,640.4,397314.0,3137.0,639.749213
2025-09-02 20:00:00+00:00,640.28,642.07,640.21,642.07,16170.0,70.0,640.447945
2025-09-03 12:00:00+00:00,643.21,643.21,642.51,642.51,380.0,6.0,642.86
2025-09-03 13:00:00+00:00,642.78,643.22,641.9,642.06,165139.0,1543.0,642.704344
2025-09-03 14:00:00+00:00,642.055,644.155,641.62,643.965,176055.0,1957.0,643.058447
2025-09-03 15:00:00+00:00,643.945,644.21,642.13,642.375,147333.0,1808.0,643.031026
2025-09-03 16:00:00+00:00,642.48,643.125,641.47,641.81,93326.0,1456.0,642.22475
2025-09-03 17:00:00+00:00,641.84,642.845,640.67,640.995,101383.0,1406.0,641.706575
2025-09-03 18:00:00+00:00,640.945,641.27,640.5,640.885,138632.0,1992.0,640.911511
2025-09-03 19:00:00+00:00,640.8,643.605,640.565,643.605,408273.0,4660.0,642.42916
2025-09-03 20:00:00+00:00,643.67,643.85,643.57,643.73,30130.0,65.0,643.725848
2025-09-04 13:00:00+00:00,644.15,645.27,644.15,645.0,105944.0,1268.0,644.840646
2025-09-04 14:00:00+00:00,644.95,645.77,643.53,645.645,194574.0,2279.0,644.720811
2025-09-04 15:00:00+00:00,645.67,646.55,645.32,646.195,178137.0,2227.0,646.044486
2025-09-04 16:00:00+00:00,646.175,646.52,645.82,645.94,84881.0,1404.0,646.216379
2025-09-04 17:00:00+00:00,645.965,647.46,645.95,647.14,123711.0,1666.0,646.851835
2025-09-04 18:00:00+00:00,647.21,647.665,647.095,647.625,248044.0,2100.0,647.366078
2025-09-04 19:00:00+00:00,647.63,649.14,647.595,649.02,577407.0,5057.0,648.351331
2025-09-04 20:00:00+00:00,649.07,649.13,648.75,649.13,11738.0,23.0,648.927222
2025-09-05 12:00:00+00:00,649.81,651.01,649.72,650.17,855.0,13.0,650.248
2025-09-05 13:00:00+00:00,651.455,652.2,650.555,651.07,243947.0,1475.0,651.609483
2025-09-05 14:00:00+00:00,650.9,650.9,644.1,644.125,342267.0,2923.0,647.206623
2025-09-05 15:00:00+00:00,644.16,646.86,643.4,645.645,224027.0,2231.0,645.386454
2025-09-05 16:00:00+00:00,645.74,646.725,645.24,646.445,125038.0,1578.0,645.903142
2025-09-05 17:00:00+00:00,646.39,646.545,644.65,645.17,112554.0,1634.0,645.756205
2025-09-05 18:00:00+00:00,645.17,646.295,644.925,646.27,130815.0,1966.0,645.771917
2025-09-05 19:00:00+00:00,646.28,647.4,645.91,647.22,319275.0,3535.0,646.715175
2025-09-05 20:00:00+00:00,646.78,646.82,646.78,646.79,2822.0,18.0,646.789616
2025-09-08 13:00:00+00:00,648.645,649.025,648.08,648.355,154973.0,2084.0,648.538299
2025-09-08 14:00:00+00:00,648.325,649.71,647.78,649.37,175259.0,2297.0,648.758292
2025-09-08 15:00:00+00:00,649.365,649.815,648.515,649.38,111643.0,1867.0,649.370867
2025-09-08 16:00:00+00:00,649.37,649.4,647.815,648.495,109181.0,1458.0,648.393386
2025-09-08 17:00:00+00:00,648.495,648.705,647.265,647.525,95737.0,1353.0,648.207615
2025-09-08 18:00:00+00:00,647.605,648.575,647.39,648.23,98303.0,1320.0,648.163558
2025-09-08 19:00:00+00:00,648.195,648.86,647.35,648.78,382638.0,2933.0,648.381203
2025-09-08 20:00:00+00:00,648.74,648.97,648.66,648.78,36448.0,53.0,648.892805
2025-09-09 13:00:00+00:00,649.07,649.455,648.545,649.045,60131.0,800.0,649.07009
2025-09-09 14:00:00+00:00,649.195,649.72,647.28,648.355,185936.0,1641.0,648.408203
2025-09-09 15:00:00+00:00,648.6,648.835,647.79,648.335,83831.0,1419.0,648.420785
2025-09-09 16:00:00+00:00,648.315,649.19,648.215,649.065,108774.0,1340.0,648.784294
2025-09-09 17:00:00+00:00,649.04,649.955,649.04,649.78,146993.0,1425.0,649.578305
2025-09-09 18:00:00+00:00,649.8,650.065,649.59,649.855,152852.0,1348.0,649.849808
2025-09-09 19:00:00+00:00,649.855,650.845,649.55,650.26,316157.0,3055.0,650.164704
2025-09-09 20:00:00+00:00,650.18,650.21,650.04,650.06,10737.0,16.0,650.144899
2025-09-10 12:00:00+00:00,653.49,653.83,653.49,653.71,550.0,8.0,653.676667
2025-09-10 13:00:00+00:00,654.1,654.1,652.745,653.54,155846.0,1519.0,653.301005
2025-09-10 14:00:00+00:00,653.55,654.55,653.305,653.42,240853.0,2635.0,654.02756
2025-09-10 15:00:00+00:00,653.41,653.63,652.37,653.36,162978.0,2121.0,653.085497
2025-09-10 16:00:00+00:00,653.29,653.39,652.18,652.955,87825.0,1739.0,652.816082
2025-09-10 17:00:00+00:00,652.84,653.43,651.95,652.35,110873.0,2088.0,652.63029
2025-09-10 18:00:00+00:00,652.33,652.405,651.42,651.98,181800.0,3104.0,651.850478
2025-09-10 19:00:00+00:00,652.04,652.69,650.64,652.28,406524.0,5042.0,651.703548
2025-09-10 20:00:00+00:00,652.2,652.42,652.01,652.01,19022.0,42.0,652.184336
2025-09-11 12:00:00+00:00,654.18,654.18,654.18,654.18,190.0,3.0,654.18
2025-09-11 13:00:00+00:00,654.25,655.63,653.625,655.535,205741.0,2079.0,654.576265
2025-09-11 14:00:00+00:00,655.595,656.99,655.38,656.64,256863.0,2954.0,656.155637
2025-09-11 15:00:00+00:00,656.625,657.79,656.555,657.215,190832.0,2073.0,657.070684
2025-09-11 16:00:00+00:00,657.21,657.71,656.855,657.14,148580.0,1776.0,657.389602
2025-09-11 17:00:00+00:00,657.13,657.555,656.915,657.545,130594.0,1940.0,657.32187
2025-09-11 18:00:00+00:00,657.58,657.72,657.16,657.53,188383.0,2254.0,657.456219
2025-09-11 19:00:00+00:00,657.52,658.32,657.43,657.55,665693.0,5183.0,657.88505
2025-09-11 20:00:00+00:00,657.45,657.55,657.45,657.53,10945.0,22.0,657.508022
2025-09-12 12:00:00+00:00,657.51,657.51,657.51,657.51,170.0,2.0,657.51
2025-09-12 13:00:00+00:00,657.83,658.05,657.155,657.99,137399.0,1475.0,657.547733
2025-09-12 14:00:00+00:00,657.72,658.47,657.34,658.365,197800.0,1853.0,657.955513
2025-09-12 15:00:00+00:00,658.39,658.425,657.235,657.64,200777.0,1730.0,657.766146
2025-09-12 16:00:00+00:00,657.62,658.19,657.32,658.06,201029.0,1769.0,657.85114
2025-09-12 17:00:00+00:00,658.08,658.455,657.8,658.38,173713.0,1833.0,658.109609
2025-09-12 18:00:00+00:00,658.385,659.08,658.25,658.8,221889.0,2121.0,658.636163
2025-09-12 19:00:00+00:00,658.8,658.945,656.93,657.535,657378.0,5135.0,657.949302
2025-09-12 20:00:00+00:00,657.31,657.6,657.25,657.6,31614.0,61.0,657.380513
2025-09-15 12:00:00+00:00,658.87,658.87,658.87,658.87,400.0,6.0,658.87
2025-09-15 13:00:00+00:00,659.51,660.67,659.475,660.61,164858.0,1853.0,660.136983
2025-09-15 14:00:00+00:00,660.68,660.97,659.985,660.905,165003.0,2106.0,660.508658
2025-09-15 15:00:00+00:00,660.99,660.995,660.23,660.62,130103.0,2029.0,660.620037
2025-09-15 16:00:00+00:00,660.59,660.88,660.07,660.175,120033.0,1615.0,660.610405
2025-09-15 17:00:00+00:00,660.065,660.66,659.56,660.58,159686.0,1824.0,660.134979
2025-09-15 18:00:00+00:00,660.59,660.595,659.38,659.92,131218.0,1706.0,659.982368
2025-09-15 19:00:00+00:00,660.03,660.91,659.7,660.85,351160.0,3215.0,660.290423
2025-09-15 20:00:00+00:00,660.75,660.75,660.56,660.6,16776.0,37.0,660.651482
2025-09-16 13:00:00+00:00,661.47,661.7,660.05,660.29,179829.0,1752.0,660.73389
2025-09-16 14:00:00+00:00,660.125,660.48,659.665,659.86,191129.0,2134.0,660.047398
2025-09-16 15:00:00+00:00,659.695,660.11,659.23,659.65,144565.0,1884.0,659.694624
2025-09-16 16:00:00+00:00,659.655,660.07,659.53,659.965,97383.0,1476.0,659.821261
2025-09-16 17:00:00+00:00,659.905,660.42,659.905,660.195,109142.0,1882.0,660.184173
2025-09-16 18:00:00+00:00,660.115,660.735,660.03,660.6,102894.0,1722.0,660.380434
2025-09-16 19:00:00+00:00,660.605,660.72,659.7,659.93,402990.0,3612.0,660.289267
2025-09-16 20:00:00+00:00,659.93,660.32,659.91,660.32,21111.0,67.0,660.11028
2025-09-17 13:00:00+00:00,660.04,660.63,659.66,659.82,128776.0,1421.0,660.14894
2025-09-17 14:00:00+00:00,659.93,659.95,659.085,659.34,224300.0,2339.0,659.377464
2025-09-17 15:00:00+00:00,659.34,659.65,658.865,659.26,115101.0,1517.0,659.209991
2025-09-17 16:00:00+00:00,659.3,659.3,658.14,658.32,96917.0,1149.0,658.681774
2025-09-17 17:00:00+00:00,658.32,659.6,658.32,659.52,123927.0,1442.0,658.829941
2025-09-17 18:00:00+00:00,660.215,661.68,654.33,657.71,434169.0,3993.0,657.977862
2025-09-17 19:00:00+00:00,657.65,660.66,657.54,659.36,430700.0,3978.0,659.156459
2025-09-17 20:00:00+00:00,659.85,659.85,659.85,659.85,500.0,2.0,659.85
2025-09-18 13:00:00+00:00,661.9,662.43,660.29,662.04,249133.0,2782.0,661.514586
2025-09-18 14:00:00+00:00,662.05,664.88,662.05,662.74,338835.0,4368.0,663.699335
2025-09-18 15:00:00+00:00,662.8,663.98,662.2,662.595,166687.0,2413.0,663.178842
2025-09-18 16:00:00+00:00,662.56,664.175,662.33,664.045,132166.0,1974.0,663.515101
2025-09-18 17:00:00+00:00,664.02,664.225,662.555,662.79,133832.0,2101.0,663.339531
2025-09-18 18:00:00+00:00,662.8,663.46,662.35,663.235,148954.0,2243.0,662.982772
2025-09-18 19:00:00+00:00,663.27,663.415,661.97,662.26,423767.0,4405.0,662.671628
2025-09-18 20:00:00+00:00,662.56,662.7,662.51,662.68,6487.0,29.0,662.598214
2025-09-19 13:00:00+00:00,662.305,662.68,661.33,662.13,255710.0,2737.0,661.838069
2025-09-19 14:00:00+00:00,662.13,662.37,660.99,661.57,239456.0,3278.0,661.897175
2025-09-19 15:00:00+00:00,661.67,661.945,660.37,661.6,160380.0,2622.0,661.119888
2025-09-19 16:00:00+00:00,661.57,662.76,661.57,662.535,139806.0,2515.0,662.26311
2025-09-19 17:00:00+00:00,662.5,662.885,662.225,662.69,121239.0,2235.0,662.601216
2025-09-19 18:00:00+00:00,662.68,663.105,662.335,663.09,167606.0,2365.0,662.696475
2025-09-19 19:00:00+00:00,663.055,664.55,663.04,663.54,798616.0,6639.0,663.799804
2025-09-19 20:00:00+00:00,663.6,663.93,663.32,663.44,96824.0,187.0,663.577698
2025-09-22 12:00:00+00:00,661.96,661.96,661.96,661.96,130.0,2.0,661.96
2025-09-22 13:00:00+00:00,662.21,663.565,662.205,663.46,188428.0,2210.0,662.823987
2025-09-22 14:00:00+00:00,663.43,665.05,663.19,665.03,276122.0,3061.0,663.992992
2025-09-22 15:00:00+00:00,664.98,665.31,664.485,664.58,178578.0,2311.0,664.831092
2025-09-22 16:00:00+00:00,664.58,666.49,664.56,666.39,255869.0,2735.0,665.680235
2025-09-22 17:00:00+00:00,666.41,666.77,666.11,666.325,132334.0,1795.0,666.451669
2025-09-22 18:00:00+00:00,666.36,666.82,666.04,666.775,204828.0,2231.0,666.457056
2025-09-22 19:00:00+00:00,666.79,667.28,666.74,666.8,398577.0,3470.0,667.032425
2025-09-22 20:00:00+00:00,666.77,666.77,666.13,666.27,35662.0,67.0,666.430244
2025-09-23 12:00:00+00:00,666.77,666.77,666.68,666.68,200.0,2.0,666.725
2025-09-23 13:00:00+00:00,666.73,667.34,666.57,666.87,199464.0,2308.0,666.947145
2025-09-23 14:00:00+00:00,666.91,667.225,666.19,666.31,222500.0,2931.0,666.680604
2025-09-23 15:00:00+00:00,666.325,666.455,665.51,665.53,139311.0,2266.0,666.014475
2025-09-23 16:00:00+00:00,665.575,665.835,664.88,665.17,181611.0,2111.0,665.383934
2025-09-23 17:00:00+00:00,665.165,665.22,662.055,663.23,302073.0,3020.0,663.502026
2025-09-23 18:00:00+00:00,663.17,663.36,662.0,662.13,183142.0,2254.0,662.711157
2025-09-23 19:00:00+00:00,662.11,663.52,662.11,663.26,380699.0,3748.0,662.856182
2025-09-23 20:00:00+00:00,663.2,663.2,663.2,663.2,2300.0,2.0,663.2
2025-09-24 12:00:00+00:00,664.19,664.24,664.19,664.24,270.0,3.0,664.215
2025-09-24 13:00:00+00:00,664.48,664.575,662.45,663.04,155084.0,1882.0,663.489287
2025-09-24 14:00:00+00:00,662.965,663.655,662.66,662.92,169407.0,2417.0,663.143788
2025-09-24 15:00:00+00:00,662.95,663.11,660.3,660.38,161216.0,2006.0,661.944767
2025-09-24 16:00:00+00:00,660.39,661.11,659.685,660.48,161775.0,2164.0,660.447161
2025-09-24 17:00:00+00:00,660.49,661.77,660.39,660.57,131331.0,1887.0,660.962798
2025-09-24 18:00:00+00:00,660.55,661.115,660.0,661.095,153848.0,1988.0,660.543645
2025-09-24 19:00:00+00:00,661.09,661.33,660.49,661.07,293309.0,3477.0,660.932244
2025-09-24 20:00:00+00:00,661.08,661.74,661.08,661.64,35476.0,68.0,661.525952
2025-09-25 12:00:00+00:00,657.72,657.72,657.72,657.72,100.0,1.0,657.72
2025-09-25 13:00:00+00:00,657.59,658.14,655.11,655.6,238482.0,2786.0,656.25409
2025-09-25 14:00:00+00:00,655.78,659.14,655.65,658.83,246566.0,2999.0,658.164414
2025-09-25 15:00:00+00:00,658.72,659.39,657.215,658.835,161109.0,2330.0,658.435823
2025-09-25 16:00:00+00:00,658.935,659.23,657.67,657.83,97557.0,1609.0,658.4062
2025-09-25 17:00:00+00:00,657.84,658.34,655.545,655.585,102660.0,1702.0,657.041536
2025-09-25 18:00:00+00:00,655.615,658.14,654.42,657.875,204463.0,2184.0,656.543414
2025-09-25 19:00:00+00:00,657.805,658.245,657.04,657.79,265536.0,3633.0,657.59191
2025-09-25 20:00:00+00:00,658.04,658.18,658.04,658.16,4658.0,124.0,658.126667
2025-09-26 12:00:00+00:00,660.72,660.72,660.38,660.38,800.0,10.0,660.55
2025-09-26 13:00:00+00:00,659.505,661.885,659.0,661.77,181533.0,2019.0,660.934264
2025-09-26 14:00:00+00:00,661.84,662.35,657.93,658.52,231038.0,2877.0,659.512345
2025-09-26 15:00:00+00:00,658.46,660.06,658.05,658.67,130776.0,1670.0,659.215529
2025-09-26 16:00:00+00:00,658.715,661.48,658.5,661.32,126535.0,2009.0,660.095633
2025-09-26 17:00:00+00:00,661.305,661.72,660.78,661.36,107076.0,1903.0,661.411848
2025-09-26 18:00:00+00:00,661.32,662.115,660.85,661.94,141182.0,2035.0,661.606712
2025-09-26 19:00:00+00:00,661.91,661.99,661.15,661.775,273722.0,3198.0,661.621941
2025-09-26 20:00:00+00:00,661.79,662.33,661.78,662.33,38710.0,85.0,662.042581
2025-09-29 12:00:00+00:00,664.85,665.0,664.85,665.0,600.0,4.0,664.879412
2025-09-29 13:00:00+00:00,665.24,665.25,663.76,664.565,139622.0,1532.0,664.383649
2025-09-29 14:00:00+00:00,664.64,665.17,664.0,664.46,202027.0,2389.0,664.656916
2025-09-29 15:00:00+00:00,664.45,664.65,662.85,663.23,191088.0,2056.0,663.612418
2025-09-29 16:00:00+00:00,663.34,663.795,662.85,663.04,155501.0,1586.0,663.323369
2025-09-29 17:00:00+00:00,663.01,663.08,662.26,662.93,140696.0,1686.0,662.69918
2025-09-29 18:00:00+00:00,662.945,663.58,662.91,663.36,174357.0,1833.0,663.304922
2025-09-29 19:00:00+00:00,663.33,663.735,661.89,663.65,527909.0,5254.0,663.099748
2025-09-29 20:00:00+00:00,663.66,663.75,663.41,663.44,18292.0,54.0,663.543469
2025-09-30 12:00:00+00:00,662.7,663.18,662.7,663.18,413.0,5.0,662.955
2025-09-30 13:00:00+00:00,662.74,663.26,661.99,663.08,128610.0,1363.0,662.616262
2025-09-30 14:00:00+00:00,663.05,663.525,661.71,663.24,177024.0,2076.0,662.797131
2025-09-30 15:00:00+00:00,663.23,663.6,661.625,662.95,167753.0,1801.0,662.585923
2025-09-30 16:00:00+00:00,663.04,664.05,662.61,662.83,107754.0,1422.0,663.268432
2025-09-30 17:00:00+00:00,662.775,663.085,661.79,662.485,123736.0,1481.0,662.462026
2025-09-30 18:00:00+00:00,662.435,664.6,662.43,664.42,159878.0,1728.0,663.782912
2025-09-30 19:00:00+00:00,664.44,666.65,664.405,666.06,570129.0,4927.0,665.700407
2025-10-01 12:00:00+00:00,663.33,663.48,663.33,663.48,580.0,7.0,663.44
2025-10-01 13:00:00+00:00,663.195,665.375,663.09,663.715,154102.0,1583.0,664.372257
2025-10-01 14:00:00+00:00,663.725,666.035,663.435,665.775,199216.0,2424.0,665.179144
2025-10-01 15:00:00+00:00,665.775,667.16,665.77,666.97,181164.0,1909.0,666.61757
2025-10-01 16:00:00+00:00,667.05,667.16,666.45,666.91,107598.0,1519.0,666.875734
2025-10-01 17:00:00+00:00,666.96,668.06,666.82,667.955,132400.0,1637.0,667.699633
2025-10-01 18:00:00+00:00,667.965,669.35,667.965,669.11,179974.0,1983.0,668.851209
2025-10-01 19:00:00+00:00,669.11,669.37,668.535,668.535,361303.0,3930.0,668.927911
2025-10-01 20:00:00+00:00,668.33,668.38,668.0,668.11,59066.0,101.0,668.207477
2025-10-02 12:00:00+00:00,670.34,670.34,670.34,670.34,100.0,1.0,670.34
2025-10-02 13:00:00+00:00,670.455,670.55,668.76,669.37,179060.0,2086.0,669.592991
2025-10-02 14:00:00+00:00,669.23,669.51,667.57,667.57,220052.0,2436.0,668.616193
2025-10-02 15:00:00+00:00,667.57,668.4,666.815,668.35,148550.0,1650.0,667.564875
2025-10-02 16:00:00+00:00,668.33,668.58,667.56,668.42,84025.0,1190.0,668.087268
2025-10-02 17:00:00+00:00,668.37,669.075,667.955,668.9,104673.0,1345.0,668.647402
2025-10-02 18:00:00+00:00,668.93,669.71,668.925,669.405,124035.0,1257.0,669.418789
2025-10-02 19:00:00+00:00,669.425,669.625,668.83,669.15,366683.0,3037.0,669.189668
2025-10-02 20:00:00+00:00,669.26,669.37,669.05,669.07,49213.0,93.0,669.191708
2025-10-03 13:00:00+00:00,669.74,671.57,669.74,670.78,142115.0,1499.0,670.864581
2025-10-03 14:00:00+00:00,670.8,672.26,669.99,672.11,234170.0,2498.0,671.237648
2025-10-03 15:00:00+00:00,672.005,672.6,671.35,672.51,169354.0,1716.0,671.940618
2025-10-03 16:00:00+00:00,672.5,672.66,672.02,672.27,115471.0,1350.0,672.397113
2025-10-03 17:00:00+00:00,672.18,672.18,668.17,669.23,220498.0,2385.0,670.178534
2025-10-03 18:00:00+00:00,669.15,670.69,668.32,669.88,200763.0,2136.0,669.585207
2025-10-03 19:00:00+00:00,669.92,670.24,668.78,669.21,309453.0,3366.0,669.575103
2025-10-03 20:00:00+00:00,669.2,669.2,668.79,668.84,4780.0,5.0,669.056192
2025-10-06 13:00:00+00:00,671.625,671.63,669.93,670.01,180026.0,1950.0,670.649212
2025-10-06 14:00:00+00:00,669.96,670.81,669.48,670.72,191350.0,2166.0,670.268626
2025-10-06 15:00:00+00:00,670.76,671.895,670.72,671.815,141202.0,1839.0,671.252988
2025-10-06 16:00:00+00:00,671.83,671.87,671.31,671.725,114542.0,1750.0,671.614337
2025-10-06 17:00:00+00:00,671.715,672.35,671.345,672.29,121949.0,1504.0,671.917637
2025-10-06 18:00:00+00:00,672.22,672.5,672.01,672.11,134183.0,1486.0,672.246766
2025-10-06 19:00:00+00:00,672.05,672.14,671.57,671.585,290673.0,2725.0,671.845665
2025-10-06 20:00:00+00:00,671.57,671.78,671.57,671.78,34777.0,43.0,671.656733
2025-10-07 12:00:00+00:00,672.6,672.6,672.6,672.6,100.0,1.0,672.6
2025-10-07 13:00:00+00:00,672.55,672.99,672.07,672.19,140971.0,1607.0,672.557952
2025-10-07 14:00:00+00:00,672.1,672.35,670.61,670.85,158943.0,1993.0,671.519072
2025-10-07 15:00:00+00:00,670.91,671.09,667.72,668.22,385541.0,3741.0,668.982877
2025-10-07 16:00:00+00:00,668.26,669.53,667.695,668.33,177361.0,1925.0,668.610727
2025-10-07 17:00:00+00:00,668.36,669.375,668.21,668.325,96502.0,957.0,668.899558
2025-10-07 18:00:00+00:00,668.31,669.06,667.83,669.06,98201.0,1147.0,668.618095
2025-10-07 19:00:00+00:00,669.03,669.365,668.55,669.14,286446.0,2735.0,668.969327
2025-10-07 20:00:00+00:00,669.29,669.58,669.27,669.43,15269.0,39.0,669.386461
2025-10-08 12:00:00+00:00,669.59,669.76,669.59,669.76,410.0,5.0,669.675
2025-10-08 13:00:00+00:00,670.56,670.58,669.5,670.3,162768.0,1708.0,670.060126
2025-10-08 14:00:00+00:00,670.3,672.15,670.3,671.78,157780.0,1734.0,671.606065
2025-10-08 15:00:00+00:00,671.76,672.94,671.7,672.74,107061.0,1326.0,672.436596
2025-10-08 16:00:00+00:00,672.795,673.07,672.24,672.71,84614.0,1109.0,672.662858
2025-10-08 17:00:00+00:00,672.74,673.0,672.47,672.615,73612.0,771.0,672.763857
2025-10-08 18:00:00+00:00,672.74,673.12,672.17,672.27,90297.0,1192.0,672.675001
2025-10-08 19:00:00+00:00,672.24,673.17,672.15,673.06,321100.0,2941.0,672.892289
2025-10-08 20:00:00+00:00,673.03,673.52,672.93,673.26,38997.0,76.0,673.222812
2025-10-09 13:00:00+00:00,673.52,673.93,671.59,671.94,136467.0,1293.0,672.874188
2025-10-09 14:00:00+00:00,671.83,672.21,669.98,671.32,155579.0,1771.0,671.184837
2025-10-09 15:00:00+00:00,671.46,671.84,670.02,671.395,93629.0,1151.0,671.107676
2025-10-09 16:00:00+00:00,671.34,671.57,669.69,669.82,70132.0,897.0,670.733033
2025-10-09 17:00:00+00:00,669.98,670.36,669.23,670.215,96515.0,1071.0,669.812288
2025-10-09 18:00:00+00:00,670.185,670.32,669.39,669.92,93800.0,1224.0,669.876824
2025-10-09 19:00:00+00:00,669.94,671.22,669.825,671.19,381585.0,3171.0,670.781401
2025-10-09 20:00:00+00:00,671.15,671.2,670.63,670.63,30472.0,58.0,671.016951
2025-10-10 12:00:00+00:00,672.23,672.23,672.23,672.23,160.0,2.0,672.23
2025-10-10 13:00:00+00:00,672.145,673.89,671.91,673.12,106678.0,1141.0,672.845463
2025-10-10 14:00:00+00:00,673.16,673.23,667.9,669.13,164099.0,1824.0,671.752823
2025-10-10 15:00:00+00:00,669.135,669.135,659.52,661.89,788563.0,7177.0,664.071318
2025-10-10 16:00:00+00:00,661.46,662.68,658.95,659.27,201971.0,2399.0,661.066458
2025-10-10 17:00:00+00:00,658.895,660.9,657.82,659.56,186138.0,1951.0,659.294668
2025-10-10 18:00:00+00:00,659.69,660.085,656.8,657.19,186658.0,2193.0,658.568575
2025-10-10 19:00:00+00:00,657.15,658.25,652.87,653.275,587496.0,4913.0,655.094807
2025-10-13 12:00:00+00:00,660.87,660.87,660.87,660.87,558.0,6.0,660.87
2025-10-13 13:00:00+00:00,660.93,662.98,659.86,662.88,209247.0,2330.0,661.274017
2025-10-13 14:00:00+00:00,662.83,663.18,659.99,660.21,269390.0,2932.0,661.777523
2025-10-13 15:00:00+00:00,660.25,663.16,659.8,663.025,166189.0,2003.0,662.160626
2025-10-13 16:00:00+00:00,663.035,664.36,662.65,664.27,175162.0,2221.0,663.407627
2025-10-13 17:00:00+00:00,664.26,664.6,662.38,663.25,104759.0,1643.0,663.354884
2025-10-13 18:00:00+00:00,663.27,664.26,661.85,662.065,163855.0,2308.0,663.21941
2025-10-13 19:00:00+00:00,662.11,663.65,661.71,663.065,295753.0,3208.0,663.014693
2025-10-13 20:00:00+00:00,663.2,663.2,662.9,662.9,10002.0,27.0,662.981838
2025-10-14 12:00:00+00:00,655.63,655.63,655.63,655.63,234.0,2.0,655.63
2025-10-14 13:00:00+00:00,657.17,657.24,653.24,656.85,185254.0,1926.0,655.298679
2025-10-14 14:00:00+00:00,656.77,660.31,656.51,659.72,240856.0,2542.0,658.555773
2025-10-14 15:00:00+00:00,659.9,663.07,659.5,662.385,196047.0,2103.0,660.725948
2025-10-14 16:00:00+00:00,662.485,665.61,661.46,664.37,172666.0,2100.0,663.72977
2025-10-14 17:00:00+00:00,664.335,665.79,663.72,665.12,116490.0,1478.0,664.990043
2025-10-14 18:00:00+00:00,665.2,665.37,664.47,664.92,109399.0,1470.0,664.931009
2025-10-14 19:00:00+00:00,664.91,665.35,660.29,662.255,379589.0,3968.0,662.71797
2025-10-14 20:00:00+00:00,662.36,662.36,662.36,662.36,100.0,1.0,662.36
2025-10-15 12:00:00+00:00,666.77,667.42,666.77,667.28,660.0,8.0,667.182
2025-10-15 13:00:00+00:00,667.34,668.56,666.08,668.3,206091.0,2022.0,667.175422
2025-10-15 14:00:00+00:00,668.38,670.2,668.37,669.025,178345.0,1943.0,669.312108
2025-10-15 15:00:00+00:00,669.085,669.13,663.95,665.3,150417.0,1745.0,666.474324
2025-10-15 16:00:00+00:00,665.195,666.43,663.94,664.08,108701.0,1454.0,665.226039
2025-10-15 17:00:00+00:00,664.09,664.44,658.99,664.31,235976.0,2472.0,661.745233
2025-10-15 18:00:00+00:00,664.285,665.81,663.54,665.755,95007.0,1188.0,664.672498
2025-10-15 19:00:00+00:00,665.8,665.8,663.26,665.08,393019.0,3156.0,664.768095
2025-10-16 12:00:00+00:00,667.38,668.02,667.38,668.01,1300.0,14.0,667.803333
2025-10-16 13:00:00+00:00,667.5,668.08,666.17,666.74,124867.0,1368.0,666.833292
2025-10-16 14:00:00+00:00,666.67,668.62,665.47,667.09,208995.0,2053.0,667.076485
2025-10-16 15:00:00+00:00,667.12,667.99,663.99,664.5,156329.0,1772.0,666.008988
2025-10-16 16:00:00+00:00,664.43,665.1,659.35,663.34,261733.0,2704.0,661.827471
2025-10-16 17:00:00+00:00,663.29,664.25,661.13,661.8,223262.0,2367.0,662.671264
2025-10-16 18:00:00+00:00,661.79,661.9,657.18,660.57,267020.0,2698.0,659.151963
2025-10-16 19:00:00+00:00,660.58,661.22,658.0,660.79,410692.0,3840.0,659.837041
2025-10-17 12:00:00+00:00,660.45,660.85,660.45,660.85,400.0,4.0,660.675
2025-10-17 13:00:00+00:00,659.53,662.46,658.305,660.69,152746.0,1826.0,660.129614
2025-10-17 14:00:00+00:00,660.61,663.63,659.41,659.595,219355.0,2466.0,661.254392
2025-10-17 15:00:00+00:00,659.55,662.2,658.18,661.67,162327.0,2125.0,660.003763
2025-10-17 16:00:00+00:00,661.73,663.61,661.31,662.03,127185.0,1751.0,662.658365
2025-10-17 17:00:00+00:00,661.92,663.04,660.57,662.91,111883.0,1586.0,661.718768
2025-10-17 18:00:00+00:00,662.99,665.1,662.965,664.34,137970.0,1868.0,664.202413
2025-10-17 19:00:00+00:00,664.4,665.74,664.035,664.3,264563.0,2626.0,664.695096
2025-10-17 20:00:00+00:00,664.97,664.97,664.97,664.97,110.0,1.0,664.97
2025-10-20 12:00:00+00:00,666.17,667.06,666.17,667.06,980.0,12.0,666.704286
2025-10-20 13:00:00+00:00,667.41,669.42,667.3,668.65,124964.0,1246.0,668.67786
2025-10-20 14:00:00+00:00,668.76,671.45,668.76,671.16,142442.0,1974.0,670.092127
2025-10-20 15:00:00+00:00,671.24,671.26,670.25,670.55,100428.0,1799.0,670.824386
2025-10-20 16:00:00+00:00,670.57,671.09,670.26,671.03,82596.0,1624.0,670.708275
2025-10-20 17:00:00+00:00,671.02,672.09,671.02,671.79,96880.0,1780.0,671.715972
2025-10-20 18:00:00+00:00,671.79,672.2,671.2,671.67,126094.0,1897.0,671.703901
2025-10-20 19:00:00+00:00,671.66,672.05,671.23,671.27,304408.0,3824.0,671.638093
2025-10-20 20:00:00+00:00,671.04,671.78,671.04,671.78,16154.0,56.0,671.263382
2025-10-21 13:00:00+00:00,671.35,671.75,670.215,670.6,70516.0,860.0,670.972056
2025-10-21 14:00:00+00:00,670.63,672.62,670.0,672.59,148888.0,1941.0,671.390527
2025-10-21 15:00:00+00:00,672.59,672.7,671.46,672.25,125711.0,1674.0,672.225166
2025-10-21 16:00:00+00:00,672.27,672.99,671.37,671.5,138536.0,1757.0,672.434366
2025-10-21 17:00:00+00:00,671.44,672.3,670.78,672.205,107140.0,1384.0,671.607953
2025-10-21 18:00:00+00:00,672.21,672.51,671.79,671.96,115547.0,1544.0,672.130656
2025-10-21 19:00:00+00:00,671.94,672.4,671.17,671.26,297722.0,3355.0,671.979753
2025-10-21 20:00:00+00:00,670.7,670.71,670.7,670.71,4459.0,32.0,670.701388
2025-10-22 13:00:00+00:00,671.68,671.8,670.56,671.27,41167.0,655.0,671.295561
2025-10-22 14:00:00+00:00,671.27,671.58,668.1,670.08,157007.0,1864.0,669.769883
2025-10-22 15:00:00+00:00,670.02,670.38,667.435,668.99,120200.0,1797.0,668.830978
2025-10-22 16:00:00+00:00,668.97,669.19,664.1,667.33,169377.0,1951.0,666.446223
2025-10-22 17:00:00+00:00,667.2,667.63,663.39,664.67,111371.0,1310.0,665.018693
2025-10-22 18:00:00+00:00,664.725,666.555,663.83,666.49,142333.0,1804.0,665.531504
2025-10-22 19:00:00+00:00,666.41,668.36,665.6,667.82,275709.0,3244.0,667.459832
2025-10-23 13:00:00+00:00,667.58,670.72,667.58,669.865,104375.0,1164.0,669.527701
2025-10-23 14:00:00+00:00,670.09,670.38,668.175,670.2,119924.0,1241.0,669.45435
2025-10-23 15:00:00+00:00,670.21,670.67,668.805,670.21,105470.0,1117.0,669.909028
2025-10-23 16:00:00+00:00,670.18,671.49,670.18,671.395,121352.0,1262.0,670.969495
2025-10-23 17:00:00+00:00,671.4,672.45,670.43,672.39,123688.0,1415.0,671.65028
2025-10-23 18:00:00+00:00,672.41,672.71,671.84,672.55,89373.0,1139.0,672.376307
2025-10-23 19:00:00+00:00,672.62,672.695,671.31,671.525,404995.0,4292.0,671.962158
2025-10-23 20:00:00+00:00,671.65,671.76,671.62,671.76,6251.0,8.0,671.695613
2025-10-24 12:00:00+00:00,676.01,676.11,675.5,675.77,590.0,7.0,675.862
2025-10-24 13:00:00+00:00,676.425,677.73,675.68,677.37,154465.0,1630.0,676.904352
2025-10-24 14:00:00+00:00,677.29,677.87,676.0,676.665,111618.0,1705.0,677.156701
2025-10-24 15:00:00+00:00,676.7,678.37,676.505,677.945,143317.0,1636.0,677.623089
2025-10-24 16:00:00+00:00,677.99,678.43,677.23,677.955,118185.0,1721.0,677.976035
2025-10-24 17:00:00+00:00,677.925,678.41,677.66,678.105,69334.0,1176.0,678.104591
2025-10-24 18:00:00+00:00,678.07,678.33,677.76,678.16,88025.0,1342.0,678.104639
2025-10-24 19:00:00+00:00,678.25,678.47,676.78,677.1,450364.0,4115.0,677.649775
2025-10-24 20:00:00+00:00,677.21,677.21,676.84,677.12,21389.0,36.0,677.02265
2025-10-27 13:00:00+00:00,682.85,683.22,682.115,683.09,142014.0,1645.0,682.75176
2025-10-27 14:00:00+00:00,683.13,683.61,682.405,682.69,152383.0,2011.0,683.033377
2025-10-27 15:00:00+00:00,682.76,683.58,682.57,683.385,125846.0,1679.0,683.165475
2025-10-27 16:00:00+00:00,683.405,683.87,683.375,683.75,136726.0,1616.0,683.647961
2025-10-27 17:00:00+00:00,683.74,683.99,683.19,683.945,122939.0,1461.0,683.678774
2025-10-27 18:00:00+00:00,683.9,684.24,683.775,684.15,144796.0,1917.0,683.984466
2025-10-27 19:00:00+00:00,684.125,685.54,684.0,685.215,563296.0,5475.0,684.972363
2025-10-27 20:00:00+00:00,685.29,685.58,685.16,685.41,25416.0,52.0,685.375081
2025-10-28 12:00:00+00:00,685.97,685.97,685.97,685.97,103.0,2.0,685.97
2025-10-28 13:00:00+00:00,686.93,687.195,685.19,685.63,151033.0,1321.0,686.029758
2025-10-28 14:00:00+00:00,685.69,686.34,685.52,685.86,166273.0,1522.0,685.919566
2025-10-28 15:00:00+00:00,685.87,686.205,684.865,685.585,131311.0,1490.0,685.54929
2025-10-28 16:00:00+00:00,685.58,687.35,685.58,686.87,139699.0,1656.0,686.42115
2025-10-28 17:00:00+00:00,687.05,687.67,686.88,687.6,142795.0,1906.0,687.279067
2025-10-28 18:00:00+00:00,687.625,688.385,687.55,688.17,162596.0,2160.0,688.003446
2025-10-28 19:00:00+00:00,688.13,688.905,686.92,686.97,421497.0,3783.0,687.735756
2025-10-28 20:00:00+00:00,686.87,686.87,686.69,686.69,2736.0,3.0,686.862434
2025-10-29 13:00:00+00:00,688.72,689.67,688.16,689.56,255793.0,2324.0,689.015356
2025-10-29 14:00:00+00:00,689.665,689.69,687.82,688.38,302847.0,3507.0,688.699672
2025-10-29 15:00:00+00:00,688.33,688.805,687.845,688.03,274570.0,3027.0,688.2841
2025-10-29 16:00:00+00:00,688.01,688.76,687.6,688.54,89820.0,1272.0,688.278831
2025-10-29 17:00:00+00:00,688.605,688.75,687.64,688.045,104906.0,1435.0,688.172191
2025-10-29 18:00:00+00:00,688.1,688.86,682.91,686.12,408859.0,3774.0,685.589767
2025-10-29 19:00:00+00:00,686.17,687.36,684.09,687.315,383254.0,3835.0,686.029735
2025-10-30 12:00:00+00:00,685.71,685.71,684.24,684.24,1310.0,20.0,685.077273
2025-10-30 13:00:00+00:00,683.68,685.63,681.5,685.015,183395.0,2186.0,683.477258
2025-10-30 14:00:00+00:00,684.875,685.935,683.28,684.42,149976.0,1966.0,684.440242
2025-10-30 15:00:00+00:00,684.48,685.495,683.02,683.38,97278.0,1522.0,684.354334
2025-10-30 16:00:00+00:00,683.38,685.145,683.24,684.41,79351.0,1171.0,684.348878
2025-10-30 17:00:00+00:00,684.41,684.635,683.11,684.38,103965.0,1565.0,683.949112
2025-10-30 18:00:00+00:00,684.38,684.38,682.18,682.4,171924.0,2180.0,682.964529
2025-10-30 19:00:00+00:00,682.375,682.405,679.885,680.1,379836.0,3779.0,680.758079
2025-10-30 20:00:00+00:00,682.2,682.2,682.2,682.2,100.0,1.0,682.2
2025-10-31 12:00:00+00:00,686.0,686.48,686.0,686.33,6173.0,52.0,686.425374
2025-10-31 13:00:00+00:00,684.98,685.065,682.875,683.41,105673.0,1282.0,684.013233
2025-10-31 14:00:00+00:00,683.41,684.71,682.3,684.46,133367.0,1636.0,683.582463
2025-10-31 15:00:00+00:00,684.5,684.71,682.16,682.255,163859.0,2015.0,683.737705
2025-10-31 16:00:00+00:00,682.115,682.43,680.14,680.425,175388.0,1823.0,681.507387
2025-10-31 17:00:00+00:00,680.32,681.47,679.29,680.84,150373.0,1483.0,680.292039
2025-10-31 18:00:00+00:00,680.84,682.735,680.84,682.63,146446.0,1662.0,682.056752
2025-10-31 19:00:00+00:00,682.6,684.78,681.96,682.03,562349.0,4272.0,683.152097
2025-11-03 13:00:00+00:00,683.71,684.46,683.71,684.44,445.0,8.0,684.315443
2025-11-03 14:00:00+00:00,685.21,685.77,682.23,682.53,129371.0,2051.0,683.518547
2025-11-03 15:00:00+00:00,682.46,683.0,679.97,682.38,140816.0,2635.0,681.731895
2025-11-03 16:00:00+00:00,682.36,683.6,681.825,683.43,104052.0,1760.0,682.59612
2025-11-03 17:00:00+00:00,683.37,683.97,682.44,683.855,97742.0,1930.0,683.393501
2025-11-03 18:00:00+00:00,683.855,684.19,683.46,683.61,81777.0,1928.0,683.933265
2025-11-03 19:00:00+00:00,683.6,683.82,682.61,683.41,94586.0,2162.0,683.301144
2025-11-03 20:00:00+00:00,683.41,683.64,682.47,683.37,311048.0,4379.0,683.017986
2025-11-03 21:00:00+00:00,683.19,683.26,683.1,683.17,8876.0,14.0,683.190454
2025-11-04 13:00:00+00:00,676.7,676.7,675.44,676.17,1322.0,31.0,675.97087
2025-11-04 14:00:00+00:00,676.35,678.81,674.75,678.7,282085.0,4439.0,676.445384
2025-11-04 15:00:00+00:00,678.81,679.95,677.66,678.14,175525.0,2902.0,678.966517
2025-11-04 16:00:00+00:00,678.17,678.8,677.48,678.19,148648.0,2308.0,678.082748
2025-11-04 17:00:00+00:00,678.18,678.18,675.72,676.01,164629.0,2387.0,676.67761
2025-11-04 18:00:00+00:00,675.89,676.41,674.715,676.13,176124.0,2708.0,675.633044
2025-11-04 19:00:00+00:00,676.09,676.64,674.59,675.145,177987.0,3059.0,675.695657
2025-11-04 20:00:00+00:00,675.19,676.53,674.62,675.31,448226.0,5820.0,675.389934
2025-11-04 21:00:00+00:00,675.25,675.25,675.1,675.1,4391.0,29.0,675.226312
2025-11-05 13:00:00+00:00,674.32,675.87,674.32,675.76,741.0,15.0,675.617353
2025-11-05 14:00:00+00:00,675.42,677.58,674.22,677.27,121180.0,2007.0,675.657919
2025-11-05 15:00:00+00:00,677.04,678.24,676.235,677.88,128824.0,2341.0,677.327863
2025-11-05 16:00:00+00:00,677.855,679.74,676.77,679.38,145029.0,2319.0,678.629159
2025-11-05 17:00:00+00:00,679.42,680.83,679.04,680.225,134753.0,2233.0,680.079321
2025-11-05 18:00:00+00:00,680.18,680.85,680.06,680.675,122718.0,2272.0,680.401667
2025-11-05 19:00:00+00:00,680.605,680.605,679.75,680.26,103733.0,2164.0,680.243444
2025-11-05 20:00:00+00:00,680.225,680.5,677.41,677.49,402335.0,4660.0,679.065238
2025-11-05 21:00:00+00:00,677.58,677.85,677.58,677.85,4957.0,20.0,677.701694
2025-11-06 13:00:00+00:00,679.25,679.25,679.25,679.25,45.0,2.0,679.25
2025-11-06 14:00:00+00:00,677.62,677.62,674.09,674.11,142406.0,2073.0,675.95911
2025-11-06 15:00:00+00:00,674.09,675.35,670.77,670.9,375890.0,5661.0,672.826051
2025-11-06 16:00:00+00:00,670.93,671.985,669.055,669.24,153562.0,2914.0,670.590012
2025-11-06 17:00:00+00:00,669.38,671.55,668.77,671.135,163024.0,2935.0,670.451813
2025-11-06 18:00:00+00:00,671.085,672.21,669.14,671.5,143445.0,2218.0,670.759623
2025-11-06 19:00:00+00:00,671.4,673.67,671.28,672.99,169873.0,2728.0,672.699552
2025-11-06 20:00:00+00:00,673.11,673.34,669.55,670.24,453307.0,6227.0,671.095218
2025-11-06 21:00:00+00:00,670.79,671.78,670.79,671.78,1662.0,32.0,671.143596
2025-11-07 13:00:00+00:00,667.0,668.37,667.0,668.36,728.0,19.0,667.963722
2025-11-07 14:00:00+00:00,667.27,667.885,664.395,666.245,221401.0,3413.0,665.791881
2025-11-07 15:00:00+00:00,666.29,667.14,663.34,663.34,277841.0,3890.0,665.006318
2025-11-07 16:00:00+00:00,663.33,664.03,661.33,662.0,277678.0,4244.0,662.949059
2025-11-07 17:00:00+00:00,662.02,664.245,661.24,663.93,200013.0,3362.0,662.857962
2025-11-07 18:00:00+00:00,663.99,666.055,663.63,665.61,191376.0,3283.0,665.010793
2025-11-07 19:00:00+00:00,665.45,669.965,665.27,669.9,281720.0,4131.0,668.017018
2025-11-07 20:00:00+00:00,669.84,671.06,667.94,670.92,431304.0,6898.0,669.67553
2025-11-07 21:00:00+00:00,671.31,671.91,671.31,671.76,11709.0,64.0,671.451892
2025-11-10 13:00:00+00:00,677.21,677.27,677.18,677.18,480.0,8.0,677.23122
2025-11-10 14:00:00+00:00,677.51,679.2,676.96,678.55,230077.0,3420.0,678.361337
2025-11-10 15:00:00+00:00,678.54,679.2,676.16,676.26,190828.0,3391.0,678.149252
2025-11-10 16:00:00+00:00,676.19,676.805,675.14,676.64,113275.0,2117.0,675.932047
2025-11-10 17:00:00+00:00,676.62,679.74,676.47,679.41,138934.0,2413.0,678.118267
2025-11-10 18:00:00+00:00,679.42,680.53,679.34,679.85,172085.0,2446.0,679.906858
2025-11-10 19:00:00+00:00,679.86,681.635,679.86,681.3,131194.0,2578.0,680.756423
2025-11-10 20:00:00+00:00,681.26,682.17,681.03,681.31,449955.0,5980.0,681.575335
2025-11-10 21:00:00+00:00,681.44,681.74,681.2,681.74,10686.0,19.0,681.289736
2025-11-11 13:00:00+00:00,679.94,680.02,679.34,679.92,453.0,7.0,679.725958
2025-11-11 14:00:00+00:00,679.81,680.825,679.47,680.7,92500.0,1676.0,680.141372
2025-11-11 15:00:00+00:00,680.68,680.68,678.75,679.13,98882.0,1993.0,679.447401
2025-11-11 16:00:00+00:00,679.24,680.74,678.89,679.695,91222.0,1756.0,679.766511
2025-11-11 17:00:00+00:00,679.715,682.21,679.715,682.14,83344.0,1688.0,681.178715
2025-11-11 18:00:00+00:00,682.08,683.31,682.04,683.19,104209.0,2179.0,682.769182
2025-11-11 19:00:00+00:00,683.12,683.41,682.47,683.095,111625.0,2272.0,683.020751
2025-11-11 20:00:00+00:00,683.155,683.56,682.295,682.9,350930.0,5298.0,682.913972
2025-11-11 21:00:00+00:00,683.2,683.53,682.97,682.97,10375.0,33.0,683.371155
2025-11-12 13:00:00+00:00,685.24,685.48,685.24,685.36,370.0,6.0,685.320428
2025-11-12 14:00:00+00:00,685.04,685.04,683.12,683.73,155185.0,2513.0,684.1173
2025-11-12 15:00:00+00:00,683.63,684.19,681.81,682.355,168496.0,2705.0,683.057733
2025-11-12 16:00:00+00:00,682.18,682.995,680.98,681.75,137101.0,2527.0,682.044944
2025-11-12 17:00:00+00:00,681.82,683.85,681.58,683.61,121891.0,2314.0,683.013704
2025-11-12 18:00:00+00:00,683.64,684.12,683.085,683.61,178296.0,2522.0,683.627725
2025-11-12 19:00:00+00:00,683.69,683.8,682.26,682.775,171846.0,2594.0,682.991702
2025-11-12 20:00:00+00:00,682.79,684.045,682.13,683.32,351155.0,4811.0,683.219177
2025-11-12 21:00:00+00:00,683.47,683.54,683.47,683.54,1577.0,5.0,683.538194
2025-11-13 13:00:00+00:00,682.1,682.15,680.92,681.42,1576.0,28.0,681.50589
2025-11-13 14:00:00+00:00,680.13,680.61,677.55,678.78,141813.0,1793.0,678.938826
2025-11-13 15:00:00+00:00,678.75,680.85,675.375,676.49,232538.0,3123.0,678.038182
2025-11-13 16:00:00+00:00,676.39,676.805,674.25,675.35,192506.0,2689.0,675.478181
2025-11-13 17:00:00+00:00,675.13,676.49,673.97,674.14,156879.0,2313.0,675.264532
2025-11-13 18:00:00+00:00,674.2,674.69,671.56,672.61,196890.0,2986.0,673.063049
2025-11-13 19:00:00+00:00,672.83,673.63,670.555,671.78,201343.0,3069.0,672.282915
2025-11-13 20:00:00+00:00,671.7,672.99,670.54,672.07,562152.0,6867.0,671.692046
2025-11-13 21:00:00+00:00,672.53,673.34,672.23,672.23,859.0,18.0,672.937842
2025-11-14 13:00:00+00:00,665.85,666.22,664.14,665.39,5028.0,77.0,665.030349
2025-11-14 14:00:00+00:00,665.84,668.78,663.28,668.63,186004.0,3230.0,666.414843
2025-11-14 15:00:00+00:00,668.57,672.79,666.965,671.88,240023.0,3355.0,670.08874
2025-11-14 16:00:00+00:00,672.305,675.005,670.9,674.725,138067.0,2220.0,673.507189
2025-11-14 17:00:00+00:00,674.69,675.655,673.17,674.055,117703.0,1931.0,674.664203
2025-11-14 18:00:00+00:00,673.88,674.33,671.52,673.24,156110.0,2512.0,672.767944
2025-11-14 19:00:00+00:00,673.23,674.87,672.28,674.66,147490.0,2471.0,673.727058
2025-11-14 20:00:00+00:00,674.67,675.11,671.19,671.935,366959.0,5241.0,672.399031
2025-11-14 21:00:00+00:00,672.91,672.95,672.87,672.95,5365.0,35.0,672.939176
2025-11-17 13:00:00+00:00,672.22,672.22,671.42,671.42,989.0,9.0,671.93092
2025-11-17 14:00:00+00:00,670.05,673.68,668.955,672.76,121621.0,2035.0,671.990324
2025-11-17 15:00:00+00:00,672.79,673.13,670.17,670.705,125377.0,2097.0,671.338907
2025-11-17 16:00:00+00:00,670.775,672.94,667.81,672.9,187041.0,2884.0,669.977073
2025-11-17 17:00:00+00:00,673.0,673.0,669.2,669.22,99382.0,1704.0,671.499342
2025-11-17 18:00:00+00:00,669.16,669.85,666.52,666.59,143170.0,2510.0,668.474699
2025-11-17 19:00:00+00:00,666.6,666.85,662.735,662.79,260862.0,4519.0,665.063338
2025-11-17 20:00:00+00:00,662.62,665.77,662.2,665.72,498167.0,7809.0,664.142065
2025-11-17 21:00:00+00:00,666.1,666.23,666.1,666.23,2350.0,13.0,666.11323
2025-11-18 13:00:00+00:00,661.45,662.76,661.45,662.71,3095.0,36.0,662.536295
2025-11-18 14:00:00+00:00,662.7,664.21,658.64,658.64,226514.0,3405.0,661.485547
2025-11-18 15:00:00+00:00,658.54,660.27,656.83,657.2,308486.0,5097.0,658.454819
2025-11-18 16:00:00+00:00,657.13,662.37,655.91,661.17,305564.0,4575.0,660.205937
2025-11-18 17:00:00+00:00,661.18,664.33,657.96,663.66,245512.0,3722.0,661.172026
2025-11-18 18:00:00+00:00,663.98,665.06,662.71,663.06,213218.0,3484.0,663.900228
2025-11-18 19:00:00+00:00,663.03,664.96,662.46,664.37,244590.0,4048.0,663.628964
2025-11-18 20:00:00+00:00,664.38,664.9,660.11,660.16,692320.0,9775.0,661.794115
2025-11-18 21:00:00+00:00,659.42,659.96,659.25,659.25,6182.0,20.0,659.487234
2025-11-19 13:00:00+00:00,662.69,662.89,661.65,662.31,4009.0,47.0,662.111445
2025-11-19 14:00:00+00:00,661.59,665.84,660.15,665.67,163964.0,2683.0,663.072453
2025-11-19 15:00:00+00:00,665.73,667.34,662.62,662.96,214010.0,3864.0,665.610872
2025-11-19 16:00:00+00:00,662.9,663.49,660.78,662.53,181196.0,3082.0,662.206402
2025-11-19 17:00:00+00:00,662.45,662.97,658.77,661.39,202052.0,3262.0,660.755768
2025-11-19 18:00:00+00:00,661.27,663.29,660.78,662.53,152321.0,2569.0,661.956546
2025-11-19 19:00:00+00:00,662.74,662.76,659.37,661.11,190305.0,2929.0,660.781364
2025-11-19 20:00:00+00:00,661.12,664.75,661.12,662.68,360648.0,5377.0,663.019966
2025-11-19 21:00:00+00:00,662.75,666.54,662.41,666.15,2587.0,52.0,664.584028
2025-11-20 13:00:00+00:00,671.07,673.55,670.35,673.12,9495.0,116.0,671.32982
2025-11-20 14:00:00+00:00,673.24,675.015,672.48,674.89,215012.0,3661.0,673.671099
2025-11-20 15:00:00+00:00,675.08,675.54,672.77,672.77,202477.0,3435.0,674.309649
2025-11-20 16:00:00+00:00,672.7,672.7,659.41,660.16,588824.0,9488.0,666.510261
2025-11-20 17:00:00+00:00,660.1,662.31,655.49,657.25,768117.0,11078.0,658.285142
2025-11-20 18:00:00+00:00,657.26,661.94,654.12,655.105,458310.0,6449.0,658.364429
2025-11-20 19:00:00+00:00,655.04,658.21,653.93,658.13,311125.0,4262.0,655.801384
2025-11-20 20:00:00+00:00,658.1,658.1,651.89,652.42,644099.0,9502.0,654.417745
2025-11-20 21:00:00+00:00,652.2,652.74,652.05,652.08,1961.0,35.0,652.339846
2025-11-21 13:00:00+00:00,655.62,656.74,654.2,655.74,14699.0,194.0,655.723602
2025-11-21 14:00:00+00:00,655.59,656.45,653.17,654.52,179850.0,2198.0,654.862132
2025-11-21 15:00:00+00:00,654.95,655.92,650.86,652.73,430683.0,4964.0,653.302781
2025-11-21 16:00:00+00:00,653.14,660.68,651.11,660.61,239105.0,2753.0,656.018087
2025-11-21 17:00:00+00:00,660.74,661.44,659.46,660.05,132682.0,1635.0,660.563721
2025-11-21 18:00:00+00:00,660.33,664.07,656.9,662.23,190459.0,2409.0,660.163765
2025-11-21 19:00:00+00:00,662.48,664.52,661.06,661.75,137913.0,1568.0,662.919104
2025-11-21 20:00:00+00:00,661.845,662.145,658.23,659.15,342946.0,3914.0,659.813285
2025-11-21 21:00:00+00:00,659.52,659.58,659.35,659.38,11619.0,55.0,659.453
2025-11-24 13:00:00+00:00,662.64,663.56,662.37,662.37,6288.0,67.0,663.189345
2025-11-24 14:00:00+00:00,662.88,665.495,661.64,664.01,156686.0,1937.0,663.645642
2025-11-24 15:00:00+00:00,664.12,667.16,664.01,666.54,222048.0,2674.0,665.601115
2025-11-24 16:00:00+00:00,666.66,668.44,666.635,667.465,117749.0,1810.0,667.89355
2025-11-24 17:00:00+00:00,667.74,669.35,667.0,669.05,103030.0,1669.0,668.360213
2025-11-24 18:00:00+00:00,669.14,669.74,668.815,669.235,80760.0,1457.0,669.323001
2025-11-24 19:00:00+00:00,669.39,669.79,667.88,668.3,141899.0,1977.0,668.719444
2025-11-24 20:00:00+00:00,668.27,670.045,668.27,668.82,455772.0,5344.0,669.159114
2025-11-25 13:00:00+00:00,668.87,669.64,668.7,668.82,2792.0,41.0,669.232459
2025-11-25 14:00:00+00:00,668.26,669.945,664.52,668.9,160023.0,2124.0,667.717151
2025-11-25 15:00:00+00:00,668.82,671.04,665.94,669.82,211553.0,2349.0,668.554711
2025-11-25 16:00:00+00:00,669.505,671.92,668.9,671.73,94542.0,1444.0,670.40579
2025-11-25 17:00:00+00:00,671.9,674.37,671.725,673.32,75844.0,1338.0,673.4248
2025-11-25 18:00:00+00:00,673.36,674.37,673.26,673.865,50204.0,914.0,673.764793
2025-11-25 19:00:00+00:00,673.98,674.095,672.46,673.955,61992.0,1070.0,673.341599
2025-11-25 20:00:00+00:00,674.01,676.19,674.01,675.0,238282.0,3474.0,675.307622
2025-11-25 21:00:00+00:00,675.11,675.18,675.11,675.18,300.0,3.0,675.136
2025-11-26 13:00:00+00:00,676.74,677.33,676.71,677.2,2167.0,32.0,677.010439
2025-11-26 14:00:00+00:00,677.19,679.455,677.19,677.34,112995.0,1836.0,678.419347
2025-11-26 15:00:00+00:00,677.19,679.56,676.81,679.54,94604.0,1666.0,678.192519
2025-11-26 16:00:00+00:00,679.63,681.685,679.53,681.34,76674.0,1793.0,680.703543
2025-11-26 17:00:00+00:00,681.355,681.69,680.45,681.1,52705.0,1354.0,681.1205
2025-11-26 18:00:00+00:00,681.22,681.55,679.645,680.4,56617.0,1041.0,680.57826
2025-11-26 19:00:00+00:00,680.42,681.41,680.17,680.85,55431.0,1096.0,680.888818
2025-11-26 20:00:00+00:00,680.81,681.57,679.63,679.64,293397.0,4368.0,680.635517
2025-11-26 21:00:00+00:00,679.66,680.3,679.66,680.22,35566.0,51.0,680.089902
2025-11-28 13:00:00+00:00,681.3,681.45,681.29,681.3,245.0,6.0,681.332273
2025-11-28 14:00:00+00:00,681.35,681.85,680.555,681.19,88536.0,1832.0,681.223557
2025-11-28 15:00:00+00:00,681.255,682.605,681.08,682.41,182538.0,3306.0,681.996399
2025-11-28 16:00:00+00:00,682.38,682.935,681.67,682.765,150795.0,2750.0,682.521577
2025-11-28 17:00:00+00:00,682.755,683.645,681.88,683.36,275692.0,4318.0,682.703082
2025-11-28 18:00:00+00:00,683.19,683.19,683.01,683.01,396.0,20.0,683.13
2025-12-01 13:00:00+00:00,678.32,679.1,678.29,678.89,3359.0,59.0,678.686334
2025-12-01 14:00:00+00:00,679.08,681.81,678.74,681.44,114982.0,1612.0,679.929564
2025-12-01 15:00:00+00:00,681.455,681.82,678.89,681.65,187747.0,2177.0,680.683728
2025-12-01 16:00:00+00:00,681.68,682.42,680.13,681.925,68954.0,1203.0,681.421839
2025-12-01 17:00:00+00:00,681.98,682.77,681.32,682.025,59388.0,1129.0,682.097011
2025-12-01 18:00:00+00:00,682.015,682.99,682.015,682.855,58388.0,1187.0,682.688152
2025-12-01 19:00:00+00:00,682.81,682.82,679.83,680.12,96486.0,1720.0,681.103349
2025-12-01 20:00:00+00:00,680.19,681.05,679.375,680.255,418479.0,4200.0,679.988963
2025-12-01 21:00:00+00:00,680.06,680.25,680.06,680.25,3671.0,9.0,680.139116
2025-12-02 13:00:00+00:00,681.86,682.09,681.76,681.99,1954.0,36.0,681.929979
2025-12-02 14:00:00+00:00,682.51,682.92,681.51,682.33,68073.0,1507.0,682.198867
2025-12-02 15:00:00+00:00,682.36,683.67,680.87,683.51,109046.0,1824.0,682.632337
2025-12-02 16:00:00+00:00,683.485,683.82,679.39,680.56,99526.0,1769.0,681.226362
2025-12-02 17:00:00+00:00,680.59,682.83,680.23,680.23,66729.0,1343.0,681.728906
2025-12-02 18:00:00+00:00,680.01,681.595,679.935,681.11,61083.0,1212.0,680.787292
2025-12-02 19:00:00+00:00,681.085,682.59,680.77,682.34,99436.0,2033.0,681.775747
2025-12-02 20:00:00+00:00,682.5,682.86,681.36,681.44,255331.0,4295.0,682.078117
2025-12-02 21:00:00+00:00,681.56,681.62,681.42,681.58,8947.0,23.0,681.533842
2025-12-03 13:00:00+00:00,683.48,683.69,683.07,683.65,3602.0,56.0,683.481254
2025-12-03 14:00:00+00:00,682.4,682.4,679.68,680.91,70639.0,1366.0,680.816494
2025-12-03 15:00:00+00:00,680.84,682.91,680.84,682.295,138459.0,1511.0,682.290146
2025-12-03 16:00:00+00:00,682.395,683.48,681.685,682.18,58873.0,1218.0,682.674921
2025-12-03 17:00:00+00:00,682.205,684.08,682.15,683.86,38636.0,916.0,683.304761
2025-12-03 18:00:00+00:00,683.89,684.5,683.475,683.93,44579.0,1132.0,684.011961
2025-12-03 19:00:00+00:00,683.9,684.74,683.86,684.615,76467.0,1669.0,684.446096
2025-12-03 20:00:00+00:00,684.62,684.9,683.56,683.81,363396.0,5782.0,684.194865
2025-12-03 21:00:00+00:00,683.84,684.03,683.8,684.03,12980.0,29.0,683.945911
2025-12-04 13:00:00+00:00,684.47,684.52,683.99,684.13,3657.0,55.0,684.298547
2025-12-04 14:00:00+00:00,684.41,685.59,682.88,683.045,114651.0,1532.0,684.023293
2025-12-04 15:00:00+00:00,683.005,684.55,682.19,683.32,85334.0,1500.0,683.473752
2025-12-04 16:00:00+00:00,683.4,684.55,682.29,684.44,59117.0,1116.0,683.443559
2025-12-04 17:00:00+00:00,684.37,684.56,683.38,684.305,56750.0,998.0,684.097039
2025-12-04 18:00:00+00:00,684.285,684.77,683.48,684.21,52160.0,1229.0,684.136745
2025-12-04 19:00:00+00:00,684.07,684.23,681.4,683.27,116062.0,1812.0,682.790472
2025-12-04 20:00:00+00:00,683.2,684.58,682.34,684.495,215220.0,3634.0,683.463423
2025-12-04 21:00:00+00:00,684.44,684.44,684.12,684.28,24943.0,90.0,684.279266
2025-12-05 13:00:00+00:00,685.91,685.91,683.72,684.06,1019.0,14.0,685.305034
2025-12-05 14:00:00+00:00,684.57,687.01,684.57,686.895,80848.0,1135.0,686.280045
2025-12-05 15:00:00+00:00,687.05,688.385,686.3,686.74,122344.0,2276.0,687.699627
2025-12-05 16:00:00+00:00,686.83,687.095,685.06,686.015,117050.0,1479.0,686.037609
2025-12-05 17:00:00+00:00,685.99,686.415,684.59,686.26,62208.0,1131.0,685.527547
2025-12-05 18:00:00+00:00,686.33,686.97,685.55,686.22,46291.0,939.0,686.385365
2025-12-05 19:00:00+00:00,686.23,686.4,685.585,686.255,57125.0,1079.0,685.982712
2025-12-05 20:00:00+00:00,686.2,686.275,684.61,685.62,361899.0,4530.0,685.410159
2025-12-05 21:00:00+00:00,685.77,686.08,685.77,686.04,52497.0,111.0,685.926461
2025-12-08 13:00:00+00:00,686.77,687.21,686.54,686.89,2223.0,36.0,686.842879
2025-12-08 14:00:00+00:00,686.96,687.17,685.0,685.43,103081.0,2365.0,685.934275
2025-12-08 15:00:00+00:00,685.43,685.76,683.61,683.705,115814.0,2561.0,684.714972
2025-12-08 16:00:00+00:00,683.67,684.105,682.97,683.39,79538.0,1709.0,683.593451
2025-12-08 17:00:00+00:00,683.26,684.31,682.34,684.15,101945.0,1716.0,683.204746
2025-12-08 18:00:00+00:00,684.09,684.4,681.59,681.97,85576.0,1570.0,683.149986
2025-12-08 19:00:00+00:00,682.11,682.81,681.675,682.33,99865.0,2321.0,682.327787
2025-12-08 20:00:00+00:00,682.4,683.75,682.06,683.68,312234.0,5136.0,682.655279
2025-12-08 21:00:00+00:00,683.66,684.17,683.4,684.08,45599.0,88.0,683.547394
2025-12-09 13:00:00+00:00,683.87,683.95,683.16,683.26,2400.0,40.0,683.598889
2025-12-09 14:00:00+00:00,683.06,684.51,682.72,684.42,111879.0,2620.0,683.742209
2025-12-09 15:00:00+00:00,684.49,684.91,683.605,684.51,93634.0,1805.0,684.242934
2025-12-09 16:00:00+00:00,684.52,685.37,684.47,685.0,105346.0,2467.0,684.99937
2025-12-09 17:00:00+00:00,685.03,685.33,683.68,684.28,96787.0,2224.0,684.442408
2025-12-09 18:00:00+00:00,684.25,684.47,683.39,684.05,101143.0,2404.0,684.041437
2025-12-09 19:00:00+00:00,684.12,684.13,683.21,683.63,140115.0,2923.0,683.676192
2025-12-09 20:00:00+00:00,683.64,683.84,682.62,683.03,401549.0,6523.0,683.132736
2025-12-09 21:00:00+00:00,682.94,682.99,682.71,682.71,19580.0,46.0,682.884713
2025-12-10 13:00:00+00:00,682.79,683.71,682.79,683.04,1456.0,24.0,683.327333
2025-12-10 14:00:00+00:00,682.62,683.31,681.32,683.21,100187.0,1765.0,682.567445
2025-12-10 15:00:00+00:00,682.97,683.445,681.69,682.22,133704.0,2538.0,682.789034
2025-12-10 16:00:00+00:00,682.175,683.865,681.48,683.605,123765.0,2489.0,683.19361
2025-12-10 17:00:00+00:00,683.56,684.18,682.95,683.86,83331.0,2040.0,683.361869
2025-12-10 18:00:00+00:00,683.83,684.03,682.45,682.88,111339.0,2489.0,683.197459
2025-12-10 19:00:00+00:00,682.86,688.02,682.79,687.85,509018.0,7514.0,685.259635
2025-12-10 20:00:00+00:00,688.15,688.96,687.09,687.59,515472.0,8304.0,688.079705
2025-12-10 21:00:00+00:00,687.36,687.39,687.08,687.32,881.0,15.0,687.256452
2025-12-11 13:00:00+00:00,685.25,685.53,684.82,684.9,1190.0,19.0,685.14424
2025-12-11 14:00:00+00:00,684.77,685.76,682.36,682.81,146385.0,2432.0,684.273181
2025-12-11 15:00:00+00:00,682.64,686.76,682.31,685.73,202784.0,3574.0,685.040717
2025-12-11 16:00:00+00:00,685.71,686.96,684.42,685.5,118820.0,2037.0,685.610254
2025-12-11 17:00:00+00:00,685.5,687.98,685.41,687.295,105713.0,2011.0,687.056523
2025-12-11 18:00:00+00:00,687.22,688.57,687.11,688.02,84012.0,1826.0,687.963111
2025-12-11 19:00:00+00:00,688.03,689.23,687.935,688.83,124343.0,2260.0,688.67762
2025-12-11 20:00:00+00:00,688.84,689.17,688.0,689.15,455371.0,7284.0,688.641716
2025-12-11 21:00:00+00:00,690.36,690.81,690.2,690.8,829.0,15.0,690.526667
2025-12-12 13:00:00+00:00,688.41,689.35,688.31,689.35,2172.0,43.0,688.695834
2025-12-12 14:00:00+00:00,689.01,689.01,687.2,687.53,77521.0,1673.0,688.068301
2025-12-12 15:00:00+00:00,687.37,687.45,681.38,681.74,263832.0,4952.0,684.405369
2025-12-12 16:00:00+00:00,681.7,682.445,679.18,680.535,251401.0,3893.0,680.892504
2025-12-12 17:00:00+00:00,680.59,683.215,680.39,682.65,112959.0,2283.0,682.044644
2025-12-12 18:00:00+00:00,682.59,684.315,682.4,682.545,118469.0,2249.0,683.414343
2025-12-12 19:00:00+00:00,682.56,682.615,681.21,681.97,98524.0,2248.0,681.891431
2025-12-12 20:00:00+00:00,681.97,682.51,680.08,681.8,320394.0,5458.0,681.363741
2025-12-12 21:00:00+00:00,681.69,682.12,681.69,681.9,23297.0,66.0,681.975662
2025-12-15 13:00:00+00:00,684.93,685.32,684.84,685.26,782.0,12.0,685.062692
2025-12-15 14:00:00+00:00,685.65,685.745,682.3,682.4,122556.0,1920.0,683.826442
2025-12-15 15:00:00+00:00,682.44,682.52,679.28,681.145,204373.0,3664.0,680.982357
2025-12-15 16:00:00+00:00,681.18,683.04,680.17,680.86,127390.0,2819.0,681.543073
2025-12-15 17:00:00+00:00,680.78,681.43,679.43,680.54,105996.0,2378.0,680.536043
2025-12-15 18:00:00+00:00,680.5,681.38,679.53,681.03,85806.0,1950.0,680.431752
2025-12-15 19:00:00+00:00,681.07,681.755,680.45,681.69,137047.0,2778.0,680.9278
2025-12-15 20:00:00+00:00,681.66,681.74,680.55,680.715,418584.0,7096.0,681.073897
2025-12-15 21:00:00+00:00,680.79,681.0,680.75,680.99,699.0,13.0,680.915517
2025-12-16 13:00:00+00:00,680.49,682.06,679.68,679.83,4485.0,59.0,680.805236
2025-12-16 14:00:00+00:00,679.45,681.01,677.72,680.8,133171.0,2412.0,679.576786
2025-12-16 15:00:00+00:00,680.725,681.04,676.5,679.0,159389.0,3204.0,678.314913
2025-12-16 16:00:00+00:00,679.04,679.31,676.63,678.27,148234.0,3272.0,677.700482
2025-12-16 17:00:00+00:00,678.33,678.79,675.5,675.61,142762.0,3377.0,677.434222
2025-12-16 18:00:00+00:00,675.58,678.555,675.01,677.87,179763.0,3797.0,676.630856
2025-12-16 19:00:00+00:00,677.76,678.58,675.87,677.95,197698.0,3955.0,677.075205
2025-12-16 20:00:00+00:00,677.92,680.53,677.77,678.86,625455.0,9440.0,679.509373
2025-12-16 21:00:00+00:00,678.8,678.8,678.09,678.21,1222.0,27.0,678.235984
2025-12-17 13:00:00+00:00,681.1,681.1,679.94,680.34,1904.0,34.0,680.434451
2025-12-17 14:00:00+00:00,680.76,681.07,677.65,679.26,87022.0,1309.0,679.064235
2025-12-17 15:00:00+00:00,679.19,679.655,674.085,674.71,126240.0,2096.0,677.013723
2025-12-17 16:00:00+00:00,674.44,675.64,673.07,674.12,104302.0,1695.0,674.34549
2025-12-17 17:00:00+00:00,674.22,675.05,673.075,673.81,89045.0,1638.0,673.839222
2025-12-17 18:00:00+00:00,674.23,674.855,672.08,672.54,111736.0,2185.0,673.164464
2025-12-17 19:00:00+00:00,672.58,673.28,672.065,673.15,131000.0,2781.0,672.64991
2025-12-17 20:00:00+00:00,673.18,673.31,671.2,671.43,401356.0,6949.0,672.053237
2025-12-17 21:00:00+00:00,671.9,673.05,671.9,672.53,958.0,14.0,672.550227
2025-12-18 13:00:00+00:00,674.25,677.34,674.19,676.93,4856.0,74.0,675.75182
2025-12-18 14:00:00+00:00,676.92,678.59,675.7,678.01,94244.0,1758.0,677.204307
2025-12-18 15:00:00+00:00,678.13,680.6,676.16,680.01,190625.0,3348.0,678.848135
2025-12-18 16:00:00+00:00,679.95,680.7,679.36,679.64,132461.0,3325.0,680.166844
2025-12-18 17:00:00+00:00,679.5,679.54,674.91,678.34,195054.0,4008.0,676.835058
2025-12-18 18:00:00+00:00,678.29,679.67,677.61,678.28,124265.0,3029.0,678.548362
2025-12-18 19:00:00+00:00,678.22,678.3,675.35,675.77,147338.0,3815.0,676.846378
2025-12-18 20:00:00+00:00,675.71,678.54,675.465,676.515,449416.0,8919.0,677.426714
2025-12-18 21:00:00+00:00,676.17,676.2,675.75,675.99,5196.0,23.0,676.002293
2025-12-19 13:00:00+00:00,675.24,675.84,675.24,675.45,694.0,13.0,675.603623
2025-12-19 14:00:00+00:00,675.16,679.89,675.16,679.825,113530.0,1748.0,678.430527
2025-12-19 15:00:00+00:00,680.02,680.47,678.485,679.12,136396.0,2443.0,679.520855
2025-12-19 16:00:00+00:00,678.96,680.5,678.66,679.69,162033.0,3513.0,679.863307
2025-12-19 17:00:00+00:00,679.72,681.03,679.66,680.66,167890.0,3473.0,680.522865
2025-12-19 18:00:00+00:00,680.605,681.09,680.19,680.245,110165.0,2380.0,680.605362
2025-12-19 19:00:00+00:00,680.24,680.99,680.24,680.6,141644.0,2674.0,680.696944
2025-12-19 20:00:00+00:00,680.59,680.82,679.63,680.52,706116.0,11369.0,680.289111
2025-12-19 21:00:00+00:00,680.46,680.88,680.43,680.88,52866.0,104.0,680.67891
2025-12-22 13:00:00+00:00,683.29,683.63,683.28,683.47,1937.0,25.0,683.384892
2025-12-22 14:00:00+00:00,683.97,684.505,683.015,683.97,132548.0,1825.0,683.688713
2025-12-22 15:00:00+00:00,683.98,684.11,682.715,683.68,125343.0,1990.0,683.564484
2025-12-22 16:00:00+00:00,683.73,684.95,683.645,684.92,103668.0,1815.0,684.546756
2025-12-22 17:00:00+00:00,684.95,685.3,684.55,685.195,86517.0,1651.0,684.852316
2025-12-22 18:00:00+00:00,685.22,685.22,684.36,684.475,114616.0,1899.0,684.744007
2025-12-22 19:00:00+00:00,684.5,684.995,684.21,684.79,116761.0,2102.0,684.648813
2025-12-22 20:00:00+00:00,684.81,685.14,684.62,684.71,399681.0,5538.0,684.865122
2025-12-22 21:00:00+00:00,684.89,685.09,684.8,684.9,19174.0,28.0,684.988636
2025-12-23 13:00:00+00:00,684.61,684.61,683.82,683.82,554.0,10.0,684.425271
2025-12-23 14:00:00+00:00,683.67,686.24,683.67,685.44,74417.0,1311.0,685.377411
2025-12-23 15:00:00+00:00,685.4,686.475,684.4,686.32,135206.0,2741.0,685.338386
2025-12-23 16:00:00+00:00,686.335,686.99,686.27,686.92,81037.0,1580.0,686.59711
2025-12-23 17:00:00+00:00,686.9,687.22,686.66,686.985,100903.0,1750.0,686.99841
2025-12-23 18:00:00+00:00,686.95,687.72,686.93,687.525,89259.0,1545.0,687.493252
2025-12-23 19:00:00+00:00,687.535,687.92,687.5,687.835,111984.0,1789.0,687.808991
2025-12-23 20:00:00+00:00,687.84,688.19,687.64,687.91,294182.0,4684.0,687.911745
2025-12-23 21:00:00+00:00,687.94,688.04,687.68,687.73,23215.0,59.0,687.86003
2025-12-24 13:00:00+00:00,687.99,688.22,687.91,688.22,502.0,9.0,688.010426
2025-12-24 14:00:00+00:00,688.13,688.71,687.83,688.605,56046.0,973.0,688.330562
2025-12-24 15:00:00+00:00,688.545,689.48,688.515,689.475,97613.0,1954.0,689.058321
2025-12-24 16:00:00+00:00,689.465,690.48,689.38,690.385,92726.0,1740.0,690.016081
2025-12-24 17:00:00+00:00,690.38,690.82,690.175,690.27,261392.0,4113.0,690.451311
2025-12-24 18:00:00+00:00,690.27,690.27,690.11,690.11,260.0,3.0,690.171538
2025-12-26 14:00:00+00:00,690.555,691.615,690.345,690.785,67121.0,812.0,691.139723
2025-12-26 15:00:00+00:00,690.785,690.97,689.66,690.8,74917.0,835.0,690.442854
2025-12-26 16:00:00+00:00,690.8,690.925,689.79,689.98,63991.0,683.0,690.319203
2025-12-26 17:00:00+00:00,689.9,690.13,689.425,689.805,25092.0,627.0,689.682047
2025-12-26 18:00:00+00:00,689.79,690.265,689.34,690.22,26587.0,620.0,689.920336
2025-12-26 19:00:00+00:00,690.17,690.435,690.01,690.16,31792.0,625.0,690.197419
2025-12-26 20:00:00+00:00,690.145,690.495,690.01,690.26,180528.0,2395.0,690.269463
2025-12-26 21:00:00+00:00,690.23,690.33,690.08,690.08,4566.0,8.0,690.210795
2025-12-29 13:00:00+00:00,688.37,688.37,687.2,687.2,862.0,11.0,687.675926
2025-12-29 14:00:00+00:00,686.79,689.18,686.79,687.55,98142.0,1589.0,688.106123
2025-12-29 15:00:00+00:00,687.505,688.35,686.85,687.36,98618.0,1864.0,687.590797
2025-12-29 16:00:00+00:00,687.38,687.61,686.69,687.105,98399.0,1907.0,687.114679
2025-12-29 17:00:00+00:00,687.085,687.22,686.1,687.0,75474.0,1657.0,686.617155
2025-12-29 18:00:00+00:00,686.975,687.86,686.79,687.225,97151.0,1852.0,687.348972
2025-12-29 19:00:00+00:00,687.215,688.455,686.88,688.29,152494.0,2416.0,687.652767
2025-12-29 20:00:00+00:00,688.27,688.61,687.47,687.975,363889.0,5441.0,688.048917
2025-12-29 21:00:00+00:00,687.68,687.84,687.68,687.72,9654.0,12.0,687.7539
2025-12-30 13:00:00+00:00,687.69,687.96,687.57,687.71,1270.0,24.0,687.782573
2025-12-30 14:00:00+00:00,687.43,688.52,686.9,688.1,95706.0,1451.0,687.738921
2025-12-30 15:00:00+00:00,688.08,688.135,686.58,687.59,137782.0,2199.0,687.157085
2025-12-30 16:00:00+00:00,687.59,688.55,687.21,687.24,157344.0,2434.0,687.849067
2025-12-30 17:00:00+00:00,687.205,687.68,686.89,687.63,107049.0,1457.0,687.381858
2025-12-30 18:00:00+00:00,687.635,687.93,687.22,687.77,93442.0,1548.0,687.664806
2025-12-30 19:00:00+00:00,687.75,687.93,687.4,687.56,109419.0,1759.0,687.725076
2025-12-30 20:00:00+00:00,687.535,687.805,686.72,686.93,324343.0,4235.0,687.356141
2025-12-30 21:00:00+00:00,686.91,687.12,686.82,687.03,29638.0,39.0,686.938956
2025-12-31 13:00:00+00:00,687.54,687.54,687.54,687.54,175.0,4.0,687.54
2025-12-31 14:00:00+00:00,687.38,687.38,685.39,685.975,86702.0,1343.0,686.255355
2025-12-31 15:00:00+00:00,685.965,686.03,684.18,684.315,104327.0,1792.0,685.132421
2025-12-31 16:00:00+00:00,684.32,685.42,684.31,685.325,86369.0,1579.0,684.819156
2025-12-31 17:00:00+00:00,685.31,685.42,684.615,684.805,67516.0,1410.0,685.001681
2025-12-31 18:00:00+00:00,684.8,686.05,684.73,685.83,75456.0,1562.0,685.466342
2025-12-31 19:00:00+00:00,685.82,686.23,684.04,684.125,170471.0,2712.0,684.873593
2025-12-31 20:00:00+00:00,684.135,684.185,681.72,681.82,614749.0,8400.0,682.839546
2026-01-02 13:00:00+00:00,685.86,686.0,685.61,685.61,543.0,10.0,685.788465
2026-01-02 14:00:00+00:00,685.51,686.79,684.175,686.11,151786.0,2304.0,685.477268
2026-01-02 15:00:00+00:00,686.2,686.87,681.21,681.41,226876.0,3125.0,683.830313
2026-01-02 16:00:00+00:00,681.36,682.6,680.35,681.17,93278.0,1687.0,681.546494
2026-01-02 17:00:00+00:00,681.155,682.79,680.8,681.13,74809.0,1351.0,681.676198
2026-01-02 18:00:00+00:00,681.1,681.77,679.88,680.52,69811.0,1232.0,680.866622
2026-01-02 19:00:00+00:00,680.575,683.94,680.37,683.12,152303.0,2287.0,682.896932
2026-01-02 20:00:00+00:00,683.105,683.68,682.1,683.33,279813.0,3749.0,682.947836
2026-01-05 13:00:00+00:00,685.14,685.56,684.66,685.56,510.0,7.0,685.06
2026-01-05 14:00:00+00:00,686.06,687.865,686.01,687.05,135626.0,1832.0,687.180871
2026-01-05 15:00:00+00:00,687.075,688.81,686.66,688.32,180510.0,2707.0,687.973555
2026-01-05 16:00:00+00:00,688.31,689.43,688.02,688.9,160349.0,2616.0,688.747346
2026-01-05 17:00:00+00:00,688.98,689.125,688.21,688.595,107146.0,1945.0,688.649168
2026-01-05 18:00:00+00:00,688.63,688.77,687.67,688.545,96110.0,1652.0,688.374374
2026-01-05 19:00:00+00:00,688.575,688.71,687.29,687.63,123950.0,2207.0,688.00691
2026-01-05 20:00:00+00:00,687.61,688.235,687.165,687.73,406432.0,5375.0,687.653868
2026-01-05 21:00:00+00:00,687.75,687.75,687.41,687.72,17783.0,50.0,687.594478
2026-01-06 13:00:00+00:00,688.04,688.09,687.58,687.58,854.0,13.0,687.943704
2026-01-06 14:00:00+00:00,687.6,690.14,687.49,690.045,110741.0,1949.0,688.782658
2026-01-06 15:00:00+00:00,690.115,690.86,688.71,689.1,228756.0,3652.0,690.066727
2026-01-06 16:00:00+00:00,689.07,689.49,688.31,689.43,196659.0,3274.0,688.983658
2026-01-06 17:00:00+00:00,689.41,691.1,689.19,690.945,156683.0,2741.0,690.453945
2026-01-06 18:00:00+00:00,690.97,691.71,690.565,691.71,153445.0,2819.0,691.167658
2026-01-06 19:00:00+00:00,691.72,692.16,691.67,691.87,193753.0,3737.0,691.961848
2026-01-06 20:00:00+00:00,691.855,692.3,691.81,691.81,429057.0,6986.0,692.073212
2026-01-06 21:00:00+00:00,691.96,692.08,691.85,692.07,43687.0,97.0,691.946698
2026-01-07 13:00:00+00:00,691.59,692.28,691.38,692.22,1412.0,23.0,691.765185
2026-01-07 14:00:00+00:00,691.86,693.07,691.74,692.55,96085.0,1726.0,692.481638
2026-01-07 15:00:00+00:00,692.61,692.7,691.0,692.495,205546.0,3335.0,691.871137
2026-01-07 16:00:00+00:00,692.48,693.555,691.935,693.505,184597.0,2894.0,692.743778
2026-01-07 17:00:00+00:00,693.52,693.95,692.86,692.995,125086.0,2217.0,693.506525
2026-01-07 18:00:00+00:00,692.98,693.125,692.07,692.81,132391.0,2106.0,692.601969
2026-01-07 19:00:00+00:00,692.785,692.89,691.49,691.745,159910.0,2556.0,691.990243
2026-01-07 20:00:00+00:00,691.74,691.81,689.35,689.64,537094.0,7159.0,690.022293
2026-01-07 21:00:00+00:00,689.6,689.67,689.22,689.67,30255.0,66.0,689.333999
2026-01-08 13:00:00+00:00,688.25,689.25,688.25,689.22,1992.0,22.0,689.055025
2026-01-08 14:00:00+00:00,689.17,689.275,687.495,688.23,157830.0,2143.0,688.606704
2026-01-08 15:00:00+00:00,688.21,690.015,687.86,689.82,265279.0,4041.0,689.250441
2026-01-08 16:00:00+00:00,689.86,690.08,688.44,689.9,192656.0,2915.0,689.416669
2026-01-08 17:00:00+00:00,689.905,690.59,689.13,690.06,153868.0,2623.0,689.897247
2026-01-08 18:00:00+00:00,690.01,690.19,688.77,688.9,163594.0,2568.0,689.393956
2026-01-08 19:00:00+00:00,688.86,689.32,688.28,688.87,161898.0,2848.0,688.897337
2026-01-08 20:00:00+00:00,688.82,690.04,688.74,689.44,404581.0,5083.0,689.505264
2026-01-08 21:00:00+00:00,689.52,690.89,689.52,690.62,30081.0,51.0,689.837915
2026-01-09 13:00:00+00:00,690.75,692.4,690.75,692.15,1740.0,27.0,691.210172
2026-01-09 14:00:00+00:00,692.16,692.255,690.47,691.51,103059.0,1551.0,691.31884
2026-01-09 15:00:00+00:00,691.58,693.45,689.21,691.94,275020.0,4102.0,691.806112
2026-01-09 16:00:00+00:00,691.96,694.03,691.96,693.88,226413.0,3425.0,693.247885
2026-01-09 17:00:00+00:00,693.9,694.5,693.725,693.96,178709.0,2977.0,694.142383
2026-01-09 18:00:00+00:00,693.95,694.88,693.36,694.57,153673.0,2482.0,694.183618
2026-01-09 19:00:00+00:00,694.545,695.22,694.37,694.89,170953.0,3047.0,694.780407
2026-01-09 20:00:00+00:00,694.84,695.295,693.91,694.005,439762.0,6121.0,694.707306
2026-01-09 21:00:00+00:00,694.1,694.1,693.83,694.07,69688.0,191.0,693.944489
2026-01-12 13:00:00+00:00,690.55,690.58,690.23,690.45,790.0,9.0,690.477595
2026-01-12 14:00:00+00:00,690.36,693.89,690.29,693.665,154076.0,2481.0,692.708367
2026-01-12 15:00:00+00:00,693.68,694.06,692.97,693.915,224469.0,4125.0,693.368206
2026-01-12 16:00:00+00:00,693.91,694.85,693.69,694.56,152837.0,2796.0,694.328201
2026-01-12 17:00:00+00:00,694.545,694.835,694.13,694.65,124079.0,2135.0,694.521061
2026-01-12 18:00:00+00:00,694.67,695.38,694.61,695.22,136424.0,2539.0,695.073775
2026-01-12 19:00:00+00:00,695.205,696.02,694.96,695.95,176995.0,2985.0,695.469331
2026-01-12 20:00:00+00:00,695.935,696.07,695.17,695.185,378834.0,5466.0,695.431515
2026-01-12 21:00:00+00:00,695.15,695.4,695.08,695.4,30403.0,83.0,695.196193
2026-01-13 13:00:00+00:00,694.37,697.28,694.37,695.49,3285.0,36.0,696.323985
2026-01-13 14:00:00+00:00,695.84,696.21,694.27,694.27,137953.0,2181.0,695.223841
2026-01-13 15:00:00+00:00,694.16,694.44,692.13,693.76,218836.0,3231.0,693.205977
2026-01-13 16:00:00+00:00,693.74,695.17,692.42,694.915,173572.0,2607.0,694.173361
2026-01-13 17:00:00+00:00,694.87,695.105,692.56,692.975,145674.0,2569.0,694.120983
2026-01-13 18:00:00+00:00,692.91,693.64,692.45,692.81,122036.0,2062.0,692.985404
2026-01-13 19:00:00+00:00,692.885,693.2,692.245,692.89,157090.0,2714.0,692.768583
2026-01-13 20:00:00+00:00,692.84,693.955,691.4,693.71,533081.0,6642.0,692.717835
2026-01-13 21:00:00+00:00,694.04,694.04,693.5,693.5,24722.0,61.0,693.79454
2026-01-14 13:00:00+00:00,691.35,691.4,690.86,690.86,951.0,13.0,691.171579
2026-01-14 14:00:00+00:00,690.78,691.68,688.66,688.66,112177.0,1530.0,690.16265
2026-01-14 15:00:00+00:00,688.24,690.82,686.51,687.165,296608.0,4212.0,688.318167
2026-01-14 16:00:00+00:00,687.18,689.41,686.17,686.59,174061.0,2773.0,687.705383
2026-01-14 17:00:00+00:00,686.55,687.45,686.215,686.71,124690.0,2173.0,686.821636
2026-01-14 18:00:00+00:00,686.57,688.24,686.27,688.125,134478.0,2493.0,687.257808
2026-01-14 19:00:00+00:00,688.05,688.57,687.63,688.055,183168.0,3365.0,688.076782
2026-01-14 20:00:00+00:00,688.05,690.62,687.35,690.62,596097.0,7931.0,689.51014
2026-01-14 21:00:00+00:00,690.1,690.1,688.41,688.41,615.0,19.0,689.244444
2026-01-15 13:00:00+00:00,692.8,693.86,692.75,693.7,1339.0,22.0,693.22603
2026-01-15 14:00:00+00:00,693.9,694.675,693.19,693.66,194022.0,2426.0,694.069704
2026-01-15 15:00:00+00:00,693.545,694.89,692.99,694.455,235446.0,4254.0,693.991908
2026-01-15 16:00:00+00:00,694.43,695.34,694.35,695.04,189040.0,3655.0,694.843996
2026-01-15 17:00:00+00:00,695.01,695.44,693.91,693.975,171953.0,3583.0,694.7755
2026-01-15 18:00:00+00:00,693.91,695.25,693.91,694.72,172808.0,3674.0,694.677022
2026-01-15 19:00:00+00:00,694.69,694.69,692.585,692.79,234240.0,5049.0,693.622455
2026-01-15 20:00:00+00:00,692.65,693.02,691.28,692.18,559457.0,8632.0,691.878591
2026-01-15 21:00:00+00:00,692.2,692.2,692.01,692.01,4951.0,8.0,692.089695
2026-01-16 13:00:00+00:00,693.21,693.21,693.21,693.21,50.0,1.0,693.21
2026-01-16 14:00:00+00:00,693.36,694.23,691.97,692.015,100754.0,1360.0,693.369245
2026-01-16 15:00:00+00:00,691.87,692.8,690.13,691.855,214937.0,3307.0,691.530128
2026-01-16 16:00:00+00:00,691.85,693.46,691.575,692.63,134350.0,2260.0,692.54572
2026-01-16 17:00:00+00:00,692.625,692.945,691.92,691.92,81554.0,1651.0,692.53685
2026-01-16 18:00:00+00:00,691.94,693.25,691.85,692.655,82344.0,1532.0,692.825997
2026-01-16 19:00:00+00:00,692.635,693.7,692.0,692.68,178820.0,3273.0,692.743924
2026-01-16 20:00:00+00:00,692.62,692.86,691.47,691.58,475027.0,6154.0,692.125229
2026-01-20 13:00:00+00:00,682.41,682.69,680.61,681.03,3100.0,42.0,681.9419
2026-01-20 14:00:00+00:00,681.0,683.265,680.94,682.2,135751.0,2532.0,682.331541
2026-01-20 15:00:00+00:00,682.0,684.74,680.925,683.81,135019.0,2138.0,682.77395
2026-01-20 16:00:00+00:00,683.875,684.5,682.36,683.72,82666.0,1495.0,683.536185
2026-01-20 17:00:00+00:00,683.63,683.86,680.49,681.08,72492.0,1437.0,681.993321
2026-01-20 18:00:00+00:00,680.94,681.465,678.035,678.73,99686.0,2050.0,679.890158
2026-01-20 19:00:00+00:00,678.835,679.27,677.3,677.885,151081.0,2402.0,678.038761
2026-01-20 20:00:00+00:00,677.73,678.13,676.58,677.66,441587.0,6135.0,677.212235
2026-01-20 21:00:00+00:00,677.91,678.0,677.91,678.0,238.0,4.0,677.962185
2026-01-21 13:00:00+00:00,676.82,677.25,676.22,677.25,1530.0,19.0,676.883856
2026-01-21 14:00:00+00:00,676.71,682.665,676.71,682.485,204627.0,3270.0,680.578734
2026-01-21 15:00:00+00:00,682.59,685.13,681.72,684.77,188182.0,4024.0,683.498121
2026-01-21 16:00:00+00:00,684.765,684.82,679.94,680.05,268181.0,6020.0,682.662728
2026-01-21 17:00:00+00:00,680.03,680.95,678.165,680.61,255752.0,5821.0,679.614428
2026-01-21 18:00:00+00:00,680.57,681.43,678.65,680.98,172042.0,4145.0,680.12133
2026-01-21 19:00:00+00:00,680.97,688.69,679.88,688.43,431187.0,7926.0,685.574919
2026-01-21 20:00:00+00:00,688.48,688.725,684.64,685.34,693401.0,12761.0,685.963005
2026-01-22 13:00:00+00:00,689.23,689.82,688.81,689.82,1535.0,18.0,689.257143
2026-01-22 14:00:00+00:00,690.03,690.63,687.395,687.915,160557.0,2750.0,689.295922
2026-01-22 15:00:00+00:00,687.72,689.48,686.94,688.61,134598.0,2567.0,688.237211
2026-01-22 16:00:00+00:00,688.6,690.47,688.6,689.725,146321.0,2351.0,689.607624
2026-01-22 17:00:00+00:00,689.595,691.075,689.465,690.97,88593.0,1941.0,690.461923
2026-01-22 18:00:00+00:00,690.955,691.08,689.84,690.01,72728.0,1695.0,690.597868
2026-01-22 19:00:00+00:00,690.035,690.94,688.76,688.775,135082.0,2388.0,690.185646
2026-01-22 20:00:00+00:00,688.7,689.49,687.6,688.96,238727.0,4552.0,688.596134
2026-01-22 21:00:00+00:00,689.16,689.16,688.65,688.65,780.0,2.0,689.133846
2026-01-23 13:00:00+00:00,688.56,688.58,687.35,687.46,620.0,9.0,688.209
2026-01-23 14:00:00+00:00,687.69,688.78,687.18,688.77,106728.0,1596.0,687.936768
2026-01-23 15:00:00+00:00,688.925,690.69,688.31,690.49,176210.0,2776.0,689.776191
2026-01-23 16:00:00+00:00,690.52,690.955,689.42,689.78,135178.0,2356.0,690.393923
2026-01-23 17:00:00+00:00,689.7,690.3,687.77,687.965,159025.0,2507.0,689.274534
2026-01-23 18:00:00+00:00,687.955,689.26,687.9,688.97,122005.0,2011.0,688.725281
2026-01-23 19:00:00+00:00,688.93,690.17,688.93,689.54,142585.0,2464.0,689.554961
2026-01-23 20:00:00+00:00,689.58,689.6,688.54,689.2,236106.0,4289.0,689.133717
2026-01-23 21:00:00+00:00,688.76,688.76,688.44,688.45,26979.0,44.0,688.644155
2026-01-26 13:00:00+00:00,689.1,689.1,689.1,689.1,40.0,1.0,689.1
2026-01-26 14:00:00+00:00,690.485,692.63,689.95,692.27,173504.0,2569.0,691.714711
2026-01-26 15:00:00+00:00,692.22,693.39,691.76,692.975,183984.0,2951.0,692.789743
2026-01-26 16:00:00+00:00,693.015,693.35,692.235,693.09,108814.0,1907.0,692.892588
2026-01-26 17:00:00+00:00,693.05,693.695,693.04,693.235,85190.0,1567.0,693.450603
2026-01-26 18:00:00+00:00,693.22,694.12,692.92,693.585,71343.0,1425.0,693.469138
2026-01-26 19:00:00+00:00,693.57,693.975,693.48,693.6,142532.0,2665.0,693.73542
2026-01-26 20:00:00+00:00,693.56,693.83,692.65,692.755,466977.0,6047.0,693.242515
2026-01-26 21:00:00+00:00,692.67,692.82,692.55,692.82,2713.0,28.0,692.686131
2026-01-27 13:00:00+00:00,694.58,694.58,694.52,694.52,310.0,3.0,694.553871
2026-01-27 14:00:00+00:00,694.2,695.47,693.58,695.17,123301.0,1688.0,694.424488
2026-01-27 15:00:00+00:00,695.17,696.13,694.53,696.0,178286.0,2821.0,695.34909
2026-01-27 16:00:00+00:00,696.0,696.515,695.995,696.06,164087.0,2763.0,696.262632
2026-01-27 17:00:00+00:00,696.01,696.135,695.39,695.43,129116.0,2197.0,695.778043
2026-01-27 18:00:00+00:00,695.44,696.21,694.94,696.03,114540.0,2430.0,695.703457
2026-01-27 19:00:00+00:00,696.01,696.35,695.76,696.105,100686.0,2163.0,696.071745
2026-01-27 20:00:00+00:00,696.035,696.4,695.4,695.53,475569.0,5971.0,695.832358
2026-01-27 21:00:00+00:00,695.49,695.79,695.34,695.79,12377.0,18.0,695.40784
2026-01-28 13:00:00+00:00,696.74,696.95,696.73,696.95,198.0,4.0,696.805056
2026-01-28 14:00:00+00:00,696.68,697.825,696.68,697.1,124730.0,1640.0,697.376547
2026-01-28 15:00:00+00:00,697.11,697.27,695.575,695.61,148136.0,2171.0,696.542568
2026-01-28 16:00:00+00:00,695.59,696.31,694.51,694.72,123432.0,1913.0,695.310025
2026-01-28 17:00:00+00:00,694.73,695.665,694.54,694.82,85353.0,1696.0,695.041947
2026-01-28 18:00:00+00:00,694.84,695.41,694.58,695.17,61973.0,1535.0,695.074254
2026-01-28 19:00:00+00:00,695.14,696.04,694.16,694.89,132345.0,2199.0,695.06908
2026-01-28 20:00:00+00:00,694.9,696.26,694.79,695.39,237189.0,3936.0,695.666156
2026-01-28 21:00:00+00:00,693.45,696.81,693.41,696.48,1955.0,36.0,696.081767
2026-01-29 13:00:00+00:00,696.62,696.76,696.62,696.75,720.0,10.0,696.704632
2026-01-29 14:00:00+00:00,696.19,697.06,691.48,691.495,146209.0,1861.0,694.270833
2026-01-29 15:00:00+00:00,691.535,691.58,685.24,686.03,245833.0,3426.0,688.37663
2026-01-29 16:00:00+00:00,686.04,689.0,684.85,688.69,212918.0,3041.0,687.641594
2026-01-29 17:00:00+00:00,688.77,691.64,688.725,688.725,178915.0,2447.0,690.3102
2026-01-29 18:00:00+00:00,689.03,691.8,688.79,690.66,123470.0,1621.0,690.755245
2026-01-29 19:00:00+00:00,690.56,692.21,690.25,691.12,170888.0,2291.0,691.598941
2026-01-29 20:00:00+00:00,691.15,694.78,691.11,693.965,365586.0,4859.0,693.081039
2026-01-29 21:00:00+00:00,694.11,694.89,693.72,694.17,3565.0,32.0,693.929445
2026-01-30 13:00:00+00:00,691.96,692.12,690.24,690.86,2092.0,33.0,691.421503
2026-01-30 14:00:00+00:00,691.29,693.63,691.25,691.695,126114.0,1638.0,692.677169
2026-01-30 15:00:00+00:00,691.74,694.17,690.905,692.16,146351.0,2046.0,692.960561
2026-01-30 16:00:00+00:00,692.1,692.69,690.3,690.61,107970.0,1777.0,691.394636
2026-01-30 17:00:00+00:00,690.68,691.5,688.73,689.22,120070.0,1825.0,690.001573
2026-01-30 18:00:00+00:00,689.09,692.06,687.17,691.39,141017.0,2299.0,689.183951
2026-01-30 19:00:00+00:00,691.36,692.69,690.46,690.545,200400.0,3010.0,691.817712
2026-01-30 20:00:00+00:00,690.665,692.8,689.3,691.8,544712.0,7134.0,691.347347
2026-01-30 21:00:00+00:00,691.56,691.56,691.0,691.44,2246.0,28.0,691.442275
2026-02-02 13:00:00+00:00,688.64,689.68,688.29,689.58,1242.0,20.0,689.180044
2026-02-02 14:00:00+00:00,689.75,693.835,689.445,692.69,157092.0,2052.0,692.188383
2026-02-02 15:00:00+00:00,692.57,695.74,692.45,694.72,311751.0,4433.0,694.741378
2026-02-02 16:00:00+00:00,694.74,695.86,693.93,695.75,177422.0,2812.0,695.097687
2026-02-02 17:00:00+00:00,695.715,696.93,695.64,696.39,156812.0,2463.0,696.286887
2026-02-02 18:00:00+00:00,696.43,696.75,695.695,696.515,152467.0,2813.0,696.308995
2026-02-02 19:00:00+00:00,696.475,696.875,695.38,695.52,196284.0,3317.0,696.517103
2026-02-02 20:00:00+00:00,695.52,696.46,695.05,695.39,647801.0,8517.0,695.690212
2026-02-02 21:00:00+00:00,695.41,695.75,694.97,695.51,4073.0,13.0,695.110063
2026-02-03 13:00:00+00:00,697.17,697.26,696.86,696.86,1091.0,15.0,696.994678
2026-02-03 14:00:00+00:00,696.72,696.945,693.45,693.48,122889.0,1916.0,695.398003
2026-02-03 15:00:00+00:00,693.405,693.68,690.8,693.11,241877.0,3728.0,692.401472
2026-02-03 16:00:00+00:00,693.17,693.18,690.325,690.61,173643.0,2650.0,691.287662
2026-02-03 17:00:00+00:00,690.64,690.73,687.43,687.71,273964.0,3866.0,688.876198
2026-02-03 18:00:00+00:00,687.745,688.55,684.86,684.87,243505.0,3631.0,686.469867
2026-02-03 19:00:00+00:00,684.83,687.19,684.035,686.89,297485.0,4238.0,685.855016
2026-02-03 20:00:00+00:00,686.75,689.74,686.28,689.435,468317.0,6741.0,688.533398
2026-02-03 21:00:00+00:00,689.46,689.85,689.02,689.2,3464.0,18.0,689.09168
2026-02-04 13:00:00+00:00,690.12,690.81,690.12,690.26,440.0,7.0,690.5155
2026-02-04 14:00:00+00:00,689.96,691.4,687.85,688.1,148178.0,2349.0,689.919369
2026-02-04 15:00:00+00:00,687.97,690.77,686.54,688.59,246896.0,3644.0,688.649304
2026-02-04 16:00:00+00:00,688.53,688.895,684.39,686.59,181107.0,3268.0,686.600006
2026-02-04 17:00:00+00:00,686.51,687.07,681.78,683.585,217047.0,3427.0,683.878275
2026-02-04 18:00:00+00:00,683.63,685.51,682.365,684.63,230269.0,3212.0,683.733215
2026-02-04 19:00:00+00:00,684.63,688.405,683.42,688.215,265032.0,4127.0,686.077589
2026-02-04 20:00:00+00:00,688.24,688.45,685.65,686.1,542770.0,7045.0,687.172531
2026-02-04 21:00:00+00:00,685.26,689.43,685.26,689.16,2481.0,43.0,687.553521
2026-02-05 13:00:00+00:00,683.22,683.37,681.2,681.82,1168.0,18.0,682.408947
2026-02-05 14:00:00+00:00,680.92,683.64,678.79,680.68,251774.0,2952.0,681.450968
2026-02-05 15:00:00+00:00,680.59,681.3,675.97,677.34,289286.0,3761.0,677.907882
2026-02-05 16:00:00+00:00,677.15,681.535,675.81,681.26,195382.0,2616.0,679.128255
2026-02-05 17:00:00+00:00,681.25,682.6,679.0,680.495,161343.0,2266.0,680.736287
2026-02-05 18:00:00+00:00,680.41,681.3,677.75,678.33,128340.0,2084.0,679.295406
2026-02-05 19:00:00+00:00,678.14,681.46,678.03,679.06,123751.0,1927.0,679.622467
2026-02-05 20:00:00+00:00,679.08,680.86,676.2,677.44,402374.0,5589.0,677.684459
2026-02-05 21:00:00+00:00,676.82,677.45,674.28,674.55,3181.0,55.0,675.511297
2026-02-06 13:00:00+00:00,680.72,681.55,680.71,681.55,740.0,8.0,681.07973
2026-02-06 14:00:00+00:00,681.66,686.49,681.14,684.855,233073.0,3097.0,684.63886
2026-02-06 15:00:00+00:00,684.82,687.01,683.2,685.8,212293.0,3199.0,685.161298
2026-02-06 16:00:00+00:00,685.7,688.01,685.55,687.47,202758.0,3505.0,687.248342
2026-02-06 17:00:00+00:00,687.41,689.48,687.2,688.94,190813.0,3178.0,688.436713
2026-02-06 18:00:00+00:00,688.965,689.63,688.61,689.03,166850.0,3167.0,689.199351
2026-02-06 19:00:00+00:00,689.05,689.745,688.755,689.345,196197.0,3564.0,689.242725
2026-02-06 20:00:00+00:00,689.27,692.29,689.13,690.72,597354.0,9450.0,690.654784
2026-02-06 21:00:00+00:00,690.95,690.95,690.15,690.15,846.0,20.0,690.329442
2026-02-09 13:00:00+00:00,690.76,691.2,689.73,689.73,1126.0,13.0,690.365175
2026-02-09 14:00:00+00:00,689.22,691.62,688.39,690.515,96040.0,1461.0,690.459676
2026-02-09 15:00:00+00:00,690.335,694.44,690.275,694.24,166045.0,2655.0,692.849588
2026-02-09 16:00:00+00:00,694.255,695.58,694.065,695.395,153520.0,2530.0,694.710443
2026-02-09 17:00:00+00:00,695.375,695.655,694.495,694.57,92961.0,2095.0,695.201467
2026-02-09 18:00:00+00:00,694.58,695.18,693.6,694.69,93664.0,2037.0,694.652442
2026-02-09 19:00:00+00:00,694.68,695.855,694.52,695.42,113964.0,2330.0,695.377762
2026-02-09 20:00:00+00:00,695.425,695.69,693.89,694.0,321551.0,5282.0,694.632239
2026-02-09 21:00:00+00:00,694.17,694.17,694.17,694.17,234.0,5.0,694.17
2026-02-10 13:00:00+00:00,693.32,694.19,693.32,693.98,765.0,8.0,693.917974
2026-02-10 14:00:00+00:00,694.48,696.12,693.465,695.76,82989.0,1530.0,694.831914
2026-02-10 15:00:00+00:00,695.77,696.53,694.83,695.4,113894.0,1957.0,695.770496
2026-02-10 16:00:00+00:00,695.38,695.545,694.1,694.79,106729.0,1847.0,694.838223
2026-02-10 17:00:00+00:00,694.78,695.79,694.225,695.435,68763.0,1576.0,695.294154
2026-02-10 18:00:00+00:00,695.355,695.38,692.88,693.67,128048.0,2115.0,693.737727
2026-02-10 19:00:00+00:00,693.71,694.12,693.185,693.76,103348.0,1901.0,693.664078
2026-02-10 20:00:00+00:00,693.7,693.96,691.66,692.11,482361.0,6152.0,692.576979
2026-02-11 13:00:00+00:00,692.94,696.37,692.94,696.37,2335.0,35.0,695.333871
2026-02-11 14:00:00+00:00,696.24,697.08,693.835,694.105,93430.0,1155.0,695.732776
2026-02-11 15:00:00+00:00,694.15,694.66,689.22,692.26,182734.0,2691.0,691.357491
2026-02-11 16:00:00+00:00,692.355,693.44,691.47,692.03,99605.0,1674.0,692.56411
2026-02-11 17:00:00+00:00,692.015,693.98,691.4,692.775,120121.0,2068.0,692.957007
2026-02-11 18:00:00+00:00,692.75,692.99,691.44,692.72,166978.0,2703.0,692.320792
2026-02-11 19:00:00+00:00,692.74,693.91,692.13,693.0,85966.0,1440.0,693.250131
2026-02-11 20:00:00+00:00,692.865,693.09,691.77,691.81,303604.0,5301.0,692.456642
2026-02-12 13:00:00+00:00,693.73,695.16,693.65,694.8,1620.0,19.0,694.336605
2026-02-12 14:00:00+00:00,694.5,695.34,692.34,692.66,110575.0,1476.0,694.069771
2026-02-12 15:00:00+00:00,692.77,693.7,688.595,688.675,157101.0,2321.0,691.207462
2026-02-12 16:00:00+00:00,688.71,688.77,683.555,684.545,291793.0,3676.0,685.757618
2026-02-12 17:00:00+00:00,684.48,685.57,682.98,683.06,130824.0,2341.0,684.32736
2026-02-12 18:00:00+00:00,682.82,685.325,682.25,684.69,173081.0,2916.0,683.816612
2026-02-12 19:00:00+00:00,684.855,685.96,683.645,685.12,188536.0,3155.0,684.976796
2026-02-12 20:00:00+00:00,685.36,685.49,680.4,681.19,501884.0,7438.0,682.175957
2026-02-12 21:00:00+00:00,680.94,680.95,680.94,680.95,2360.0,4.0,680.940169
2026-02-13 13:00:00+00:00,680.42,682.69,678.84,682.35,2512.0,34.0,681.422384
2026-02-13 14:00:00+00:00,681.54,682.745,677.53,679.8,216389.0,2961.0,680.81023
2026-02-13 15:00:00+00:00,679.885,684.57,679.885,682.51,287100.0,4721.0,682.220335
2026-02-13 16:00:00+00:00,682.53,685.49,681.865,684.81,198746.0,3134.0,683.880618
2026-02-13 17:00:00+00:00,684.78,686.24,684.49,685.11,203602.0,3230.0,685.553683
2026-02-13 18:00:00+00:00,685.12,686.26,684.13,684.65,188775.0,3844.0,685.189357
2026-02-13 19:00:00+00:00,684.725,685.34,682.28,682.41,240266.0,3997.0,684.175157
2026-02-13 20:00:00+00:00,682.48,683.25,679.83,681.61,556368.0,8245.0,681.2564
2026-02-17 13:00:00+00:00,678.34,679.87,677.3,679.68,1340.0,19.0,678.991493
2026-02-17 14:00:00+00:00,679.4,682.77,676.51,676.62,109204.0,1552.0,679.351227
2026-02-17 15:00:00+00:00,676.42,679.745,675.79,678.6,166146.0,2525.0,677.675717
2026-02-17 16:00:00+00:00,678.6,683.2,678.52,682.47,174727.0,2422.0,681.83413
2026-02-17 17:00:00+00:00,682.44,682.48,679.19,681.03,65415.0,986.0,680.917326
2026-02-17 18:00:00+00:00,681.02,684.71,679.88,684.08,99943.0,1300.0,682.418325
2026-02-17 19:00:00+00:00,684.06,684.92,683.44,683.54,102601.0,1546.0,684.176133
2026-02-17 20:00:00+00:00,683.57,684.09,681.94,682.76,243129.0,4032.0,682.683794
2026-02-17 21:00:00+00:00,682.58,682.58,682.58,682.58,269.0,5.0,682.58
2026-02-18 13:00:00+00:00,685.41,685.5,683.83,683.83,720.0,9.0,685.333472
2026-02-18 14:00:00+00:00,683.84,686.345,682.87,686.09,137685.0,1895.0,684.523905
2026-02-18 15:00:00+00:00,686.205,688.71,686.11,688.515,257558.0,3720.0,687.829758
2026-02-18 16:00:00+00:00,688.51,688.96,687.52,687.55,158149.0,3033.0,688.307199
2026-02-18 17:00:00+00:00,687.56,688.885,687.38,688.5,127806.0,2355.0,688.279345
2026-02-18 18:00:00+00:00,688.52,689.14,686.09,686.965,176701.0,3202.0,687.57745
2026-02-18 19:00:00+00:00,686.92,687.38,684.07,684.6,251637.0,4151.0,685.829024
2026-02-18 20:00:00+00:00,684.62,687.17,683.92,686.19,546641.0,8177.0,685.828009
2026-02-19 13:00:00+00:00,684.08,684.35,683.2,683.94,1339.0,19.0,683.893757
2026-02-19 14:00:00+00:00,683.68,685.82,682.48,684.96,109287.0,1769.0,684.143648
2026-02-19 15:00:00+00:00,684.9,686.135,683.79,685.35,162886.0,2569.0,684.931954
2026-02-19 16:00:00+00:00,685.32,685.77,682.76,683.68,211863.0,3572.0,684.322496
2026-02-19 17:00:00+00:00,683.55,684.78,682.17,682.42,175958.0,3387.0,683.398127
2026-02-19 18:00:00+00:00,682.42,683.8,681.59,683.74,158555.0,3008.0,682.651904
2026-02-19 19:00:00+00:00,683.73,684.04,681.915,682.57,193507.0,3626.0,683.068866
2026-02-19 20:00:00+00:00,682.555,684.56,682.54,684.505,391311.0,6280.0,683.531577
2026-02-20 13:00:00+00:00,684.54,684.54,682.28,682.53,830.0,12.0,683.336875
2026-02-20 14:00:00+00:00,683.17,685.35,681.865,684.79,104941.0,1603.0,684.094557
2026-02-20 15:00:00+00:00,684.89,689.32,684.24,688.82,328902.0,4558.0,687.122285
2026-02-20 16:00:00+00:00,688.81,689.18,685.94,688.57,167467.0,2953.0,688.180268
2026-02-20 17:00:00+00:00,688.61,688.81,684.1,687.51,150872.0,2926.0,686.353235
2026-02-20 18:00:00+00:00,687.49,690.06,685.75,689.27,177835.0,2920.0,688.068084
2026-02-20 19:00:00+00:00,689.27,689.74,687.82,688.07,104370.0,1908.0,688.636094
2026-02-20 20:00:00+00:00,688.04,689.49,688.03,689.44,283927.0,5078.0,688.89772
2026-02-20 21:00:00+00:00,689.44,689.46,689.21,689.29,5541.0,11.0,689.289403
2026-02-23 13:00:00+00:00,686.43,687.06,686.43,687.06,340.0,7.0,686.774444
2026-02-23 14:00:00+00:00,687.805,690.0,686.33,686.52,105339.0,1746.0,688.285598
2026-02-23 15:00:00+00:00,686.47,687.17,682.19,682.31,183991.0,2951.0,684.23011
2026-02-23 16:00:00+00:00,682.24,683.06,680.385,681.95,192915.0,3072.0,681.904156
2026-02-23 17:00:00+00:00,681.96,682.42,680.6,681.95,131295.0,2478.0,681.642994
2026-02-23 18:00:00+00:00,681.98,683.9,681.88,682.04,156885.0,2959.0,683.053121
2026-02-23 19:00:00+00:00,682.07,682.27,680.54,681.05,213618.0,3802.0,681.458301
2026-02-23 20:00:00+00:00,681.0,682.43,680.66,682.39,563484.0,6933.0,681.42463
2026-02-23 21:00:00+00:00,682.76,682.77,682.62,682.67,675.0,16.0,682.672
2026-02-24 13:00:00+00:00,682.4,683.58,682.14,683.58,2308.0,38.0,682.769811
2026-02-24 14:00:00+00:00,682.95,685.41,680.0,683.21,123984.0,1594.0,683.008511
2026-02-24 15:00:00+00:00,683.125,686.51,682.07,685.39,196885.0,3053.0,684.973807
2026-02-24 16:00:00+00:00,685.36,686.86,685.18,686.47,119571.0,1898.0,685.959821
2026-02-24 17:00:00+00:00,686.5,687.77,686.41,687.4,114579.0,2255.0,687.247432
2026-02-24 18:00:00+00:00,687.43,688.09,686.905,687.45,130024.0,2409.0,687.528552
2026-02-24 19:00:00+00:00,687.5,687.65,686.66,687.14,126137.0,2758.0,687.162874
2026-02-24 20:00:00+00:00,687.1,688.325,686.46,687.37,457362.0,6598.0,687.344164
2026-02-24 21:00:00+00:00,687.45,687.5,687.03,687.03,16336.0,38.0,687.381769
2026-02-25 13:00:00+00:00,689.74,689.99,689.48,689.99,2284.0,28.0,689.749987
2026-02-25 14:00:00+00:00,690.09,691.94,689.87,691.39,60986.0,1038.0,691.130399
2026-02-25 15:00:00+00:00,691.37,691.48,690.2,690.83,89790.0,1456.0,690.639368
2026-02-25 16:00:00+00:00,690.83,692.34,690.73,692.07,71816.0,1099.0,691.461336
2026-02-25 17:00:00+00:00,692.02,692.57,691.83,692.55,40362.0,800.0,692.214795
2026-02-25 18:00:00+00:00,692.54,692.66,692.22,692.51,17300.0,437.0,692.431788
2026-02-25 19:00:00+00:00,692.59,693.32,692.59,693.08,50712.0,647.0,693.039391
2026-02-25 20:00:00+00:00,693.08,693.66,692.75,693.1,370410.0,4174.0,693.217521
2026-02-25 21:00:00+00:00,693.1,695.07,693.03,694.49,7060.0,23.0,693.303839
2026-02-26 13:00:00+00:00,693.6,693.98,693.6,693.83,1110.0,17.0,693.822917
2026-02-26 14:00:00+00:00,693.8,693.81,690.48,690.68,111967.0,1630.0,691.661793
2026-02-26 15:00:00+00:00,690.7,690.9,684.37,687.65,240407.0,3682.0,687.081341
2026-02-26 16:00:00+00:00,687.685,689.07,686.085,686.22,132239.0,2239.0,687.849964
2026-02-26 17:00:00+00:00,686.24,687.07,685.03,685.59,85368.0,1564.0,686.145175
2026-02-26 18:00:00+00:00,685.48,688.11,684.77,687.41,113385.0,1868.0,686.179548
2026-02-26 19:00:00+00:00,687.31,689.65,687.17,689.03,117529.0,1980.0,688.858293
2026-02-26 20:00:00+00:00,688.995,689.77,688.63,689.32,276200.0,4575.0,689.048971
2026-02-26 21:00:00+00:00,689.24,689.24,688.86,688.86,160.0,4.0,688.976923
2026-02-27 13:00:00+00:00,685.42,685.53,682.75,683.76,4990.0,73.0,683.898434
2026-02-27 14:00:00+00:00,683.52,684.13,681.66,682.92,207988.0,2856.0,683.12487
2026-02-27 15:00:00+00:00,682.81,686.03,682.69,685.26,352201.0,5597.0,684.694605
2026-02-27 16:00:00+00:00,685.24,686.28,684.58,684.84,233233.0,3817.0,685.476518
2026-02-27 17:00:00+00:00,684.85,686.25,683.29,684.37,217959.0,3716.0,684.487635
2026-02-27 18:00:00+00:00,684.37,684.68,683.07,683.96,163653.0,2846.0,683.769251
2026-02-27 19:00:00+00:00,683.95,684.98,683.0,683.38,296883.0,4489.0,683.757308
2026-02-27 20:00:00+00:00,683.33,686.85,683.33,686.16,1157197.0,15410.0,685.307604
2026-02-27 21:00:00+00:00,685.71,686.1,684.98,684.98,5900.0,74.0,685.992068
2026-03-02 13:00:00+00:00,678.64,680.62,678.24,678.24,2763.0,36.0,679.413366
2026-03-02 14:00:00+00:00,678.21,683.31,678.03,683.0,255784.0,3676.0,681.645924
2026-03-02 15:00:00+00:00,682.84,685.35,682.0,684.19,318353.0,4541.0,684.124554
2026-03-02 16:00:00+00:00,684.22,686.965,682.92,686.27,247554.0,3720.0,685.105015
2026-03-02 17:00:00+00:00,686.25,687.3,685.72,687.22,179649.0,3060.0,686.585417
2026-03-02 18:00:00+00:00,687.22,687.42,685.24,685.3,179128.0,3424.0,686.401916
2026-03-02 19:00:00+00:00,685.27,688.59,685.2,688.2,300270.0,5313.0,687.587225
2026-03-02 20:00:00+00:00,688.18,688.32,684.94,686.35,747840.0,10351.0,686.417553
2026-03-02 21:00:00+00:00,686.27,686.28,685.5,685.95,1060.0,18.0,685.895381
2026-03-03 13:00:00+00:00,676.79,677.01,673.76,674.35,6732.0,64.0,674.975361
2026-03-03 14:00:00+00:00,674.43,677.05,671.97,672.4,458461.0,5118.0,674.360869
2026-03-03 15:00:00+00:00,672.34,673.82,669.675,671.99,730652.0,9357.0,671.502686
2026-03-03 16:00:00+00:00,671.95,678.425,671.76,677.52,527052.0,7115.0,675.609895
2026-03-03 17:00:00+00:00,677.57,678.46,676.16,677.37,348876.0,4337.0,677.426292
2026-03-03 18:00:00+00:00,677.47,681.89,677.47,681.25,337247.0,4029.0,680.213704
2026-03-03 19:00:00+00:00,681.27,682.58,679.32,681.25,392496.0,4594.0,680.943501
2026-03-03 20:00:00+00:00,681.32,681.94,679.24,680.29,533056.0,8052.0,680.47856
2026-03-04 13:00:00+00:00,681.27,683.26,681.27,682.86,2415.0,31.0,682.619563
2026-03-04 14:00:00+00:00,682.59,683.47,679.63,681.01,123597.0,1650.0,681.301632
2026-03-04 15:00:00+00:00,681.64,686.26,680.945,685.83,397701.0,6123.0,684.53857
2026-03-04 16:00:00+00:00,685.86,686.615,684.19,685.8,451938.0,7051.0,685.474447
2026-03-04 17:00:00+00:00,685.78,686.42,684.59,686.19,294430.0,4619.0,685.811221
2026-03-04 18:00:00+00:00,686.195,686.86,685.38,686.54,327677.0,5382.0,686.244803
2026-03-04 19:00:00+00:00,686.57,687.085,686.4,686.8,231593.0,4168.0,686.745992
2026-03-04 20:00:00+00:00,686.84,686.99,685.13,685.13,620638.0,9454.0,685.972243
2026-03-04 21:00:00+00:00,685.42,685.56,685.35,685.56,606.0,13.0,685.471923
2026-03-05 13:00:00+00:00,683.68,683.9,683.02,683.46,1990.0,20.0,683.357427
2026-03-05 14:00:00+00:00,682.44,685.04,681.54,685.04,122034.0,1768.0,683.441953
2026-03-05 15:00:00+00:00,685.08,685.51,679.37,681.99,220876.0,3434.0,681.987988
2026-03-05 16:00:00+00:00,682.12,682.3,679.02,680.99,208372.0,3092.0,680.217195
2026-03-05 17:00:00+00:00,680.9,682.39,676.05,676.49,209231.0,3523.0,678.568552
2026-03-05 18:00:00+00:00,676.335,678.23,675.87,676.63,152996.0,2497.0,677.037814
2026-03-05 19:00:00+00:00,676.51,677.785,675.63,677.07,159517.0,2483.0,676.792179
2026-03-05 20:00:00+00:00,677.1,681.73,676.42,681.405,776500.0,10570.0,680.42909
2026-03-05 21:00:00+00:00,681.42,681.42,680.25,680.46,460.0,8.0,680.748667
2026-03-06 13:00:00+00:00,677.28,678.33,672.95,672.95,6989.0,91.0,676.249156
2026-03-06 14:00:00+00:00,672.96,674.01,669.78,671.06,146184.0,2029.0,671.324768
2026-03-06 15:00:00+00:00,670.94,675.89,670.8,674.97,219152.0,3070.0,673.472822
2026-03-06 16:00:00+00:00,674.92,676.01,673.42,675.09,133530.0,2263.0,674.800528
2026-03-06 17:00:00+00:00,674.95,675.8,672.08,673.11,101129.0,1958.0,673.761965
2026-03-06 18:00:00+00:00,673.03,676.1,673.02,674.04,126928.0,2190.0,674.717559
2026-03-06 19:00:00+00:00,674.16,675.61,673.835,675.015,151320.0,2787.0,674.775013
2026-03-06 20:00:00+00:00,674.99,675.97,671.24,672.44,844571.0,9723.0,672.874849
2026-03-06 21:00:00+00:00,671.9,672.24,671.31,672.24,1029.0,16.0,671.754722
2026-03-09 12:00:00+00:00,666.31,667.23,664.92,665.19,3309.0,31.0,665.729565
2026-03-09 13:00:00+00:00,665.95,667.51,662.74,663.97,219529.0,2532.0,664.898896
2026-03-09 14:00:00+00:00,664.06,668.31,662.42,667.58,340815.0,4645.0,664.908428
2026-03-09 15:00:00+00:00,667.78,669.9,667.75,669.45,192192.0,2931.0,668.912592
2026-03-09 16:00:00+00:00,669.47,672.25,669.245,671.25,202009.0,3022.0,670.801803
2026-03-09 17:00:00+00:00,671.18,671.21,668.11,668.81,191030.0,2988.0,669.513416
2026-03-09 18:00:00+00:00,668.92,671.26,668.92,670.03,199729.0,3345.0,670.214609
2026-03-09 19:00:00+00:00,670.14,679.88,669.92,678.3,669504.0,9171.0,676.42806
2026-03-09 20:00:00+00:00,677.67,677.82,676.68,677.64,1094.0,18.0,677.268756
2026-03-10 12:00:00+00:00,676.77,676.77,675.19,676.59,2532.0,19.0,675.888543
2026-03-10 13:00:00+00:00,677.42,678.73,675.51,675.94,99873.0,1408.0,677.083218
2026-03-10 14:00:00+00:00,675.95,681.12,674.81,681.11,185928.0,2618.0,678.01725
2026-03-10 15:00:00+00:00,681.1,681.9,680.34,681.39,122607.0,2119.0,681.059095
2026-03-10 16:00:00+00:00,681.4,681.79,679.78,681.47,119927.0,1751.0,680.959566
2026-03-10 17:00:00+00:00,681.45,683.33,680.68,682.05,154761.0,2351.0,682.162842
2026-03-10 18:00:00+00:00,682.07,682.18,677.43,678.5,244222.0,2891.0,680.014735
2026-03-10 19:00:00+00:00,678.68,679.47,676.23,677.13,396911.0,5239.0,677.267588
2026-03-10 20:00:00+00:00,677.06,678.15,677.06,678.12,343.0,7.0,677.592054
2026-03-11 12:00:00+00:00,676.07,677.24,675.35,675.35,1711.0,26.0,676.378291
2026-03-11 13:00:00+00:00,675.8,678.43,675.8,677.745,65745.0,1194.0,677.469882
2026-03-11 14:00:00+00:00,677.93,680.06,675.21,678.07,134102.0,2475.0,677.736955
2026-03-11 15:00:00+00:00,678.13,678.59,673.64,674.22,92456.0,2170.0,675.306757
2026-03-11 16:00:00+00:00,674.22,676.3,673.55,676.275,104735.0,1491.0,674.502902
2026-03-11 17:00:00+00:00,676.21,676.72,673.36,675.01,84770.0,1484.0,675.069856
2026-03-11 18:00:00+00:00,675.0,675.73,673.74,675.275,109880.0,1600.0,675.036679
2026-03-11 19:00:00+00:00,675.37,676.54,674.325,676.34,252443.0,4063.0,675.717967
2026-03-11 20:00:00+00:00,676.31,676.48,675.62,675.62,8490.0,9.0,676.195259
2026-03-12 12:00:00+00:00,672.25,672.31,671.46,671.46,2585.0,28.0,671.991263
2026-03-12 13:00:00+00:00,672.23,672.23,668.27,668.81,151458.0,2412.0,669.927362
2026-03-12 14:00:00+00:00,668.83,671.17,667.32,668.51,310925.0,4119.0,668.860174
2026-03-12 15:00:00+00:00,668.43,670.28,666.96,669.32,288376.0,3856.0,668.188556
2026-03-12 16:00:00+00:00,669.31,671.3,667.78,668.85,238233.0,3128.0,669.314114
2026-03-12 17:00:00+00:00,668.82,670.23,667.29,668.175,220571.0,2984.0,668.706003
2026-03-12 18:00:00+00:00,668.2,669.2,667.21,667.36,223873.0,3071.0,668.09899
2026-03-12 19:00:00+00:00,667.3,668.64,665.91,666.05,414804.0,6515.0,666.847996
2026-03-12 20:00:00+00:00,666.41,667.1,666.41,667.1,610.0,4.0,666.64
2026-03-13 12:00:00+00:00,669.53,669.6,668.48,669.6,1537.0,27.0,669.202471
2026-03-13 13:00:00+00:00,669.39,672.335,669.01,670.57,142573.0,2418.0,670.871703
2026-03-13 14:00:00+00:00,670.59,671.22,665.01,665.16,243018.0,3733.0,668.137518
2026-03-13 15:00:00+00:00,665.39,666.91,663.11,663.44,272164.0,4483.0,664.886807
2026-03-13 16:00:00+00:00,663.5,665.155,663.145,663.3,204988.0,3544.0,664.08849
2026-03-13 17:00:00+00:00,663.42,665.0,662.1,662.61,199491.0,3106.0,663.564362
2026-03-13 18:00:00+00:00,662.7,664.75,662.5,664.185,224508.0,3976.0,663.678526
2026-03-13 19:00:00+00:00,664.17,664.18,661.37,662.3,612701.0,9409.0,662.471708
2026-03-13 20:00:00+00:00,661.73,662.12,661.59,661.94,3752.0,32.0,661.669831
2026-03-16 12:00:00+00:00,667.77,668.65,667.7,668.42,2870.0,33.0,668.372517
2026-03-16 13:00:00+00:00,668.16,670.89,667.8,670.81,232413.0,3334.0,669.578448
2026-03-16 14:00:00+00:00,670.69,671.36,667.58,669.8,368549.0,5788.0,669.83975
2026-03-16 15:00:00+00:00,669.83,670.62,668.49,668.56,191589.0,3464.0,669.665622
2026-03-16 16:00:00+00:00,668.35,669.16,667.16,668.41,205939.0,3506.0,668.264511
2026-03-16 17:00:00+00:00,668.435,669.74,668.0,668.76,177076.0,3168.0,669.097147
2026-03-16 18:00:00+00:00,668.8,670.29,668.67,669.605,269879.0,4447.0,669.728496
2026-03-16 19:00:00+00:00,669.61,672.05,668.42,668.97,673009.0,9835.0,669.214219
2026-03-16 20:00:00+00:00,668.45,668.45,668.45,668.45,100.0,1.0,668.45
2026-03-17 12:00:00+00:00,669.42,670.75,669.41,670.75,1805.0,28.0,670.046194
2026-03-17 13:00:00+00:00,671.38,674.4,671.38,673.85,113316.0,1438.0,673.633316
2026-03-17 14:00:00+00:00,673.91,673.91,671.605,672.99,154236.0,2519.0,672.841405
2026-03-17 15:00:00+00:00,673.02,673.25,670.35,671.02,128105.0,2050.0,671.624893
2026-03-17 16:00:00+00:00,671.0,671.58,670.09,670.96,92880.0,1374.0,670.977831
2026-03-17 17:00:00+00:00,671.05,671.96,671.03,671.68,108547.0,1652.0,671.498989
2026-03-17 18:00:00+00:00,671.76,672.25,670.76,671.09,126574.0,1883.0,671.429333
2026-03-17 19:00:00+00:00,671.09,671.58,670.48,670.75,309594.0,4207.0,670.880844
2026-03-18 12:00:00+00:00,672.1,672.1,667.33,667.33,5794.0,76.0,670.087571
2026-03-18 13:00:00+00:00,667.39,669.65,667.2,669.22,148126.0,2284.0,668.875858
2026-03-18 14:00:00+00:00,669.38,669.4,665.74,667.14,221052.0,3435.0,666.819555
2026-03-18 15:00:00+00:00,667.13,668.0,666.43,667.09,183948.0,2867.0,667.266955
2026-03-18 16:00:00+00:00,666.93,667.52,665.85,666.56,109133.0,1996.0,666.840818
2026-03-18 17:00:00+00:00,666.55,666.86,665.34,666.72,164893.0,2913.0,666.089651
2026-03-18 18:00:00+00:00,666.71,667.42,663.32,663.42,311681.0,4881.0,665.328323
2026-03-18 19:00:00+00:00,663.42,664.7,661.23,661.54,690429.0,9729.0,662.430964
2026-03-18 20:00:00+00:00,661.57,661.61,660.62,660.62,641.0,14.0,661.322
2026-03-19 12:00:00+00:00,658.86,659.59,657.09,657.09,1796.0,30.0,658.043764
2026-03-19 13:00:00+00:00,656.52,658.91,655.2,658.68,153260.0,2414.0,656.84298
2026-03-19 14:00:00+00:00,658.64,659.41,656.17,657.94,107397.0,2429.0,658.070725
2026-03-19 15:00:00+00:00,657.78,659.655,656.21,657.79,135979.0,2303.0,657.795763
2026-03-19 16:00:00+00:00,657.83,659.02,656.68,657.215,88001.0,1697.0,657.713496
2026-03-19 17:00:00+00:00,657.22,657.86,655.65,657.31,99777.0,2335.0,656.641104
2026-03-19 18:00:00+00:00,657.21,658.79,656.34,658.42,140746.0,2650.0,657.515678
2026-03-19 19:00:00+00:00,658.415,662.93,658.415,659.87,350263.0,5591.0,660.370883
2026-03-19 20:00:00+00:00,660.09,660.5,660.09,660.5,9000.0,10.0,660.097462
2026-03-20 12:00:00+00:00,656.14,656.87,655.6,656.34,2090.0,26.0,656.334376
2026-03-20 13:00:00+00:00,656.22,656.65,653.03,653.17,128451.0,1991.0,655.172197
2026-03-20 14:00:00+00:00,653.09,653.73,651.22,652.13,252973.0,3268.0,652.444186
2026-03-20 15:00:00+00:00,652.15,654.14,651.64,652.95,143757.0,2143.0,652.500849
2026-03-20 16:00:00+00:00,652.96,653.9,651.97,652.525,109829.0,2108.0,652.914159
2026-03-20 17:00:00+00:00,652.815,653.21,650.59,651.43,137192.0,2447.0,651.923493
2026-03-20 18:00:00+00:00,651.48,651.695,647.64,648.06,370972.0,4891.0,649.109349
2026-03-20 19:00:00+00:00,648.13,648.63,644.75,648.48,991795.0,13519.0,647.123943
2026-03-20 20:00:00+00:00,649.03,649.43,649.03,649.43,2800.0,30.0,649.357312
2026-03-23 12:00:00+00:00,655.52,659.6,655.36,658.53,4613.0,52.0,657.935487
2026-03-23 13:00:00+00:00,658.06,660.2,656.22,660.2,249223.0,3002.0,658.226116
2026-03-23 14:00:00+00:00,660.2,662.25,658.64,661.05,304542.0,4120.0,660.597852
2026-03-23 15:00:00+00:00,661.22,662.605,655.83,656.07,376708.0,5233.0,659.817105
2026-03-23 16:00:00+00:00,655.97,657.55,653.94,655.52,276989.0,4741.0,656.063821
2026-03-23 17:00:00+00:00,655.71,658.23,654.34,658.12,196986.0,3458.0,656.484877
2026-03-23 18:00:00+00:00,658.04,659.65,656.59,658.94,296766.0,3954.0,658.200809
2026-03-23 19:00:00+00:00,658.98,658.98,655.37,655.37,612457.0,8731.0,657.061776
2026-03-24 12:00:00+00:00,655.02,655.02,653.03,653.17,2199.0,25.0,653.776964
2026-03-24 13:00:00+00:00,652.27,653.03,649.92,651.45,127402.0,1692.0,651.133454
2026-03-24 14:00:00+00:00,651.99,655.83,651.4,653.89,298637.0,4663.0,653.60137
2026-03-24 15:00:00+00:00,653.95,657.03,653.95,655.03,200265.0,3482.0,655.739689
2026-03-24 16:00:00+00:00,655.0,656.18,654.07,655.15,173101.0,2526.0,655.108229
2026-03-24 17:00:00+00:00,655.12,655.35,652.415,654.24,279359.0,4442.0,653.303569
2026-03-24 18:00:00+00:00,654.25,656.59,653.22,654.93,247098.0,3802.0,654.694243
2026-03-24 19:00:00+00:00,654.89,655.665,652.56,653.2,415387.0,7071.0,653.932203
2026-03-24 20:00:00+00:00,656.5,659.01,656.5,657.46,2480.0,35.0,657.956098
2026-03-25 12:00:00+00:00,659.97,660.15,656.53,658.78,10888.0,121.0,658.133195
2026-03-25 13:00:00+00:00,658.665,660.83,656.43,656.51,146979.0,2345.0,658.886987
2026-03-25 14:00:00+00:00,656.64,659.19,655.69,658.67,239660.0,3965.0,658.011024
2026-03-25 15:00:00+00:00,658.71,658.99,654.27,656.99,256356.0,4215.0,656.681947
2026-03-25 16:00:00+00:00,656.99,658.3,656.03,657.75,128672.0,2906.0,657.265832
2026-03-25 17:00:00+00:00,657.74,659.32,656.95,657.96,141198.0,3429.0,657.928239
2026-03-25 18:00:00+00:00,657.88,658.49,655.68,656.485,141793.0,3338.0,657.386938
2026-03-25 19:00:00+00:00,656.425,657.31,655.59,656.74,313161.0,6956.0,656.392971
2026-03-25 20:00:00+00:00,657.04,657.04,656.17,656.33,308.0,8.0,656.672148
2026-03-26 12:00:00+00:00,650.67,651.95,650.31,651.0,2777.0,40.0,651.115095
2026-03-26 13:00:00+00:00,652.06,654.595,650.73,654.46,113667.0,2088.0,652.891289
2026-03-26 14:00:00+00:00,654.47,654.82,650.845,652.19,111802.0,1846.0,653.318806
2026-03-26 15:00:00+00:00,652.31,652.81,650.93,651.45,76339.0,1654.0,651.866733
2026-03-26 16:00:00+00:00,651.46,651.63,648.945,649.7,76807.0,1640.0,650.011573
2026-03-26 17:00:00+00:00,649.66,650.09,646.495,646.68,91263.0,2069.0,648.379731
2026-03-26 18:00:00+00:00,646.73,647.6,646.525,647.38,107356.0,1805.0,647.138761
2026-03-26 19:00:00+00:00,647.455,647.505,644.83,645.11,313955.0,5391.0,645.525103
2026-03-26 20:00:00+00:00,645.09,650.92,645.09,646.23,6242.0,76.0,646.185185
2026-03-27 12:00:00+00:00,642.3,642.83,641.82,641.82,2538.0,44.0,642.430396
2026-03-27 13:00:00+00:00,641.99,642.61,638.61,639.06,176779.0,2725.0,640.854037
2026-03-27 14:00:00+00:00,639.01,640.76,638.37,640.22,154954.0,2941.0,639.586516
2026-03-27 15:00:00+00:00,640.25,641.95,639.0,640.29,172619.0,2857.0,640.466381
2026-03-27 16:00:00+00:00,640.24,640.41,638.1,638.71,153525.0,2610.0,639.11224
2026-03-27 17:00:00+00:00,638.7,639.9,635.98,636.155,177911.0,3339.0,637.192703
2026-03-27 18:00:00+00:00,636.1,636.72,635.13,635.42,203824.0,3610.0,635.75542
2026-03-27 19:00:00+00:00,635.37,635.65,633.105,634.04,597052.0,9006.0,634.497228
2026-03-30 12:00:00+00:00,637.86,639.76,637.84,639.54,2290.0,44.0,639.274686
2026-03-30 13:00:00+00:00,639.88,640.28,634.69,635.09,225705.0,3570.0,637.195625
2026-03-30 14:00:00+00:00,635.04,637.54,634.76,637.49,238167.0,4065.0,635.953025
2026-03-30 15:00:00+00:00,637.5,638.69,635.59,637.31,238037.0,3567.0,637.433569
2026-03-30 16:00:00+00:00,637.415,637.42,634.99,635.37,121878.0,2750.0,635.882195
2026-03-30 17:00:00+00:00,635.36,635.8,632.72,633.56,195099.0,4280.0,633.794193
2026-03-30 18:00:00+00:00,633.585,633.75,631.46,631.78,236473.0,6304.0,632.700634
2026-03-30 19:00:00+00:00,631.76,632.64,629.29,632.02,553820.0,9148.0,630.990076
2026-03-31 12:00:00+00:00,638.96,639.82,637.03,639.78,12934.0,165.0,638.217832
2026-03-31 13:00:00+00:00,638.91,642.66,638.41,642.66,200403.0,2607.0,640.704936
2026-03-31 14:00:00+00:00,642.66,642.95,638.01,638.72,382673.0,5542.0,640.993564
2026-03-31 15:00:00+00:00,638.68,642.26,638.68,639.79,212857.0,4423.0,640.67733
2026-03-31 16:00:00+00:00,639.7,649.31,639.59,646.75,416804.0,5494.0,644.5947
2026-03-31 17:00:00+00:00,646.63,648.54,646.19,646.44,343159.0,5339.0,647.352673
2026-03-31 18:00:00+00:00,646.39,648.89,646.39,648.66,277592.0,4814.0,647.903852
2026-03-31 19:00:00+00:00,648.6,651.5,648.0,650.12,974421.0,12934.0,649.91313
2026-03-31 20:00:00+00:00,649.63,650.74,649.54,649.85,1036.0,24.0,650.122046
2026-04-01 12:00:00+00:00,655.7,656.68,652.7,652.7,3833.0,47.0,654.63037
2026-04-01 13:00:00+00:00,652.55,656.02,652.32,654.27,215060.0,3355.0,654.345559
2026-04-01 14:00:00+00:00,654.33,656.74,653.75,656.4,213127.0,3305.0,655.077794
2026-04-01 15:00:00+00:00,656.43,658.08,655.95,657.83,158912.0,2235.0,656.904924
2026-04-01 16:00:00+00:00,657.885,658.08,656.85,657.82,126081.0,1995.0,657.619034
2026-04-01 17:00:00+00:00,657.8,658.52,656.78,656.785,135526.0,2231.0,658.013616
2026-04-01 18:00:00+00:00,656.805,656.94,653.68,654.44,250092.0,3885.0,655.156527
2026-04-01 19:00:00+00:00,654.38,656.725,654.275,655.18,439445.0,6721.0,655.548072
2026-04-01 20:00:00+00:00,655.34,655.44,655.07,655.44,684.0,16.0,655.18203
2026-04-02 12:00:00+00:00,644.42,645.6,644.36,645.41,1153.0,19.0,644.815108
2026-04-02 13:00:00+00:00,645.53,649.86,645.13,649.63,253925.0,3513.0,647.078369
2026-04-02 14:00:00+00:00,649.64,658.1,648.58,655.385,432447.0,6102.0,652.645753
2026-04-02 15:00:00+00:00,655.47,655.9,653.09,654.09,198873.0,3127.0,654.744642
2026-04-02 16:00:00+00:00,653.995,654.91,652.33,653.66,113970.0,2569.0,653.484991
2026-04-02 17:00:00+00:00,653.54,655.02,652.63,653.24,79495.0,1871.0,653.758825
2026-04-02 18:00:00+00:00,653.39,654.98,653.37,654.44,88886.0,1931.0,654.054069
2026-04-02 19:00:00+00:00,654.505,656.1,654.09,655.76,335706.0,5358.0,655.256759
2026-04-02 20:00:00+00:00,655.75,656.09,655.75,655.93,686.0,11.0,655.878572
2026-04-06 12:00:00+00:00,656.27,656.27,656.03,656.03,251.0,3.0,656.160909
2026-04-06 13:00:00+00:00,656.0,658.52,655.52,658.52,113130.0,1630.0,657.112585
2026-04-06 14:00:00+00:00,658.025,659.4,656.09,657.51,163808.0,2305.0,657.683866
2026-04-06 15:00:00+00:00,657.505,658.03,656.36,657.87,85086.0,1547.0,657.22117
2026-04-06 16:00:00+00:00,657.88,658.46,657.3,657.99,70341.0,1269.0,657.883761
2026-04-06 17:00:00+00:00,657.95,657.99,655.55,656.51,109187.0,1976.0,656.760606
2026-04-06 18:00:00+00:00,656.435,658.62,656.25,658.32,99721.0,1705.0,657.739336
2026-04-06 19:00:00+00:00,658.32,658.92,657.82,658.885,597222.0,4076.0,658.42833
2026-04-06 20:00:00+00:00,658.9,658.9,658.78,658.79,173.0,4.0,658.816081
2026-04-07 12:00:00+00:00,655.58,657.02,653.96,656.68,7887.0,89.0,655.141619
2026-04-07 13:00:00+00:00,656.7,657.54,654.02,654.02,92414.0,1339.0,655.253746
2026-04-07 14:00:00+00:00,654.02,655.26,651.945,652.61,230864.0,3094.0,653.465097
2026-04-07 15:00:00+00:00,652.6,654.4,651.06,653.71,149084.0,2443.0,652.500516
2026-04-07 16:00:00+00:00,653.935,656.96,653.86,656.04,148131.0,2134.0,655.807602
2026-04-07 17:00:00+00:00,655.96,658.34,655.5,656.71,123150.0,1892.0,656.469873
2026-04-07 18:00:00+00:00,656.725,657.01,653.44,653.98,160455.0,2294.0,655.433838
2026-04-07 19:00:00+00:00,653.92,659.54,653.42,659.23,898453.0,7542.0,656.808955
2026-04-07 20:00:00+00:00,659.13,659.98,659.13,659.74,592.0,14.0,659.589531
2026-04-08 12:00:00+00:00,677.57,677.89,675.63,676.49,5880.0,61.0,676.69872
2026-04-08 13:00:00+00:00,676.69,677.06,674.02,674.66,308743.0,4270.0,675.428658
2026-04-08 14:00:00+00:00,674.62,675.25,671.55,672.85,419373.0,5503.0,674.144567
2026-04-08 15:00:00+00:00,672.88,675.08,672.48,674.9,207292.0,3583.0,673.790472
2026-04-08 16:00:00+00:00,674.925,676.23,674.51,676.06,145304.0,2809.0,675.297549
2026-04-08 17:00:00+00:00,676.08,676.4,674.77,675.79,167019.0,3174.0,675.531824
2026-04-08 18:00:00+00:00,675.795,676.605,672.84,672.95,264697.0,3856.0,674.923496
2026-04-08 19:00:00+00:00,672.9,676.02,672.83,676.0,628136.0,7647.0,674.89016
2026-04-08 20:00:00+00:00,676.03,676.03,675.98,676.01,1520.0,4.0,675.989474
2026-04-09 12:00:00+00:00,673.67,674.43,673.67,674.43,1581.0,21.0,673.937947
2026-04-09 13:00:00+00:00,674.98,675.77,674.46,675.265,115118.0,1800.0,675.168301
2026-04-09 14:00:00+00:00,675.33,675.64,673.8,675.275,201061.0,3050.0,674.63618
2026-04-09 15:00:00+00:00,675.275,678.86,674.66,678.83,257374.0,3841.0,676.649313
2026-04-09 16:00:00+00:00,678.84,680.735,678.84,679.77,196236.0,2881.0,679.808909
2026-04-09 17:00:00+00:00,679.92,681.1,679.66,680.52,123502.0,2064.0,680.530105
2026-04-09 18:00:00+00:00,680.57,680.6,678.54,679.14,134782.0,2379.0,679.178005
2026-04-09 19:00:00+00:00,679.03,680.65,679.03,679.87,354578.0,4822.0,680.098673
2026-04-09 20:00:00+00:00,679.79,680.0,679.5,679.5,9804.0,34.0,679.583455
2026-04-10 12:00:00+00:00,680.38,681.67,680.38,681.16,1445.0,18.0,681.316143
2026-04-10 13:00:00+00:00,681.2,681.915,680.2,680.7,115602.0,1743.0,680.84691
2026-04-10 14:00:00+00:00,680.58,681.94,680.05,681.34,117648.0,2382.0,681.082967
2026-04-10 15:00:00+00:00,681.37,682.03,679.12,679.46,125059.0,2149.0,680.784
2026-04-10 16:00:00+00:00,679.44,680.1,678.5,679.4,160912.0,2343.0,679.231518
2026-04-10 17:00:00+00:00,679.29,679.52,678.47,679.385,81158.0,1676.0,679.01981
2026-04-10 18:00:00+00:00,679.35,679.69,678.855,679.27,70886.0,1560.0,679.232898
2026-04-10 19:00:00+00:00,679.345,679.98,678.66,679.35,286385.0,4315.0,679.203353
2026-04-13 12:00:00+00:00,674.44,676.21,674.44,676.21,484.0,10.0,675.436898
2026-04-13 13:00:00+00:00,676.58,679.69,676.55,679.67,118043.0,1606.0,678.089573
2026-04-13 14:00:00+00:00,679.63,680.64,678.49,680.52,113794.0,2224.0,679.473708
2026-04-13 15:00:00+00:00,680.52,680.52,679.23,679.43,122333.0,1925.0,679.758947
2026-04-13 16:00:00+00:00,679.52,682.82,679.03,682.3,148096.0,2383.0,681.054256
2026-04-13 17:00:00+00:00,682.42,682.81,681.94,682.14,95154.0,1734.0,682.263012
2026-04-13 18:00:00+00:00,682.155,683.45,682.155,683.28,100088.0,1829.0,682.713856
2026-04-13 19:00:00+00:00,683.285,686.28,683.05,686.0,633394.0,6434.0,685.060726
2026-04-13 20:00:00+00:00,685.99,685.99,685.99,685.99,180.0,5.0,685.99
2026-04-14 12:00:00+00:00,687.91,688.83,687.75,687.89,2441.0,41.0,688.095422
2026-04-14 13:00:00+00:00,687.69,689.965,687.69,689.5,190207.0,2574.0,689.113354
2026-04-14 14:00:00+00:00,689.48,691.67,689.48,691.55,231766.0,3861.0,690.736158
2026-04-14 15:00:00+00:00,691.54,693.28,690.9,692.86,184932.0,3525.0,692.144372
2026-04-14 16:00:00+00:00,692.84,693.71,692.795,692.95,150189.0,3153.0,693.281758
2026-04-14 17:00:00+00:00,693.02,694.1,692.99,693.715,145019.0,2962.0,693.701425
2026-04-14 18:00:00+00:00,693.75,693.92,692.15,692.765,210079.0,3684.0,693.033478
2026-04-14 19:00:00+00:00,692.735,694.58,692.69,694.36,443996.0,6677.0,693.943411
2026-04-14 20:00:00+00:00,694.23,694.31,694.16,694.17,15634.0,25.0,694.225315
2026-04-15 12:00:00+00:00,694.33,694.97,694.18,694.97,1101.0,12.0,694.478457
2026-04-15 13:00:00+00:00,694.76,696.33,694.3,695.62,136077.0,2130.0,695.558307
2026-04-15 14:00:00+00:00,695.68,697.13,695.04,696.74,210795.0,3442.0,696.339369
2026-04-15 15:00:00+00:00,696.75,697.55,696.44,697.0,174547.0,3217.0,697.175047
2026-04-15 16:00:00+00:00,697.02,697.8,695.73,696.55,174002.0,3094.0,697.023679
2026-04-15 17:00:00+00:00,696.57,697.99,696.455,697.51,155778.0,2620.0,697.450965
2026-04-15 18:00:00+00:00,697.49,699.83,697.2,699.65,305578.0,3942.0,698.630845
2026-04-15 19:00:00+00:00,699.64,700.28,699.28,699.75,493974.0,6885.0,699.816746
2026-04-15 20:00:00+00:00,700.0,700.09,699.4,699.4,13202.0,20.0,699.935619
2026-04-16 12:00:00+00:00,700.72,701.13,700.67,700.83,900.0,11.0,700.856742
2026-04-16 13:00:00+00:00,701.01,701.19,698.54,699.485,157231.0,2195.0,700.202527
2026-04-16 14:00:00+00:00,699.5,700.19,698.66,699.96,202370.0,2783.0,699.383502
2026-04-16 15:00:00+00:00,699.97,702.33,699.97,702.21,242576.0,3568.0,701.431026
2026-04-16 16:00:00+00:00,702.25,702.78,700.2,700.81,164185.0,2757.0,701.815718
2026-04-16 17:00:00+00:00,700.81,701.51,699.83,700.7,135408.0,2281.0,700.684118
2026-04-16 18:00:00+00:00,700.61,701.08,699.5,700.69,160899.0,2628.0,700.516287
2026-04-16 19:00:00+00:00,700.71,701.93,700.61,701.53,330926.0,4798.0,701.425399
2026-04-17 12:00:00+00:00,704.57,707.3,704.44,707.28,2954.0,42.0,705.454086
2026-04-17 13:00:00+00:00,707.3,708.59,705.8,708.345,182040.0,2429.0,706.970707
2026-04-17 14:00:00+00:00,708.325,711.335,708.18,710.455,237988.0,3658.0,709.761127
2026-04-17 15:00:00+00:00,710.49,711.34,709.86,710.735,221381.0,3038.0,710.758083
2026-04-17 16:00:00+00:00,710.665,712.345,710.56,711.915,106521.0,1881.0,711.672394
2026-04-17 17:00:00+00:00,711.91,712.13,709.08,710.35,132135.0,2221.0,710.522996
2026-04-17 18:00:00+00:00,710.335,710.46,709.14,709.67,133895.0,2374.0,709.917772
2026-04-17 19:00:00+00:00,709.66,710.39,709.0,710.06,295423.0,3870.0,709.964991
2026-04-17 20:00:00+00:00,710.07,710.49,710.07,710.13,2039.0,24.0,710.386254
2026-04-20 12:00:00+00:00,706.86,707.78,706.86,707.67,921.0,13.0,707.378444
2026-04-20 13:00:00+00:00,707.69,709.905,707.54,709.7,89390.0,1703.0,708.994759
2026-04-20 14:00:00+00:00,709.68,709.7,706.49,707.1,185179.0,2879.0,708.582031
2026-04-20 15:00:00+00:00,707.29,708.5,706.15,707.6,178666.0,2924.0,707.215273
2026-04-20 16:00:00+00:00,707.58,708.1,707.06,707.62,65784.0,1419.0,707.557934
2026-04-20 17:00:00+00:00,707.64,708.38,707.285,707.72,63931.0,1406.0,707.888547
2026-04-20 18:00:00+00:00,707.755,708.6,707.505,708.255,115123.0,2425.0,708.133778
2026-04-20 19:00:00+00:00,708.28,708.79,707.6,708.79,276098.0,4972.0,708.217375
2026-04-20 20:00:00+00:00,708.66,708.72,708.55,708.55,5757.0,12.0,708.640484
2026-04-21 12:00:00+00:00,711.46,711.51,710.45,710.45,1820.0,21.0,711.112971
2026-04-21 13:00:00+00:00,710.19,710.85,708.76,710.74,90809.0,1483.0,709.705862
2026-04-21 14:00:00+00:00,710.71,711.25,707.47,707.58,181909.0,2517.0,709.962597
2026-04-21 15:00:00+00:00,707.69,708.2,706.09,706.73,165223.0,2932.0,707.099511
2026-04-21 16:00:00+00:00,706.99,707.8,705.53,705.61,81577.0,1820.0,706.672487
2026-04-21 17:00:00+00:00,705.62,707.4,703.865,705.77,194211.0,2977.0,705.384038
2026-04-21 18:00:00+00:00,705.795,706.88,704.75,706.32,87946.0,1795.0,705.777374
2026-04-21 19:00:00+00:00,706.37,707.86,702.67,703.91,468435.0,7109.0,704.964899
2026-04-21 20:00:00+00:00,706.41,706.78,706.41,706.78,6920.0,18.0,706.774939
2026-04-22 12:00:00+00:00,708.67,709.62,708.53,708.53,1775.0,26.0,709.055786
2026-04-22 13:00:00+00:00,708.14,709.4,708.14,709.4,116302.0,1680.0,708.858381
2026-04-22 14:00:00+00:00,709.43,710.68,708.77,710.05,199591.0,3143.0,710.006144
2026-04-22 15:00:00+00:00,710.07,710.5,709.17,709.6,110550.0,2434.0,709.862577
2026-04-22 16:00:00+00:00,709.66,710.11,708.82,708.96,97350.0,1873.0,709.438915
2026-04-22 17:00:00+00:00,708.91,710.42,708.91,710.03,104103.0,1997.0,709.997352
2026-04-22 18:00:00+00:00,709.94,710.22,709.22,709.66,146688.0,2219.0,709.826569
2026-04-22 19:00:00+00:00,709.66,711.44,709.22,711.2,320314.0,5249.0,710.710271
2026-04-22 20:00:00+00:00,711.2,711.25,710.35,710.42,11196.0,71.0,711.009827
2026-04-23 12:00:00+00:00,710.27,711.11,709.32,709.32,1330.0,17.0,710.547675
2026-04-23 13:00:00+00:00,709.37,711.24,709.3,710.205,107452.0,1746.0,710.332393
2026-04-23 14:00:00+00:00,710.185,712.05,709.16,711.75,175884.0,2786.0,710.59944
2026-04-23 15:00:00+00:00,711.72,712.35,710.7,711.06,131066.0,2574.0,711.655008
2026-04-23 16:00:00+00:00,711.105,711.21,710.305,710.88,82875.0,1583.0,710.813959
2026-04-23 17:00:00+00:00,710.89,711.005,702.34,706.71,397814.0,5911.0,706.035158
2026-04-23 18:00:00+00:00,706.66,709.46,706.27,707.14,236848.0,4229.0,707.970676
2026-04-23 19:00:00+00:00,707.16,708.91,706.55,708.41,336104.0,5874.0,708.045244
2026-04-24 12:00:00+00:00,711.47,711.98,710.64,710.64,1510.0,21.0,711.445571
2026-04-24 13:00:00+00:00,711.33,711.34,709.02,709.94,98751.0,1449.0,709.979784
2026-04-24 14:00:00+00:00,709.765,711.57,709.14,711.48,194554.0,2295.0,710.051187
2026-04-24 15:00:00+00:00,711.47,714.1,711.22,713.79,126553.0,1755.0,712.862876
2026-04-24 16:00:00+00:00,713.77,713.9,712.87,713.605,89958.0,1502.0,713.520511
2026-04-24 17:00:00+00:00,713.61,714.38,712.73,713.65,89562.0,1593.0,713.392021
2026-04-24 18:00:00+00:00,713.695,713.79,712.97,713.55,125562.0,2047.0,713.395571
2026-04-24 19:00:00+00:00,713.59,714.46,713.47,713.97,333364.0,4573.0,713.946822
2026-04-24 20:00:00+00:00,714.07,714.08,713.91,713.96,3029.0,6.0,714.024064
2026-04-27 12:00:00+00:00,713.99,714.03,713.34,713.71,884.0,13.0,713.721059
2026-04-27 13:00:00+00:00,713.18,714.395,712.62,714.095,187468.0,2775.0,713.706482
2026-04-27 14:00:00+00:00,714.06,714.4,713.1,713.63,193234.0,3014.0,713.670473
2026-04-27 15:00:00+00:00,713.66,713.78,712.33,713.39,153334.0,2647.0,713.038992
2026-04-27 16:00:00+00:00,713.42,714.31,713.23,714.12,114359.0,2485.0,713.974617
2026-04-27 17:00:00+00:00,714.18,715.21,713.9,714.89,148728.0,3209.0,714.639728
2026-04-27 18:00:00+00:00,714.85,715.23,714.72,714.875,154944.0,3009.0,715.021609
2026-04-27 19:00:00+00:00,714.855,715.59,714.71,715.165,369637.0,5985.0,715.175832
2026-04-27 20:00:00+00:00,715.21,715.21,714.8,714.8,6878.0,18.0,715.011126
2026-04-28 12:00:00+00:00,710.6,711.28,709.68,711.06,3398.0,39.0,710.53015
2026-04-28 13:00:00+00:00,711.54,712.88,710.8,711.59,202574.0,2660.0,711.75873
2026-04-28 14:00:00+00:00,711.585,712.34,709.27,710.51,257215.0,3941.0,710.811368
2026-04-28 15:00:00+00:00,710.53,711.04,709.43,709.92,117239.0,1973.0,710.149475
2026-04-28 16:00:00+00:00,709.97,710.58,709.37,710.18,78828.0,1679.0,710.072628
2026-04-28 17:00:00+00:00,710.13,711.15,709.48,711.03,108074.0,1919.0,710.420333
2026-04-28 18:00:00+00:00,711.07,711.63,710.76,711.525,132406.0,2483.0,711.232447
2026-04-28 19:00:00+00:00,711.52,712.17,711.21,711.68,322143.0,4670.0,711.679931
2026-04-28 20:00:00+00:00,711.67,711.67,711.56,711.62,3433.0,9.0,711.583352
2026-04-29 12:00:00+00:00,711.87,711.92,711.12,711.24,760.0,9.0,711.679889
2026-04-29 13:00:00+00:00,711.66,711.66,709.69,710.8,100783.0,1550.0,710.346314
2026-04-29 14:00:00+00:00,710.755,712.19,710.3,711.41,114115.0,2324.0,711.302321
2026-04-29 15:00:00+00:00,711.46,711.51,709.25,710.095,133963.0,2006.0,710.563559
2026-04-29 16:00:00+00:00,710.01,710.69,708.93,709.65,53902.0,1174.0,709.803425
2026-04-29 17:00:00+00:00,709.72,710.72,709.25,710.6,65100.0,1356.0,709.902252
2026-04-29 18:00:00+00:00,710.61,710.61,708.435,710.61,110370.0,2260.0,709.463431
2026-04-29 19:00:00+00:00,710.6,711.59,710.0,711.59,307151.0,4716.0,710.918749
2026-04-29 20:00:00+00:00,713.37,713.37,711.23,711.23,3047.0,8.0,712.157171
2026-04-30 12:00:00+00:00,714.52,715.66,714.44,715.11,1231.0,19.0,714.98439
2026-04-30 13:00:00+00:00,714.67,714.675,710.85,711.21,170680.0,2437.0,712.359289
2026-04-30 14:00:00+00:00,711.265,714.13,710.465,713.89,288280.0,3711.0,711.838823
2026-04-30 15:00:00+00:00,714.13,715.03,713.47,714.6,138262.0,2574.0,714.233665
2026-04-30 16:00:00+00:00,714.575,715.37,713.92,714.34,119152.0,2129.0,714.786359
2026-04-30 17:00:00+00:00,714.34,717.16,714.33,717.06,167598.0,2404.0,715.992092
2026-04-30 18:00:00+00:00,717.09,718.81,717.05,718.37,299308.0,4204.0,718.138562
2026-04-30 19:00:00+00:00,718.355,719.71,718.29,718.41,792186.0,9244.0,719.11487
2026-05-01 12:00:00+00:00,720.66,721.59,720.66,720.71,968.0,14.0,721.168409
2026-05-01 13:00:00+00:00,721.0,724.07,720.77,724.065,189935.0,2460.0,722.416657
2026-05-01 14:00:00+00:00,724.19,724.85,722.315,722.78,233951.0,3400.0,723.833903
2026-05-01 15:00:00+00:00,722.66,724.37,722.04,723.39,155254.0,2595.0,723.234028
2026-05-01 16:00:00+00:00,723.48,723.59,721.54,721.9,251154.0,3950.0,722.444148
2026-05-01 17:00:00+00:00,721.88,723.19,721.86,722.8,120679.0,2247.0,722.668614
2026-05-01 18:00:00+00:00,722.79,722.91,720.79,721.17,144616.0,2940.0,721.757096
2026-05-01 19:00:00+00:00,721.17,722.58,720.485,720.49,330412.0,5472.0,721.663205
2026-05-01 20:00:00+00:00,720.67,720.67,719.7,719.72,10014.0,23.0,720.306938
2026-05-04 12:00:00+00:00,719.73,720.41,719.73,720.07,550.0,10.0,720.135283
2026-05-04 13:00:00+00:00,719.93,720.755,719.305,720.64,124239.0,2121.0,720.028273
2026-05-04 14:00:00+00:00,720.73,722.12,719.9,720.97,145090.0,2770.0,721.426602
2026-05-04 15:00:00+00:00,720.92,721.41,716.99,717.58,234202.0,3682.0,719.084289
2026-05-04 16:00:00+00:00,717.54,717.78,715.01,716.54,107092.0,1895.0,716.759565
2026-05-04 17:00:00+00:00,716.54,718.62,716.515,718.33,83490.0,1593.0,717.976593
2026-05-04 18:00:00+00:00,718.4,718.995,716.86,717.435,100251.0,1740.0,718.030198
2026-05-04 19:00:00+00:00,717.53,718.25,717.13,718.09,277154.0,4249.0,717.813566
2026-05-04 20:00:00+00:00,717.83,717.87,717.8,717.8,6500.0,8.0,717.851077
2026-05-05 12:00:00+00:00,721.2,721.73,721.2,721.47,730.0,8.0,721.526575
2026-05-05 13:00:00+00:00,721.81,722.76,721.58,722.51,133780.0,2205.0,722.270129
2026-05-05 14:00:00+00:00,722.46,723.615,721.85,723.14,236632.0,3624.0,722.797212
2026-05-05 15:00:00+00:00,723.14,723.65,722.93,723.04,116501.0,2014.0,723.280768
2026-05-05 16:00:00+00:00,723.14,723.84,723.01,723.47,91056.0,1704.0,723.512432
2026-05-05 17:00:00+00:00,723.45,724.22,723.14,724.03,110903.0,2013.0,723.747389
2026-05-05 18:00:00+00:00,724.01,724.7,724.01,724.32,105262.0,2151.0,724.349408
2026-05-05 19:00:00+00:00,724.33,725.03,723.275,723.75,481644.0,7022.0,724.265667
2026-05-05 20:00:00+00:00,723.71,723.94,723.71,723.94,12082.0,16.0,723.747137
2026-05-06 12:00:00+00:00,729.24,729.59,728.01,729.1,6067.0,71.0,728.976993
2026-05-06 13:00:00+00:00,728.67,729.795,727.82,729.66,136360.0,2185.0,729.067137
2026-05-06 14:00:00+00:00,729.68,732.19,728.72,732.155,230063.0,3978.0,730.678298
2026-05-06 15:00:00+00:00,732.15,732.46,730.94,731.715,120712.0,2584.0,731.899753
2026-05-06 16:00:00+00:00,731.66,732.025,730.62,731.01,103263.0,1981.0,731.63349
2026-05-06 17:00:00+00:00,731.01,732.11,730.67,732.1,99492.0,2076.0,731.651486
2026-05-06 18:00:00+00:00,732.15,733.435,732.03,732.96,269531.0,3118.0,732.951948
2026-05-06 19:00:00+00:00,732.96,734.59,732.94,733.77,781243.0,9487.0,733.970646
2026-05-06 20:00:00+00:00,733.95,734.22,733.95,734.22,4658.0,10.0,734.192284
2026-05-07 12:00:00+00:00,734.69,735.36,734.61,735.12,1230.0,18.0,735.028898
2026-05-07 13:00:00+00:00,734.93,735.07,733.55,733.935,128713.0,2339.0,734.202737
2026-05-07 14:00:00+00:00,733.96,736.1,733.91,736.07,150127.0,2738.0,734.919604
2026-05-07 15:00:00+00:00,736.09,736.1,733.82,734.0,91517.0,2201.0,735.133126
2026-05-07 16:00:00+00:00,733.985,734.0,731.61,732.02,137666.0,2174.0,732.726383
2026-05-07 17:00:00+00:00,732.09,732.605,729.83,731.73,193133.0,2423.0,731.351789
2026-05-07 18:00:00+00:00,731.77,732.185,729.75,731.12,166755.0,2683.0,731.115427
2026-05-07 19:00:00+00:00,731.1,731.9,730.01,731.53,382600.0,6415.0,731.154406
2026-05-07 20:00:00+00:00,731.3,731.99,731.3,731.42,340.0,13.0,731.57
2026-05-08 12:00:00+00:00,735.23,736.57,735.05,735.5,866.0,12.0,735.716074
2026-05-08 13:00:00+00:00,734.66,736.66,734.6,736.64,118079.0,2304.0,735.550014
2026-05-08 14:00:00+00:00,736.665,737.52,736.11,737.11,215370.0,4003.0,736.86438
2026-05-08 15:00:00+00:00,737.04,737.36,736.07,736.78,146795.0,2720.0,736.849422
2026-05-08 16:00:00+00:00,736.905,737.73,736.82,736.92,122567.0,2317.0,737.240888
2026-05-08 17:00:00+00:00,736.85,737.88,736.82,737.19,137605.0,2433.0,737.46248
2026-05-08 18:00:00+00:00,737.205,737.95,736.135,736.39,173618.0,3100.0,737.343884
2026-05-08 19:00:00+00:00,736.37,737.585,736.37,737.54,510354.0,6550.0,737.180735
2026-05-08 20:00:00+00:00,737.43,737.8,737.37,737.54,2338.0,13.0,737.413391
2026-05-11 12:00:00+00:00,736.49,736.63,736.12,736.16,961.0,13.0,736.338438
2026-05-11 13:00:00+00:00,736.52,739.115,736.52,738.65,182824.0,2611.0,738.070922
2026-05-11 14:00:00+00:00,738.655,739.94,737.61,739.64,206160.0,3810.0,738.914505
2026-05-11 15:00:00+00:00,739.67,740.29,739.0,740.22,218107.0,4541.0,739.801311
2026-05-11 16:00:00+00:00,740.22,740.43,738.97,739.33,132625.0,3104.0,739.940143
2026-05-11 17:00:00+00:00,739.5,740.73,738.88,740.2,94238.0,2367.0,739.69954
2026-05-11 18:00:00+00:00,740.19,740.65,738.52,738.54,167095.0,3863.0,739.953137
2026-05-11 19:00:00+00:00,738.59,739.2,738.17,739.2,327618.0,6024.0,738.704033
2026-05-11 20:00:00+00:00,739.25,739.26,738.29,738.29,4986.0,9.0,739.222065
2026-05-12 12:00:00+00:00,736.32,737.35,735.42,737.32,2079.0,28.0,736.433813
2026-05-12 13:00:00+00:00,737.43,737.43,734.89,735.105,155313.0,2595.0,735.93603
2026-05-12 14:00:00+00:00,735.205,736.355,733.55,733.785,222141.0,4446.0,734.769186
2026-05-12 15:00:00+00:00,733.785,734.02,731.84,732.51,241081.0,4273.0,733.140138
2026-05-12 16:00:00+00:00,732.5,733.45,731.83,732.07,126561.0,2331.0,732.573966
2026-05-12 17:00:00+00:00,732.22,735.2,732.05,735.08,187093.0,3387.0,734.1169
2026-05-12 18:00:00+00:00,735.02,736.56,734.7,735.99,152536.0,2966.0,735.782165
2026-05-12 19:00:00+00:00,736.02,738.84,736.02,738.19,416108.0,5827.0,737.868983
2026-05-12 20:00:00+00:00,737.92,737.92,737.56,737.58,14398.0,22.0,737.664254
2026-05-13 12:00:00+00:00,738.82,738.82,737.2,737.61,10004.0,112.0,737.852901
2026-05-13 13:00:00+00:00,737.87,738.41,735.505,736.99,175485.0,2147.0,736.762431
2026-05-13 14:00:00+00:00,736.95,738.98,736.83,738.83,176077.0,2637.0,738.173231
2026-05-13 15:00:00+00:00,738.87,740.22,738.7,739.75,112175.0,2070.0,739.463477
2026-05-13 16:00:00+00:00,739.7,742.26,739.65,742.025,79826.0,1643.0,741.284716
2026-05-13 17:00:00+00:00,742.17,742.885,742.1,742.12,69115.0,1590.0,742.554273
2026-05-13 18:00:00+00:00,742.105,743.9,742.105,742.65,100175.0,1991.0,743.203955
2026-05-13 19:00:00+00:00,742.67,743.71,742.22,742.3,369432.0,5424.0,742.827287
2026-05-13 20:00:00+00:00,742.4,742.77,742.13,742.77,1740.0,6.0,742.274853
2026-05-14 12:00:00+00:00,744.84,745.26,744.5,744.5,1130.0,16.0,744.746698
2026-05-14 13:00:00+00:00,743.655,745.875,743.6,744.43,116617.0,2378.0,745.103348
2026-05-14 14:00:00+00:00,744.39,747.53,744.295,747.19,134847.0,2829.0,746.076864
2026-05-14 15:00:00+00:00,747.21,749.28,747.15,749.26,143584.0,2444.0,748.373119
2026-05-14 16:00:00+00:00,749.26,749.47,747.19,747.75,76186.0,1870.0,748.495157
2026-05-14 17:00:00+00:00,747.82,748.275,746.35,747.74,135184.0,2658.0,747.41138
2026-05-14 18:00:00+00:00,747.705,748.35,746.65,748.31,109356.0,2524.0,747.676522
2026-05-14 19:00:00+00:00,748.25,748.69,747.78,748.1,294056.0,4538.0,748.235131
2026-05-14 20:00:00+00:00,748.11,748.55,747.5,747.8,9127.0,20.0,748.021088
2026-05-15 12:00:00+00:00,740.1,740.1,738.99,739.64,1807.0,26.0,739.485294
2026-05-15 13:00:00+00:00,739.68,741.9,737.96,739.17,180718.0,2939.0,739.762797
2026-05-15 14:00:00+00:00,739.35,742.66,738.99,740.97,202643.0,3915.0,741.200141
2026-05-15 15:00:00+00:00,740.99,741.92,739.14,740.29,169635.0,3224.0,740.741944
2026-05-15 16:00:00+00:00,740.43,741.67,739.72,740.99,103763.0,2420.0,740.837216
2026-05-15 17:00:00+00:00,740.76,743.0,740.73,742.95,110472.0,3009.0,742.24408
2026-05-15 18:00:00+00:00,742.995,743.43,740.52,741.62,145176.0,3363.0,742.066877
2026-05-15 19:00:00+00:00,741.64,741.71,738.55,739.1,401193.0,5904.0,739.781245
2026-05-15 20:00:00+00:00,739.12,739.12,737.64,737.71,8103.0,28.0,738.368514
2026-05-18 12:00:00+00:00,738.2,741.22,737.99,741.01,2575.0,39.0,740.160925
2026-05-18 13:00:00+00:00,739.83,741.38,737.58,740.48,168379.0,2219.0,740.027101
2026-05-18 14:00:00+00:00,740.45,740.77,736.525,738.37,192749.0,3897.0,738.656953
2026-05-18 15:00:00+00:00,738.37,738.88,735.23,736.305,138428.0,2907.0,736.825675
2026-05-18 16:00:00+00:00,736.38,737.88,734.24,736.48,138260.0,2370.0,736.003488
2026-05-18 17:00:00+00:00,736.43,737.42,735.94,737.1,104999.0,2064.0,736.882438
2026-05-18 18:00:00+00:00,737.04,737.13,733.42,733.63,208854.0,3475.0,734.767966
2026-05-18 19:00:00+00:00,733.725,738.74,733.725,738.4,413712.0,6766.0,737.25078
2026-05-18 20:00:00+00:00,738.3,738.3,738.3,738.3,100.0,1.0,738.3
2026-05-19 12:00:00+00:00,735.19,736.19,735.19,736.19,764.0,12.0,735.453158
2026-05-19 13:00:00+00:00,735.03,736.27,733.09,735.25,148898.0,2842.0,734.740577
2026-05-19 14:00:00+00:00,735.25,735.25,731.57,733.17,254899.0,4434.0,732.876409
2026-05-19 15:00:00+00:00,733.165,733.96,731.73,732.89,146499.0,2943.0,733.161159
2026-05-19 16:00:00+00:00,733.04,736.26,732.32,736.15,184786.0,3675.0,734.713223
2026-05-19 17:00:00+00:00,736.11,737.62,735.93,736.75,238607.0,4070.0,736.829974
2026-05-19 18:00:00+00:00,736.84,737.31,734.21,734.47,190771.0,3601.0,736.03185
2026-05-19 19:00:00+00:00,734.44,736.09,732.58,733.8,622229.0,7259.0,733.911086
2026-05-19 20:00:00+00:00,733.42,733.42,733.42,733.42,40.0,1.0,733.42
2026-05-20 12:00:00+00:00,736.5,737.6,736.5,736.82,1320.0,16.0,736.960457
2026-05-20 13:00:00+00:00,735.585,737.18,734.32,736.045,102750.0,2032.0,735.795335
2026-05-20 14:00:00+00:00,736.18,739.46,733.9,739.23,211985.0,3768.0,737.477088
2026-05-20 15:00:00+00:00,739.2,741.8,738.59,740.26,196812.0,3270.0,739.95791
2026-05-20 16:00:00+00:00,740.26,740.48,738.55,739.385,123468.0,2249.0,739.407102
2026-05-20 17:00:00+00:00,739.39,740.69,738.77,739.83,87309.0,2017.0,739.765359
2026-05-20 18:00:00+00:00,739.86,740.83,739.39,740.11,110593.0,2426.0,740.171234
2026-05-20 19:00:00+00:00,740.14,741.56,740.04,741.31,416194.0,6853.0,740.976117
2026-05-20 20:00:00+00:00,740.86,740.86,740.86,740.86,40.0,1.0,740.86
2026-05-21 12:00:00+00:00,739.44,739.44,738.17,738.17,848.0,13.0,739.188924
2026-05-21 13:00:00+00:00,738.44,740.08,737.43,739.805,140648.0,2005.0,738.217176
2026-05-21 14:00:00+00:00,739.76,740.54,737.49,738.97,142875.0,2730.0,738.834258
2026-05-21 15:00:00+00:00,739.105,739.74,737.2,739.28,141502.0,2616.0,738.668179
2026-05-21 16:00:00+00:00,739.31,739.95,738.1,738.9,128025.0,2352.0,738.969048
2026-05-21 17:00:00+00:00,738.98,744.84,738.97,743.7,319798.0,5281.0,741.963581
2026-05-21 18:00:00+00:00,743.65,744.09,740.205,741.0,241537.0,3830.0,742.771543
2026-05-21 19:00:00+00:00,741.06,743.12,741.06,742.71,228509.0,4239.0,742.596998
2026-05-21 20:00:00+00:00,742.97,743.12,742.91,742.91,447.0,9.0,742.962771
2026-05-22 12:00:00+00:00,744.7,746.31,744.52,746.18,2851.0,34.0,745.792188
2026-05-22 13:00:00+00:00,746.51,748.09,745.76,747.51,107905.0,1683.0,747.361631
2026-05-22 14:00:00+00:00,747.55,747.55,744.53,746.465,150589.0,2792.0,745.931122
2026-05-22 15:00:00+00:00,746.56,748.0,746.48,747.61,120115.0,2552.0,747.425121
2026-05-22 16:00:00+00:00,747.6,747.73,746.89,747.24,114250.0,2108.0,747.261594
2026-05-22 17:00:00+00:00,747.305,748.92,746.75,747.36,166315.0,3165.0,747.880572
2026-05-22 18:00:00+00:00,747.42,747.66,746.81,747.12,121230.0,2623.0,747.255945
2026-05-22 19:00:00+00:00,747.1,747.23,744.96,745.67,361414.0,6146.0,745.846226
2026-05-22 20:00:00+00:00,745.91,745.92,745.91,745.92,186.0,4.0,745.912857
2026-05-26 12:00:00+00:00,750.81,751.02,750.81,751.02,360.0,3.0,750.908889
2026-05-26 13:00:00+00:00,750.14,751.11,749.16,750.725,131947.0,2361.0,750.235307
2026-05-26 14:00:00+00:00,750.79,752.11,750.55,751.36,127382.0,2458.0,751.55132
2026-05-26 15:00:00+00:00,751.43,751.43,748.37,748.89,184893.0,3408.0,749.901779
2026-05-26 16:00:00+00:00,748.95,750.03,748.63,749.01,137276.0,2302.0,749.264203
2026-05-26 17:00:00+00:00,748.98,749.43,748.5,749.04,107432.0,2220.0,749.014744
2026-05-26 18:00:00+00:00,749.07,750.0,748.8,749.09,137691.0,2922.0,749.573598
2026-05-26 19:00:00+00:00,749.13,750.87,748.86,750.46,446795.0,6867.0,750.175434
2026-05-27 12:00:00+00:00,752.39,753.74,752.38,752.7,2575.0,38.0,753.102422
2026-05-27 13:00:00+00:00,751.26,751.26,749.24,750.51,195923.0,3045.0,750.321663
2026-05-27 14:00:00+00:00,750.51,751.355,749.32,749.68,187803.0,3384.0,750.430794
2026-05-27 15:00:00+00:00,749.705,750.19,748.37,749.09,166903.0,3033.0,749.375132
2026-05-27 16:00:00+00:00,749.095,750.61,748.59,749.78,119604.0,2347.0,749.740755
2026-05-27 17:00:00+00:00,749.78,750.04,748.25,749.7,146444.0,2762.0,749.305729
2026-05-27 18:00:00+00:00,749.7,751.05,749.31,750.81,131425.0,2668.0,750.38304
2026-05-27 19:00:00+00:00,750.81,751.11,750.13,750.59,366525.0,5430.0,750.532966
2026-05-27 20:00:00+00:00,750.43,751.32,750.41,751.32,9427.0,19.0,750.487522
2026-05-28 12:00:00+00:00,748.8,750.03,748.8,750.03,298.0,5.0,749.402416
2026-05-28 13:00:00+00:00,750.42,750.42,749.25,750.22,121453.0,1797.0,749.637924
2026-05-28 14:00:00+00:00,750.175,753.99,750.0,752.83,196307.0,3622.0,752.10452
2026-05-28 15:00:00+00:00,752.86,754.29,752.84,754.11,140769.0,2665.0,753.767855
2026-05-28 16:00:00+00:00,754.07,754.84,753.69,754.73,106503.0,2160.0,754.338195
2026-05-28 17:00:00+00:00,754.71,754.915,754.1,754.7,109461.0,2273.0,754.50779
2026-05-28 18:00:00+00:00,754.7,754.87,754.18,754.29,162359.0,3265.0,754.533546
2026-05-28 19:00:00+00:00,754.25,755.14,754.12,754.68,380693.0,5476.0,754.686399
2026-05-28 20:00:00+00:00,755.25,755.36,755.25,755.36,280.0,5.0,755.292308
2026-05-29 12:00:00+00:00,756.18,756.2,755.58,755.88,640.0,8.0,756.000312
2026-05-29 13:00:00+00:00,755.865,757.905,755.57,757.825,165251.0,2972.0,757.075964
2026-05-29 14:00:00+00:00,757.8,758.06,754.72,756.05,293131.0,5612.0,756.388553
2026-05-29 15:00:00+00:00,756.07,757.41,755.93,756.5,171137.0,3863.0,756.781993
2026-05-29 16:00:00+00:00,756.425,757.79,756.365,756.8,101026.0,2553.0,757.077883
2026-05-29 17:00:00+00:00,756.85,757.02,755.24,755.29,122644.0,3237.0,756.349201
2026-05-29 18:00:00+00:00,755.3,756.755,755.14,755.52,215507.0,4244.0,756.000617
2026-05-29 19:00:00+00:00,755.495,757.62,755.36,756.34,593598.0,7540.0,756.725917
2026-05-29 20:00:00+00:00,756.34,756.64,755.95,755.95,11118.0,29.0,756.46568
2026-06-01 12:00:00+00:00,758.34,758.34,757.81,758.19,1099.0,15.0,758.033162
2026-06-01 13:00:00+00:00,757.77,757.78,754.74,755.61,176744.0,2772.0,755.982056
2026-06-01 14:00:00+00:00,755.56,756.71,755.29,755.66,211703.0,3523.0,755.847798
2026-06-01 15:00:00+00:00,755.71,757.42,755.47,756.72,209908.0,3749.0,756.622747
2026-06-01 16:00:00+00:00,756.7,757.98,755.88,757.95,153992.0,3015.0,756.953369
2026-06-01 17:00:00+00:00,757.92,760.26,757.05,759.59,212486.0,3500.0,758.561057
2026-06-01 18:00:00+00:00,759.53,759.88,759.33,759.53,110183.0,2352.0,759.655313
2026-06-01 19:00:00+00:00,759.525,759.74,758.12,758.44,354978.0,5248.0,758.856005
2026-06-01 20:00:00+00:00,758.5,758.65,758.4,758.65,15493.0,24.0,758.505291
2026-06-02 12:00:00+00:00,756.75,757.37,756.75,757.16,350.0,5.0,757.12353
2026-06-02 13:00:00+00:00,757.21,757.74,756.75,757.57,133998.0,2227.0,757.403342
2026-06-02 14:00:00+00:00,757.63,759.725,757.255,759.725,207081.0,3658.0,758.293695
2026-06-02 15:00:00+00:00,759.73,760.4,759.4,759.7,125411.0,2351.0,759.857388
2026-06-02 16:00:00+00:00,759.74,760.0,759.14,759.85,96949.0,2082.0,759.53886
2026-06-02 17:00:00+00:00,759.865,759.965,758.78,758.87,86371.0,1938.0,759.390791
2026-06-02 18:00:00+00:00,758.845,759.31,758.635,759.04,113808.0,2548.0,758.956959
2026-06-02 19:00:00+00:00,759.06,759.69,759.06,759.47,397287.0,5614.0,759.406834
2026-06-02 20:00:00+00:00,759.55,760.0,759.53,760.0,2998.0,11.0,759.566793
2026-06-03 12:00:00+00:00,758.69,758.72,757.93,758.25,700.0,9.0,758.392286
2026-06-03 13:00:00+00:00,758.2,758.79,754.79,755.92,244828.0,4102.0,756.683175
2026-06-03 14:00:00+00:00,755.95,757.0,755.75,756.15,246676.0,4109.0,756.513427
2026-06-03 15:00:00+00:00,756.175,756.52,754.8,755.21,196623.0,3403.0,755.6892
2026-06-03 16:00:00+00:00,755.21,755.455,753.59,755.06,202947.0,4215.0,754.595456
2026-06-03 17:00:00+00:00,755.13,755.76,754.0,755.565,185492.0,2630.0,755.110804
2026-06-03 18:00:00+00:00,755.57,756.05,755.0,755.59,189020.0,3262.0,755.596101
2026-06-03 19:00:00+00:00,755.585,755.585,753.92,754.18,640036.0,7569.0,754.706486
2026-06-03 20:00:00+00:00,753.45,753.45,753.45,753.45,305.0,5.0,753.45
2026-06-04 12:00:00+00:00,751.16,752.28,751.16,752.28,740.0,12.0,751.574157
2026-06-04 13:00:00+00:00,752.28,753.655,751.47,753.22,178201.0,2747.0,752.523292
2026-06-04 14:00:00+00:00,753.15,754.29,752.25,754.15,195620.0,3444.0,753.511784
2026-06-04 15:00:00+00:00,754.24,755.96,754.21,755.31,241573.0,4433.0,755.375738
2026-06-04 16:00:00+00:00,755.35,756.925,755.21,756.795,136244.0,2834.0,756.379512
2026-06-04 17:00:00+00:00,756.77,757.74,756.6,757.685,95922.0,2130.0,757.086405
2026-06-04 18:00:00+00:00,757.7,757.99,757.51,757.62,198963.0,3657.0,757.773752
2026-06-04 19:00:00+00:00,757.64,758.3,756.96,756.97,498254.0,7612.0,757.712213
2026-06-04 20:00:00+00:00,756.7,756.7,756.16,756.16,1115.0,6.0,756.374081
2026-06-05 12:00:00+00:00,753.64,753.68,753.48,753.68,719.0,9.0,753.632296
2026-06-05 13:00:00+00:00,752.49,752.8,748.67,748.7,214336.0,3835.0,750.632221
2026-06-05 14:00:00+00:00,748.76,750.95,748.25,750.0,343093.0,5486.0,749.659109
2026-06-05 15:00:00+00:00,749.88,750.16,746.205,746.61,276418.0,4814.0,747.582442
2026-06-05 16:00:00+00:00,746.55,746.59,742.495,744.54,388072.0,6637.0,744.584672
2026-06-05 17:00:00+00:00,744.525,745.29,742.83,744.615,247662.0,4270.0,743.902954
2026-06-05 18:00:00+00:00,744.68,744.78,738.5,739.19,433330.0,7194.0,740.686393
2026-06-05 19:00:00+00:00,739.11,739.8,735.59,737.45,922634.0,14329.0,737.984657
2026-06-05 20:00:00+00:00,737.44,737.44,733.66,734.47,3031.0,12.0,734.44317
2026-06-08 12:00:00+00:00,742.2,743.76,742.2,743.76,2392.0,30.0,743.006276
2026-06-08 13:00:00+00:00,743.79,744.505,740.82,740.845,200575.0,2893.0,742.698009
2026-06-08 14:00:00+00:00,740.8,744.98,740.63,744.98,272860.0,4704.0,742.83613
2026-06-08 15:00:00+00:00,745.0,745.32,741.88,742.72,208577.0,3891.0,744.027032
2026-06-08 16:00:00+00:00,742.7,743.96,741.53,742.015,129618.0,2896.0,742.592896
2026-06-08 17:00:00+00:00,741.93,742.39,740.09,741.13,201136.0,3746.0,740.981124
2026-06-08 18:00:00+00:00,741.15,742.42,740.77,740.99,251532.0,4223.0,741.568767
2026-06-08 19:00:00+00:00,740.99,741.14,738.2,739.235,442298.0,7368.0,739.481153
2026-06-09 12:00:00+00:00,742.24,743.08,742.24,742.71,535.0,6.0,742.443738
2026-06-09 13:00:00+00:00,743.31,746.89,743.31,744.34,255806.0,3412.0,744.847733
2026-06-09 14:00:00+00:00,744.09,745.0,734.71,737.73,546942.0,7580.0,739.623437
2026-06-09 15:00:00+00:00,737.81,738.39,728.96,729.075,430460.0,5813.0,732.782795
2026-06-09 16:00:00+00:00,729.135,730.54,722.605,726.68,591062.0,8779.0,726.282517
2026-06-09 17:00:00+00:00,726.85,733.91,726.41,732.56,528947.0,6343.0,730.073046
2026-06-09 18:00:00+00:00,732.63,737.11,732.15,736.75,329685.0,4927.0,734.585843
2026-06-09 19:00:00+00:00,736.82,737.645,732.54,737.07,739906.0,11066.0,735.352762
2026-06-09 20:00:00+00:00,736.5,736.5,736.35,736.42,4085.0,50.0,736.484774
2026-06-10 12:00:00+00:00,731.11,734.55,730.27,733.71,6012.0,72.0,732.970026
2026-06-10 13:00:00+00:00,733.06,736.97,731.6,735.53,181695.0,2820.0,734.855358
2026-06-10 14:00:00+00:00,735.775,738.38,732.31,732.86,383092.0,5330.0,735.929047
2026-06-10 15:00:00+00:00,732.92,734.42,728.515,731.95,444262.0,6846.0,730.971383
2026-06-10 16:00:00+00:00,731.97,732.51,729.42,730.36,191921.0,3574.0,730.829849
2026-06-10 17:00:00+00:00,730.39,731.37,727.89,730.69,292158.0,4822.0,729.474868
2026-06-10 18:00:00+00:00,730.725,731.73,727.0,727.4,240097.0,4055.0,729.689851
2026-06-10 19:00:00+00:00,727.45,728.09,725.37,725.58,548631.0,8085.0,726.636339
2026-06-10 20:00:00+00:00,724.6,724.73,724.6,724.73,147.0,3.0,724.682294
2026-06-11 12:00:00+00:00,730.56,730.56,726.93,729.24,5316.0,52.0,728.495453
2026-06-11 13:00:00+00:00,728.8,731.53,726.37,729.71,245327.0,3602.0,728.899974
2026-06-11 14:00:00+00:00,729.76,731.575,725.15,725.645,329079.0,5724.0,728.531307
2026-06-11 15:00:00+00:00,725.57,729.44,724.46,728.1,330057.0,5913.0,727.354658
2026-06-11 16:00:00+00:00,728.025,730.3,726.505,726.54,328085.0,5695.0,728.581061
2026-06-11 17:00:00+00:00,726.52,736.58,725.3,734.96,467819.0,8133.0,731.551317
2026-06-11 18:00:00+00:00,734.94,736.285,732.61,735.76,468390.0,8298.0,734.719524
2026-06-11 19:00:00+00:00,735.72,740.0,735.33,737.67,939798.0,14516.0,738.081939
2026-06-11 20:00:00+00:00,738.12,738.15,738.12,738.15,4860.0,8.0,738.120847
2026-06-12 12:00:00+00:00,741.4,741.4,739.98,739.98,207.0,3.0,740.932367
2026-06-12 13:00:00+00:00,738.81,740.79,735.03,736.61,200771.0,2970.0,737.119218
2026-06-12 14:00:00+00:00,736.8,742.72,736.54,742.41,319265.0,4534.0,739.365702
2026-06-12 15:00:00+00:00,742.46,744.41,738.47,738.91,283861.0,4033.0,741.721222
2026-06-12 16:00:00+00:00,738.89,742.18,738.17,741.53,326148.0,4356.0,740.127304
2026-06-12 17:00:00+00:00,741.58,742.96,740.88,741.32,240709.0,4060.0,741.942062
2026-06-12 18:00:00+00:00,741.27,742.32,740.44,741.025,309521.0,5019.0,741.312369
2026-06-12 19:00:00+00:00,740.99,742.21,740.075,741.67,558356.0,9863.0,741.237665
2026-06-15 12:00:00+00:00,751.42,751.62,750.93,751.06,728.0,9.0,751.302899
2026-06-15 13:00:00+00:00,751.8,754.08,751.78,753.315,234536.0,3986.0,753.128208
2026-06-15 14:00:00+00:00,753.32,754.37,752.53,754.16,262951.0,4719.0,753.418573
2026-06-15 15:00:00+00:00,754.23,756.21,754.2,756.14,221430.0,4178.0,755.080153
2026-06-15 16:00:00+00:00,756.15,756.68,755.53,755.87,174832.0,3407.0,756.115715
2026-06-15 17:00:00+00:00,755.84,756.33,755.08,755.195,174749.0,3289.0,755.814188
2026-06-15 18:00:00+00:00,755.32,755.46,754.455,755.0,187163.0,3798.0,755.035482
2026-06-15 19:00:00+00:00,755.0,755.24,753.4,754.75,681712.0,9456.0,754.246254
2026-06-15 20:00:00+00:00,754.39,754.5,754.39,754.5,540.0,6.0,754.47963
2026-06-16 13:00:00+00:00,754.2,755.44,754.01,754.1,143905.0,2371.0,754.941546
2026-06-16 14:00:00+00:00,754.08,755.17,752.31,752.87,297030.0,4284.0,753.513577
2026-06-16 15:00:00+00:00,753.11,753.72,751.72,752.77,202250.0,3564.0,752.899212
2026-06-16 16:00:00+00:00,752.73,753.95,752.34,752.74,107468.0,2309.0,753.184036
2026-06-16 17:00:00+00:00,752.73,752.8,751.48,752.11,101684.0,2182.0,752.197336
2026-06-16 18:00:00+00:00,752.1,752.34,751.66,751.78,149916.0,2891.0,752.02125
2026-06-16 19:00:00+00:00,751.75,751.86,749.89,750.58,797949.0,9374.0,750.748539
2026-06-17 12:00:00+00:00,750.61,751.29,750.61,751.29,580.0,8.0,750.970576
2026-06-17 13:00:00+00:00,751.49,751.77,749.86,749.89,129909.0,2229.0,750.949984
2026-06-17 14:00:00+00:00,749.895,752.13,747.98,749.07,242112.0,3804.0,750.276098
2026-06-17 15:00:00+00:00,749.05,750.85,748.62,750.625,157837.0,3051.0,749.927785
2026-06-17 16:00:00+00:00,750.63,751.02,749.93,750.015,138706.0,2725.0,750.501211
2026-06-17 17:00:00+00:00,749.97,750.87,748.61,750.87,155249.0,3303.0,749.747182
2026-06-17 18:00:00+00:00,750.82,750.835,743.48,745.97,631382.0,9989.0,747.002575
2026-06-17 19:00:00+00:00,746.05,747.13,739.26,741.1,1100841.0,15203.0,741.63909
2026-06-17 20:00:00+00:00,741.02,742.43,741.02,742.43,3157.0,23.0,742.319574
2026-06-18 12:00:00+00:00,744.55,745.72,744.55,745.59,2165.0,18.0,745.468186
2026-06-18 13:00:00+00:00,746.79,748.18,743.88,744.76,151359.0,2549.0,745.63449
2026-06-18 14:00:00+00:00,744.745,747.26,744.25,746.82,203239.0,3913.0,745.890176
2026-06-18 15:00:00+00:00,746.93,746.98,744.35,746.27,161143.0,3620.0,745.747131
2026-06-18 16:00:00+00:00,746.37,747.25,745.75,746.62,116859.0,2777.0,746.467194
2026-06-18 17:00:00+00:00,746.7,748.13,746.42,747.05,165159.0,2888.0,747.514142
2026-06-18 18:00:00+00:00,747.03,747.08,746.16,746.42,173801.0,3508.0,746.604322
2026-06-18 19:00:00+00:00,746.4,748.1,745.21,746.75,518681.0,8365.0,747.080297
2026-06-18 20:00:00+00:00,747.7,748.46,747.7,748.46,1038.0,7.0,748.183892
2026-06-22 13:00:00+00:00,747.65,749.89,747.57,749.84,158204.0,2451.0,748.957574
2026-06-22 14:00:00+00:00,749.89,750.14,743.15,744.67,239133.0,3954.0,746.349068
2026-06-22 15:00:00+00:00,744.6,746.28,743.92,744.62,192941.0,3533.0,744.877045
2026-06-22 16:00:00+00:00,744.64,745.35,743.62,744.95,125756.0,2555.0,744.50628
2026-06-22 17:00:00+00:00,744.92,745.325,743.98,744.7,87237.0,1912.0,744.675667
2026-06-22 18:00:00+00:00,744.71,745.74,743.62,743.69,162707.0,3381.0,744.792121
2026-06-22 19:00:00+00:00,743.76,744.83,743.13,744.27,707710.0,8873.0,744.052602
2026-06-23 12:00:00+00:00,734.22,734.22,734.13,734.13,195.0,2.0,734.201538
2026-06-23 13:00:00+00:00,733.735,737.205,732.3,737.185,244958.0,3939.0,734.62351
2026-06-23 14:00:00+00:00,737.125,739.6,736.54,737.01,262385.0,4774.0,738.040195
2026-06-23 15:00:00+00:00,737.0,737.37,734.24,735.94,214413.0,3923.0,735.357024
2026-06-23 16:00:00+00:00,736.0,737.98,735.93,737.55,133231.0,2486.0,737.190872
2026-06-23 17:00:00+00:00,737.425,738.09,735.76,735.84,138669.0,2396.0,737.103827
2026-06-23 18:00:00+00:00,735.82,736.57,733.33,734.03,210660.0,3941.0,734.879288
2026-06-23 19:00:00+00:00,734.06,735.6,733.62,733.62,700973.0,9284.0,734.673087
2026-06-24 12:00:00+00:00,736.48,737.0,736.48,736.8,667.0,9.0,736.795672
2026-06-24 13:00:00+00:00,734.7,737.62,734.3,735.94,129124.0,2079.0,736.196763
2026-06-24 14:00:00+00:00,736.05,739.705,734.12,739.6,160187.0,2989.0,736.814873
2026-06-24 15:00:00+00:00,739.71,739.93,737.84,738.34,123721.0,2676.0,738.954105
2026-06-24 16:00:00+00:00,738.12,738.87,735.4,735.64,90942.0,2168.0,737.184318
2026-06-24 17:00:00+00:00,735.69,736.46,731.31,731.83,151461.0,3100.0,733.305511
2026-06-24 18:00:00+00:00,731.89,734.65,731.26,731.92,175035.0,3387.0,732.952848
2026-06-24 19:00:00+00:00,732.0,733.33,730.86,733.32,589500.0,7287.0,732.097275
2026-06-24 20:00:00+00:00,734.5,738.16,734.5,738.02,1032.0,16.0,736.838763
2026-06-25 12:00:00+00:00,738.26,739.22,738.26,739.11,700.0,9.0,738.700571
2026-06-25 13:00:00+00:00,738.51,739.31,729.63,729.88,257276.0,4200.0,734.044771
2026-06-25 14:00:00+00:00,729.88,737.79,729.83,735.26,361240.0,5681.0,734.989676
2026-06-25 15:00:00+00:00,735.34,736.48,731.86,734.14,253173.0,4107.0,734.186162
2026-06-25 16:00:00+00:00,734.16,736.22,731.5,732.49,152079.0,3066.0,733.98969
2026-06-25 17:00:00+00:00,732.69,734.22,731.66,733.42,209656.0,3793.0,732.96692
2026-06-25 18:00:00+00:00,733.47,736.04,731.4,733.81,194653.0,4096.0,733.899416
2026-06-25 19:00:00+00:00,733.905,733.905,731.33,733.33,566671.0,9148.0,732.281606
2026-06-25 20:00:00+00:00,733.32,735.36,733.32,734.85,1453.0,27.0,734.56668
2026-06-26 12:00:00+00:00,730.33,730.57,729.81,729.81,300.0,3.0,730.236667
2026-06-26 13:00:00+00:00,728.875,731.27,726.88,730.81,132254.0,2147.0,729.025085
2026-06-26 14:00:00+00:00,730.85,734.2,730.65,732.47,233319.0,3730.0,732.681473
2026-06-26 15:00:00+00:00,732.6,736.5,731.67,735.47,192895.0,3617.0,734.257325
2026-06-26 16:00:00+00:00,735.38,735.49,732.78,734.46,194018.0,3501.0,734.192551
2026-06-26 17:00:00+00:00,734.475,735.83,733.48,733.67,168361.0,3332.0,734.522577
2026-06-26 18:00:00+00:00,733.69,734.58,731.32,731.62,266815.0,4373.0,732.828051
2026-06-26 19:00:00+00:00,731.64,733.85,716.58,729.35,874317.0,10019.0,732.470974
2026-06-26 20:00:00+00:00,731.75,732.24,730.75,732.14,3105.0,37.0,731.29468
2026-06-29 13:00:00+00:00,736.61,739.86,735.38,736.83,138134.0,2085.0,738.156645
2026-06-29 14:00:00+00:00,736.95,738.29,732.12,737.8,291918.0,4613.0,735.480091
2026-06-29 15:00:00+00:00,737.905,738.57,736.44,738.505,196732.0,3207.0,737.58697
2026-06-29 16:00:00+00:00,738.59,739.12,737.985,738.68,139077.0,2722.0,738.543947
2026-06-29 17:00:00+00:00,738.74,740.82,738.74,740.42,125022.0,2849.0,739.918768
2026-06-29 18:00:00+00:00,740.44,741.18,740.135,740.67,140731.0,2765.0,740.621789
2026-06-29 19:00:00+00:00,740.685,741.54,740.23,740.86,583145.0,8236.0,740.698405
2026-06-29 20:00:00+00:00,740.95,740.95,740.89,740.89,480.0,4.0,740.945
2026-06-30 12:00:00+00:00,741.81,741.81,741.61,741.61,200.0,2.0,741.71
2026-06-30 13:00:00+00:00,741.3,743.94,740.9,743.875,292159.0,3390.0,742.245623
2026-06-30 14:00:00+00:00,743.85,745.36,742.86,743.33,216479.0,3456.0,744.074921
2026-06-30 15:00:00+00:00,743.32,745.99,743.25,745.78,139783.0,2295.0,745.039732
2026-06-30 16:00:00+00:00,745.79,747.02,745.76,746.775,111964.0,2069.0,746.390484
2026-06-30 17:00:00+00:00,746.77,747.14,746.16,746.48,95244.0,2114.0,746.572764
2026-06-30 18:00:00+00:00,746.46,747.44,746.335,747.13,131787.0,2767.0,746.934259
2026-06-30 19:00:00+00:00,747.12,748.01,746.37,746.65,521406.0,7935.0,747.177277
2026-07-01 12:00:00+00:00,745.3,745.3,744.26,744.26,300.0,4.0,744.977857
2026-07-01 13:00:00+00:00,744.965,745.31,742.385,745.31,257465.0,3273.0,743.92392
2026-07-01 14:00:00+00:00,745.42,747.1,745.04,746.96,244233.0,3586.0,746.440473
2026-07-01 15:00:00+00:00,746.98,749.345,746.91,748.81,192508.0,2934.0,748.503774
2026-07-01 16:00:00+00:00,748.82,749.41,747.36,747.47,110342.0,2138.0,748.691611
2026-07-01 17:00:00+00:00,747.51,748.395,747.05,747.18,128422.0,2326.0,747.722852
2026-07-01 18:00:00+00:00,747.21,747.67,746.47,746.86,143386.0,2569.0,747.092665
2026-07-01 19:00:00+00:00,746.84,747.67,745.16,745.665,469774.0,6541.0,746.33043
2026-07-02 12:00:00+00:00,747.13,749.54,746.89,749.37,2931.0,30.0,748.81015
2026-07-02 13:00:00+00:00,747.415,751.23,747.12,750.77,169200.0,2494.0,749.381123
2026-07-02 14:00:00+00:00,750.78,751.23,746.03,747.62,258708.0,4260.0,748.854936
2026-07-02 15:00:00+00:00,747.715,747.78,744.08,744.645,225434.0,3729.0,745.592563
2026-07-02 16:00:00+00:00,744.65,744.85,741.88,742.17,169111.0,3205.0,743.49237
2026-07-02 17:00:00+00:00,742.2,742.24,740.04,740.23,185613.0,3136.0,741.181217
2026-07-02 18:00:00+00:00,740.21,743.46,740.06,742.97,201447.0,3387.0,742.277741
2026-07-02 19:00:00+00:00,742.98,745.58,741.35,744.86,743119.0,8646.0,743.981779
2026-07-02 20:00:00+00:00,744.26,744.26,744.07,744.07,220.0,4.0,744.156364
2026-07-06 13:00:00+00:00,748.22,749.53,747.455,748.42,174787.0,2445.0,748.615059
2026-07-06 14:00:00+00:00,748.54,750.27,748.05,750.27,174485.0,2857.0,749.468711
2026-07-06 15:00:00+00:00,750.29,750.95,749.63,750.82,147802.0,2403.0,750.39677
2026-07-06 16:00:00+00:00,750.79,751.12,750.4,750.42,138276.0,2544.0,750.77333
2026-07-06 17:00:00+00:00,750.425,751.52,749.64,750.095,165631.0,2695.0,750.627474
2026-07-06 18:00:00+00:00,750.185,752.01,750.18,751.915,177667.0,2921.0,751.20834
2026-07-06 19:00:00+00:00,751.945,752.4,750.82,751.27,540516.0,7134.0,751.555474
2026-07-06 20:00:00+00:00,751.31,751.68,751.31,751.63,2226.0,17.0,751.650121
2026-07-07 13:00:00+00:00,750.21,750.935,748.25,748.775,124571.0,1968.0,749.576489
2026-07-07 14:00:00+00:00,748.79,749.13,745.27,746.62,238443.0,3862.0,746.793931
2026-07-07 15:00:00+00:00,746.47,747.43,745.48,747.43,170941.0,2883.0,746.400509
2026-07-07 16:00:00+00:00,747.37,749.11,747.25,748.96,146944.0,2716.0,748.379688
2026-07-07 17:00:00+00:00,748.97,749.34,748.42,749.13,89970.0,2060.0,748.95548
2026-07-07 18:00:00+00:00,749.19,749.27,747.43,747.51,169188.0,3386.0,748.549474
2026-07-07 19:00:00+00:00,747.5,747.93,746.04,747.77,494824.0,8334.0,747.144873
2026-07-07 20:00:00+00:00,747.5,747.5,747.49,747.49,1216.0,14.0,747.496324
2026-07-08 12:00:00+00:00,743.39,743.74,743.2,743.74,400.0,4.0,743.39
2026-07-08 13:00:00+00:00,743.135,744.92,742.74,744.09,127788.0,2091.0,743.917439
2026-07-08 14:00:00+00:00,744.08,744.65,740.98,741.85,226450.0,3899.0,742.954406
2026-07-08 15:00:00+00:00,741.96,742.005,739.55,740.7,192604.0,3795.0,740.719747
2026-07-08 16:00:00+00:00,740.63,744.74,740.63,744.69,159805.0,3065.0,742.777634
2026-07-08 17:00:00+00:00,744.54,746.09,743.96,744.39,120593.0,2438.0,744.900576
2026-07-08 18:00:00+00:00,744.365,745.49,744.0,745.31,102368.0,2167.0,744.963947
2026-07-08 19:00:00+00:00,745.36,746.14,744.485,745.28,292998.0,4502.0,745.324799
2026-07-08 20:00:00+00:00,745.2,745.2,744.41,744.41,240.0,6.0,744.805
2026-07-09 12:00:00+00:00,747.5,747.5,747.5,747.5,100.0,1.0,747.5
2026-07-09 13:00:00+00:00,747.29,749.2,745.715,748.59,133975.0,2318.0,747.958275
2026-07-09 14:00:00+00:00,748.735,749.02,745.6,748.73,256523.0,3727.0,747.373463
2026-07-09 15:00:00+00:00,748.73,750.23,748.605,749.86,138537.0,2213.0,749.491152
2026-07-09 16:00:00+00:00,749.91,750.885,749.91,750.43,104964.0,1801.0,750.528904
2026-07-09 17:00:00+00:00,750.42,751.97,750.4,751.61,111956.0,1975.0,751.498282
2026-07-09 18:00:00+00:00,751.64,751.865,750.89,751.05,183938.0,2960.0,751.362719
2026-07-09 19:00:00+00:00,751.05,751.58,750.67,751.55,534603.0,6707.0,751.146881
2026-07-10 12:00:00+00:00,751.89,751.89,751.89,751.89,100.0,1.0,751.89
2026-07-10 13:00:00+00:00,752.1,753.22,751.81,752.925,106256.0,1726.0,752.611338
2026-07-10 14:00:00+00:00,752.92,753.33,748.14,751.23,224469.0,3554.0,751.873167
2026-07-10 15:00:00+00:00,751.25,753.42,750.66,752.82,150607.0,2531.0,752.362976
2026-07-10 16:00:00+00:00,752.88,754.13,752.85,754.015,114430.0,1972.0,753.43756
2026-07-10 17:00:00+00:00,753.98,754.41,753.48,753.99,101641.0,1716.0,754.043051
2026-07-10 18:00:00+00:00,753.995,754.71,753.935,754.48,130561.0,1986.0,754.339539
2026-07-10 19:00:00+00:00,754.5,755.42,754.47,754.94,444441.0,5899.0,755.029489
2026-07-10 20:00:00+00:00,754.94,755.1,754.94,755.1,824.0,8.0,755.051436
2026-07-13 12:00:00+00:00,752.43,752.43,751.68,751.81,752.0,9.0,752.097541
2026-07-13 13:00:00+00:00,752.62,753.835,751.93,753.59,131931.0,2703.0,753.023058
2026-07-13 14:00:00+00:00,753.68,753.91,750.4,752.74,234366.0,3327.0,752.354156
2026-07-13 15:00:00+00:00,752.79,753.01,751.12,751.24,172368.0,2412.0,751.882992
2026-07-13 16:00:00+00:00,751.185,751.8,748.94,749.95,233846.0,3091.0,750.426309
2026-07-13 17:00:00+00:00,749.95,750.63,749.22,749.22,115470.0,1813.0,749.902217
2026-07-13 18:00:00+00:00,749.32,750.16,748.98,749.55,153573.0,2351.0,749.529155
2026-07-13 19:00:00+00:00,749.51,749.95,748.06,749.13,469787.0,6223.0,749.09506
2026-07-14 12:00:00+00:00,748.15,753.93,748.15,751.91,2400.0,29.0,752.522956
2026-07-14 13:00:00+00:00,750.93,751.755,749.54,751.37,119930.0,1767.0,750.691065
2026-07-14 14:00:00+00:00,751.35,753.31,748.71,751.68,209379.0,2828.0,750.854422
2026-07-14 15:00:00+00:00,751.79,753.04,750.68,751.01,157149.0,2381.0,751.987926
2026-07-14 16:00:00+00:00,751.04,751.83,750.02,751.83,120855.0,1843.0,750.779091
2026-07-14 17:00:00+00:00,751.87,752.61,751.59,752.28,71190.0,1128.0,752.071595
2026-07-14 18:00:00+00:00,752.29,752.74,751.74,752.17,122530.0,2061.0,752.262653
2026-07-14 19:00:00+00:00,752.16,752.52,751.75,751.94,300851.0,4582.0,752.172745
2026-07-14 20:00:00+00:00,751.95,752.05,751.95,752.05,1477.0,11.0,751.975186
2026-07-15 12:00:00+00:00,753.11,753.52,753.11,753.46,660.0,8.0,753.349375
2026-07-15 13:00:00+00:00,754.225,755.54,753.19,754.41,153580.0,2609.0,754.25433
2026-07-15 14:00:00+00:00,754.51,755.54,752.77,753.49,273952.0,4115.0,754.231285
2026-07-15 15:00:00+00:00,753.52,754.11,752.25,752.67,140881.0,3050.0,753.167345
2026-07-15 16:00:00+00:00,752.67,752.79,750.25,751.625,218024.0,3805.0,751.218082
2026-07-15 17:00:00+00:00,751.69,754.45,751.59,754.13,155838.0,2568.0,752.918157
2026-07-15 18:00:00+00:00,754.18,754.92,753.12,753.16,138799.0,2517.0,754.257925
2026-07-15 19:00:00+00:00,753.11,754.8,753.1,754.77,364306.0,5191.0,753.995934
2026-07-16 12:00:00+00:00,752.4,752.4,751.83,751.83,322.0,6.0,752.23354
2026-07-16 13:00:00+00:00,752.8,753.51,750.7,751.92,200957.0,2398.0,751.834712
2026-07-16 14:00:00+00:00,751.78,754.55,751.74,754.16,191339.0,2701.0,753.51943
2026-07-16 15:00:00+00:00,754.225,754.44,752.98,753.57,109237.0,1744.0,753.62427
2026-07-16 16:00:00+00:00,753.585,753.585,751.46,752.855,158471.0,2435.0,752.353881
2026-07-16 17:00:00+00:00,752.89,752.905,751.09,751.355,108412.0,1913.0,752.108111
2026-07-16 18:00:00+00:00,751.3,751.71,749.94,750.24,200331.0,3032.0,750.785969
2026-07-16 19:00:00+00:00,750.22,751.04,747.88,750.87,687489.0,7983.0,749.516614
2026-07-17 12:00:00+00:00,744.82,744.82,744.22,744.22,880.0,10.0,744.413809
2026-07-17 13:00:00+00:00,742.17,744.83,740.8,744.82,286812.0,3053.0,742.381763
2026-07-17 14:00:00+00:00,744.8,747.24,744.71,745.07,315977.0,3821.0,746.164244
2026-07-17 15:00:00+00:00,745.15,747.06,743.96,746.85,219481.0,2873.0,745.060028
2026-07-17 16:00:00+00:00,746.89,747.25,744.94,746.32,185777.0,2647.0,746.048645
2026-07-17 17:00:00+00:00,746.33,747.1,744.38,744.59,160291.0,2420.0,746.111212
2026-07-17 18:00:00+00:00,744.6,745.1,743.11,744.44,178140.0,2937.0,744.021479
2026-07-17 19:00:00+00:00,744.39,744.39,742.16,743.28,662771.0,8892.0,743.515393
2026-07-20 12:00:00+00:00,745.96,746.43,745.96,746.43,340.0,4.0,746.206471
2026-07-20 13:00:00+00:00,747.04,748.69,745.535,745.725,154808.0,2324.0,747.470357
2026-07-20 14:00:00+00:00,745.61,746.315,743.77,744.115,212439.0,2735.0,745.018899
2026-07-20 15:00:00+00:00,744.12,746.42,743.82,745.995,137486.0,1893.0,745.248685
2026-07-20 16:00:00+00:00,746.0,746.98,744.65,745.01,161031.0,2252.0,745.896545
2026-07-20 17:00:00+00:00,744.99,745.16,743.59,744.54,151643.0,2000.0,744.233956
2026-07-20 18:00:00+00:00,744.64,745.355,742.46,742.78,208097.0,2839.0,744.001261
2026-07-20 19:00:00+00:00,742.77,743.335,741.56,742.15,484230.0,5931.0,742.304927
2026-07-20 20:00:00+00:00,741.93,741.93,741.85,741.85,200.0,2.0,741.89
2026-07-21 13:00:00+00:00,746.31,746.6,744.25,745.325,152409.0,2200.0,745.19495
2026-07-21 14:00:00+00:00,745.37,747.26,744.79,746.77,173902.0,2519.0,746.064711
2026-07-21 15:00:00+00:00,746.86,748.01,745.88,747.51,149681.0,2581.0,747.356639
2026-07-21 16:00:00+00:00,747.495,749.03,747.495,748.71,111107.0,1987.0,748.505584
2026-07-21 17:00:00+00:00,748.72,748.93,748.23,748.58,155657.0,1975.0,748.524934
2026-07-21 18:00:00+00:00,748.54,748.735,747.955,748.36,126372.0,2233.0,748.284233
2026-07-21 19:00:00+00:00,748.4,748.65,748.09,748.155,348364.0,5117.0,748.367446
2026-07-21 20:00:00+00:00,748.25,748.25,747.95,747.95,1540.0,2.0,748.242208
2026-07-22 12:00:00+00:00,745.79,746.11,745.79,746.11,147.0,3.0,745.908425
2026-07-22 13:00:00+00:00,747.05,748.735,746.425,748.735,139333.0,1764.0,747.693332
2026-07-22 14:00:00+00:00,748.775,749.37,746.745,747.965,217253.0,2798.0,747.797114
2026-07-22 15:00:00+00:00,747.985,749.76,747.9,749.75,158013.0,2263.0,748.986142
2026-07-22 16:00:00+00:00,749.79,750.015,749.5,749.84,120979.0,1838.0,749.753176
2026-07-22 17:00:00+00:00,749.82,749.885,748.4,748.515,94015.0,1625.0,749.181308
2026-07-22 18:00:00+00:00,748.515,748.7,748.03,748.44,140701.0,2109.0,748.350986
2026-07-22 19:00:00+00:00,748.42,748.46,747.37,747.49,353275.0,4616.0,747.911154
2026-07-22 20:00:00+00:00,748.6,748.6,748.6,748.6,40.0,1.0,748.6
2026-07-23 12:00:00+00:00,743.74,743.79,742.07,742.12,730.0,9.0,742.71217
2026-07-23 13:00:00+00:00,739.92,742.515,738.54,739.57,222994.0,3098.0,740.655834
2026-07-23 14:00:00+00:00,739.69,740.91,738.03,738.345,281181.0,3413.0,739.547708
2026-07-23 15:00:00+00:00,738.4,738.47,735.25,737.845,282539.0,4248.0,736.836574
2026-07-23 16:00:00+00:00,737.845,739.72,737.57,738.675,201986.0,2868.0,738.591823
2026-07-23 17:00:00+00:00,738.44,739.165,737.13,737.195,134449.0,2218.0,738.332601
2026-07-23 18:00:00+00:00,737.05,737.66,736.61,737.04,167979.0,2703.0,737.126461
2026-07-23 19:00:00+00:00,737.11,738.55,735.72,738.06,423120.0,6125.0,737.184623
2026-07-23 20:00:00+00:00,739.01,739.01,739.01,739.01,853.0,10.0,739.01
2026-07-24 12:00:00+00:00,740.58,740.66,740.58,740.66,300.0,3.0,740.616667
2026-07-24 13:00:00+00:00,738.505,739.85,737.44,737.625,132234.0,1956.0,738.655884
2026-07-24 14:00:00+00:00,737.59,740.68,737.35,740.63,259099.0,3284.0,738.785739
2026-07-24 15:00:00+00:00,740.6,743.225,739.64,743.0,181699.0,2771.0,741.966562
2026-07-24 16:00:00+00:00,743.04,743.71,740.79,741.47,164625.0,2395.0,742.590686
2026-07-24 17:00:00+00:00,741.415,742.11,740.34,741.02,89056.0,1513.0,741.220863
2026-07-24 18:00:00+00:00,740.965,741.265,737.66,738.415,211511.0,3025.0,738.918874
2026-07-24 19:00:00+00:00,738.59,739.09,737.3,738.9,489099.0,6115.0,738.149467
2026-07-24 20:00:00+00:00,738.5,738.5,738.25,738.29,2594.0,5.0,738.283084
2026-07-27 12:00:00+00:00,744.9,744.9,744.9,744.9,80.0,1.0,744.9
2026-07-27 13:00:00+00:00,744.9,745.52,741.62,741.62,128283.0,1966.0,744.086937
2026-07-27 14:00:00+00:00,741.615,742.085,736.55,739.76,325656.0,4911.0,739.382543
2026-07-27 15:00:00+00:00,739.73,740.28,736.34,737.49,158297.0,2837.0,738.40442
2026-07-27 16:00:00+00:00,737.52,739.63,736.68,737.03,130243.0,2349.0,738.180426
2026-07-27 17:00:00+00:00,737.03,737.84,735.88,737.83,100614.0,2066.0,736.70222
2026-07-27 18:00:00+00:00,737.94,739.24,736.63,739.055,166619.0,2828.0,737.604595
2026-07-27 19:00:00+00:00,739.06,739.83,738.49,738.85,404121.0,5737.0,738.995699
2026-07-28 12:00:00+00:00,739.31,740.02,739.2,739.92,7709.0,37.0,739.876359
2026-07-28 13:00:00+00:00,739.165,739.42,736.01,736.5,198339.0,2727.0,737.644586
2026-07-28 14:00:00+00:00,736.49,739.8,736.275,738.625,233146.0,3331.0,737.99669
2026-07-28 15:00:00+00:00,738.63,742.43,738.03,742.17,177157.0,2850.0,740.622652
2026-07-28 16:00:00+00:00,742.215,742.755,740.92,742.59,114017.0,1759.0,741.774897
2026-07-28 17:00:00+00:00,742.48,742.715,740.54,741.19,107461.0,1922.0,741.436681
2026-07-28 18:00:00+00:00,741.21,741.59,740.42,741.46,99738.0,1741.0,740.949174
2026-07-28 19:00:00+00:00,741.455,741.94,740.46,740.795,389238.0,4578.0,741.174452
2026-07-28 20:00:00+00:00,740.67,740.67,740.67,740.67,152.0,3.0,740.67
2026-07-29 12:00:00+00:00,740.44,740.63,740.2,740.63,600.0,6.0,740.443333
2026-07-29 13:00:00+00:00,740.52,740.52,736.63,737.44,106261.0,1797.0,738.797218
2026-07-29 14:00:00+00:00,737.43,738.29,733.82,734.86,178992.0,3051.0,735.450472
2026-07-29 15:00:00+00:00,734.92,735.625,733.02,733.73,134316.0,1725.0,734.504167
2026-07-29 16:00:00+00:00,733.76,734.86,731.74,734.855,146337.0,2196.0,733.137687
2026-07-29 17:00:00+00:00,734.89,737.175,734.75,736.35,140889.0,2224.0,736.000898
2026-07-29 18:00:00+00:00,736.43,742.68,736.07,741.745,354124.0,4390.0,739.095574
2026-07-29 19:00:00+00:00,741.99,742.54,729.105,729.57,840687.0,7873.0,732.185266
2026-07-29 20:00:00+00:00,730.02,730.02,728.0,728.0,5356.0,14.0,728.865727
2026-07-30 12:00:00+00:00,734.21,735.04,734.21,734.3,1480.0,17.0,734.751507
2026-07-30 13:00:00+00:00,736.025,738.66,734.67,738.6,224965.0,2882.0,736.487622
2026-07-30 14:00:00+00:00,738.62,739.18,735.645,736.225,312929.0,4334.0,737.714409
2026-07-30 15:00:00+00:00,736.25,737.62,734.625,737.11,148731.0,2188.0,735.915148
2026-07-30 16:00:00+00:00,737.1,739.18,736.9,738.99,127442.0,1681.0,738.475775
2026-07-30 17:00:00+00:00,739.01,740.365,739.01,739.79,108929.0,1625.0,739.805154
2026-07-30 18:00:00+00:00,740.0,740.81,739.74,740.78,125857.0,2283.0,740.287645
2026-07-30 19:00:00+00:00,740.78,742.45,740.765,741.63,511239.0,7265.0,741.656264
2026-07-30 20:00:00+00:00,743.5,743.5,742.59,742.59,5089.0,14.0,743.112309
2026-07-31 12:00:00+00:00,744.03,744.03,743.68,743.68,200.0,2.0,743.855
2026-07-31 13:00:00+00:00,744.685,746.295,741.57,741.95,256441.0,3285.0,743.551451
2026-07-31 14:00:00+00:00,741.89,742.9,737.7,742.5,432771.0,5854.0,740.170017
2026-07-31 15:00:00+00:00,742.595,743.315,739.825,743.12,222432.0,3269.0,741.470107
2026-07-31 16:00:00+00:00,743.08,744.96,742.5,744.635,159347.0,2505.0,744.012551
2026-07-31 17:00:00+00:00,744.66,746.46,744.555,745.46,142121.0,2217.0,745.651609
2026-07-31 18:00:00+00:00,745.425,746.52,745.33,746.17,128199.0,2519.0,746.04738
2026-07-31 19:00:00+00:00,746.18,748.86,745.795,746.79,567743.0,7676.0,747.632322
2026-08-03 12:00:00+00:00,750.38,750.88,750.35,750.88,860.0,9.0,750.471895
2026-08-03 13:00:00+00:00,750.46,753.62,749.21,753.61,274472.0,6267.0,751.675794
2026-08-03 14:00:00+00:00,753.45,755.39,753.13,755.38,318773.0,5565.0,754.35608
2026-08-03 15:00:00+00:00,755.36,756.2,754.79,755.96,229654.0,4304.0,755.426132
2026-08-03 16:00:00+00:00,755.98,756.61,755.77,756.2,147236.0,2334.0,756.247724
2026-08-03 17:00:00+00:00,756.2,757.78,756.005,757.66,192983.0,2645.0,757.028238
2026-08-03 18:00:00+00:00,757.645,758.325,757.345,757.95,243960.0,3718.0,757.900764
2026-08-03 19:00:00+00:00,757.98,758.58,757.43,757.72,515948.0,6909.0,758.047357
2026-08-03 20:00:00+00:00,757.57,758.2,757.48,758.2,3553.0,5.0,757.778075
2026-08-04 12:00:00+00:00,760.37,760.37,760.13,760.3,769.0,12.0,760.255
2026-08-04 13:00:00+00:00,760.63,763.47,760.53,763.36,237650.0,3158.0,762.265837
2026-08-04 14:00:00+00:00,763.38,766.41,763.105,766.32,338640.0,5411.0,764.897387
2026-08-04 15:00:00+00:00,766.33,768.9,766.18,768.42,254373.0,4107.0,767.499602
2026-08-04 16:00:00+00:00,768.42,770.32,768.15,770.265,179502.0,3490.0,769.343612
2026-08-04 17:00:00+00:00,770.275,773.075,770.165,771.57,245123.0,4435.0,771.515338
2026-08-04 18:00:00+00:00,771.54,772.46,771.08,772.09,219916.0,3822.0,771.974167
2026-08-04 19:00:00+00:00,772.105,773.41,770.97,771.11,798657.0,10691.0,772.215184
2026-08-04 20:00:00+00:00,771.7,771.7,771.7,771.7,40.0,1.0,771.7
2026-08-05 12:00:00+00:00,774.59,774.59,774.59,774.59,100.0,1.0,774.59
2026-08-05 13:00:00+00:00,775.91,776.81,774.4,776.69,219327.0,3397.0,775.817691
2026-08-05 14:00:00+00:00,776.365,776.53,772.69,773.48,294138.0,4576.0,774.806873
2026-08-05 15:00:00+00:00,773.515,773.95,770.375,770.67,225956.0,3493.0,772.07726
2026-08-05 16:00:00+00:00,770.61,772.215,769.93,771.85,194894.0,3130.0,771.23065
2026-08-05 17:00:00+00:00,771.955,772.13,771.05,771.54,107064.0,1716.0,771.548028
2026-08-05 18:00:00+00:00,771.69,772.25,771.22,771.395,202172.0,2908.0,771.770354
2026-08-05 19:00:00+00:00,771.375,771.96,769.53,769.79,361304.0,5304.0,771.294858
2026-08-05 20:00:00+00:00,770.6,770.6,770.6,770.6,80.0,2.0,770.6
2026-08-06 12:00:00+00:00,770.74,771.0,770.45,771.0,600.0,6.0,770.645
2026-08-06 13:00:00+00:00,770.03,771.51,769.08,770.895,122998.0,1796.0,770.470665
2026-08-06 14:00:00+00:00,771.04,771.8,769.53,770.985,174293.0,2553.0,770.744368
2026-08-06 15:00:00+00:00,770.99,771.195,767.995,768.125,143659.0,2472.0,769.164288
2026-08-06 16:00:00+00:00,768.17,769.01,767.5,768.95,118776.0,2196.0,768.219755
2026-08-06 17:00:00+00:00,768.99,769.18,767.72,768.6,79975.0,1508.0,768.327951
2026-08-06 18:00:00+00:00,768.68,769.7,768.525,768.93,117277.0,2152.0,769.077023
2026-08-06 19:00:00+00:00,768.97,769.78,767.71,768.64,333069.0,5142.0,768.555198
2026-08-06 20:00:00+00:00,769.0,769.0,768.13,768.13,252.0,5.0,768.418852
2026-08-07 12:00:00+00:00,770.69,772.59,770.36,772.37,3128.0,35.0,771.800229
2026-08-07 13:00:00+00:00,771.29,772.34,770.47,771.15,191602.0,2432.0,771.315187
2026-08-07 14:00:00+00:00,771.095,773.33,769.62,772.805,233269.0,3405.0,771.631161
2026-08-07 15:00:00+00:00,772.865,773.885,772.4,773.08,169729.0,3044.0,773.262863
2026-08-07 16:00:00+00:00,773.01,773.355,771.07,771.965,118735.0,2049.0,772.428943
2026-08-07 17:00:00+00:00,772.005,772.43,771.73,772.27,65085.0,1324.0,772.142924
2026-08-07 18:00:00+00:00,772.13,772.255,770.89,771.675,87471.0,1736.0,771.589534
2026-08-07 19:00:00+00:00,771.74,773.78,771.715,773.105,327508.0,4520.0,773.001487
2026-08-07 20:00:00+00:00,773.16,773.16,773.16,773.16,100.0,1.0,773.16
2026-08-10 13:00:00+00:00,772.77,773.625,772.51,773.47,144696.0,2168.0,773.002415
2026-08-10 14:00:00+00:00,773.52,775.03,773.4,773.51,282587.0,3991.0,774.156329
2026-08-10 15:00:00+00:00,773.57,774.37,773.185,774.3,130641.0,2044.0,773.718956
2026-08-10 16:00:00+00:00,774.3,774.435,771.91,772.81,178183.0,2598.0,773.075315
2026-08-10 17:00:00+00:00,772.935,773.265,772.51,772.735,84043.0,1548.0,772.888213
2026-08-10 18:00:00+00:00,772.72,773.3,772.325,773.2,100290.0,1666.0,772.706907
2026-08-10 19:00:00+00:00,773.21,773.43,772.33,773.02,284493.0,3716.0,772.847683
2026-08-10 20:00:00+00:00,772.82,772.82,772.82,772.82,80.0,1.0,772.82
2026-08-11 12:00:00+00:00,774.44,774.47,774.06,774.06,584.0,8.0,774.374616
2026-08-11 13:00:00+00:00,774.515,774.53,772.59,773.63,121649.0,1886.0,773.241189
2026-08-11 14:00:00+00:00,773.55,774.03,773.21,773.64,163348.0,2949.0,773.677564
2026-08-11 15:00:00+00:00,773.655,773.79,771.765,772.01,140466.0,2359.0,772.421806
2026-08-11 16:00:00+00:00,772.11,772.435,771.08,771.125,102309.0,1890.0,771.797915
2026-08-11 17:00:00+00:00,771.2,771.34,770.3,771.245,83356.0,1690.0,770.901908
2026-08-11 18:00:00+00:00,771.19,771.19,769.415,770.09,106750.0,1946.0,770.277468
2026-08-11 19:00:00+00:00,770.09,771.09,769.8,770.52,285649.0,4165.0,770.322529
2026-08-11 20:00:00+00:00,770.65,770.65,770.57,770.57,1580.0,2.0,770.645949
2026-08-12 12:00:00+00:00,772.72,773.29,772.29,773.05,2106.0,21.0,772.863715
2026-08-12 13:00:00+00:00,774.73,774.74,772.095,772.65,179792.0,2278.0,772.994362
2026-08-12 14:00:00+00:00,772.62,773.305,771.3,772.22,197214.0,3107.0,772.420545
2026-08-12 15:00:00+00:00,772.225,772.44,771.575,772.01,119027.0,2178.0,772.001975
2026-08-12 16:00:00+00:00,772.015,773.19,771.97,772.96,76652.0,1727.0,772.576839
2026-08-12 17:00:00+00:00,772.9,773.285,772.635,772.835,72282.0,1436.0,772.886748
2026-08-12 18:00:00+00:00,772.84,773.63,772.78,773.08,91970.0,1991.0,773.227829
2026-08-12 19:00:00+00:00,773.035,773.36,772.01,772.54,292576.0,4623.0,772.631227
2026-08-12 20:00:00+00:00,772.56,772.56,772.51,772.51,1598.0,2.0,772.544418
2026-08-13 12:00:00+00:00,774.42,774.42,774.05,774.05,180.0,2.0,774.214444
2026-08-13 13:00:00+00:00,774.72,777.67,774.19,777.595,130228.0,1908.0,776.318077
2026-08-13 14:00:00+00:00,777.61,779.37,777.4,777.76,220093.0,3259.0,778.490133
2026-08-13 15:00:00+00:00,777.775,778.19,775.4,775.49,205693.0,2911.0,776.551911
2026-08-13 16:00:00+00:00,775.475,776.8,775.475,776.7,81119.0,1444.0,776.240679
2026-08-13 17:00:00+00:00,776.72,777.46,776.62,776.745,59035.0,1109.0,776.993316
2026-08-13 18:00:00+00:00,776.75,777.915,776.675,777.76,121787.0,2009.0,777.205544
2026-08-13 19:00:00+00:00,777.72,778.41,777.35,777.84,391453.0,5220.0,777.81303
2026-08-13 20:00:00+00:00,777.88,777.88,777.85,777.86,200.0,5.0,777.864359
2026-08-14 12:00:00+00:00,778.31,778.8,778.3,778.79,4814.0,43.0,778.774638
2026-08-14 13:00:00+00:00,778.505,778.585,777.69,778.43,145712.0,2063.0,778.164714
2026-08-14 14:00:00+00:00,778.275,778.78,776.74,776.76,179026.0,2805.0,777.605854
2026-08-14 15:00:00+00:00,776.76,777.1,775.83,776.22,258321.0,3332.0,776.257504
2026-08-14 16:00:00+00:00,776.245,776.81,775.675,775.725,128704.0,2140.0,776.409551
2026-08-14 17:00:00+00:00,775.71,776.125,775.44,775.86,81649.0,1564.0,775.743397
2026-08-14 18:00:00+00:00,775.84,776.49,775.76,776.16,113316.0,1832.0,776.132806
2026-08-14 19:00:00+00:00,776.2,776.4,775.87,776.3,333083.0,4413.0,776.123948
2026-08-14 20:00:00+00:00,776.03,776.13,776.03,776.03,5018.0,9.0,776.068626
